Query	Hit type	PSSM-ID	From	To	E-Value	Bitscore	Accession	Short name	Incomplete	Superfamily	SignalP_secretion_signal
Q#1 - WP_037637305.1	specific	200478	374	911	1.04713e-123	380.446	cd11339	AmyAc_bac_CMD_like_2	 - 	cl38930	Yes
Q#1 - WP_037637305.1	specific	367491	162	264	7.06119e-36	131.069	pfam03423	CBM_25	 - 	cl23798	Yes
Q#1 - WP_037637305.1	specific	367491	54	155	3.1242e-23	95.2454	pfam03423	CBM_25	 - 	cl23798	Yes
Q#1 - WP_037637305.1	superfamily	476817	415	651	9.619520000000001e-18	87.1269	cl38930	AmyAc_family superfamily	C	 - 	Yes
Q#1 - WP_037637305.1	specific	238020	269	343	5.81732e-05	42.8687	cd00063	FN3	 - 	cl21522	Yes
Q#2 - WP_133898225.1	superfamily	273974	929	1779	0.0	983.547	cl37055	pullul_strch superfamily	 - 	 - 	Yes
Q#2 - WP_133898225.1	specific	200478	47	516	1.13494e-140	438.996	cd11339	AmyAc_bac_CMD_like_2	 - 	cl38930	Yes
Q#2 - WP_133898225.1	specific	461022	716	812	5.70449e-31	117.857	pfam03714	PUD	 - 	cl47835	Yes
Q#2 - WP_133898225.1	specific	199215	823	912	2.54724e-27	107.418	cd10315	CBM41_pullulanase	 - 	cl47018	Yes
Q#2 - WP_133898225.1	specific	426991	529	604	7.00283e-05	43.4822	pfam02806	Alpha-amylase_C	 - 	cl02706	Yes
Q#3 - WP_425337727.1	superfamily	476817	53	450	6.34362e-113	351.17	cl38930	AmyAc_family superfamily	 - 	 - 	Yes
Q#3 - WP_425337727.1	specific	199215	750	842	3.50996e-29	112.04	cd10315	CBM41_pullulanase	 - 	cl47018	Yes
Q#3 - WP_425337727.1	specific	465594	857	966	1.6827900000000003e-24	98.8465	pfam17967	Pullulanase_N2	 - 	cl40248	Yes
Q#3 - WP_425337727.1	specific	461022	653	732	6.98463e-17	76.6408	pfam03714	PUD	 - 	cl47835	Yes
Q#3 - WP_425337727.1	superfamily	215246	134	305	8.88025e-05	46.5892	cl33494	PLN02447 superfamily	NC	 - 	Yes
Q#3 - WP_425337727.1	superfamily	237052	428	543	0.00192824	42.1958	cl36104	PRK12313 superfamily	N	 - 	Yes
Q#4 - WP_121829962.1	specific	200456	34	375	6.86287e-169	482.063	cd11317	AmyAc_bac_euk_AmyA	 - 	cl38930	Yes
Q#4 - WP_121829962.1	specific	99883	469	563	1.97067e-44	152.518	cd05808	CBM20_alpha_amylase	 - 	cl15347	Yes
Q#4 - WP_121829962.1	specific	214749	381	457	2.82648e-32	118.88	smart00632	Aamy_C	 - 	cl02706	Yes
Q#5 - WP_093722352.1	superfamily	273974	944	1792	0.0	1020.91	cl37055	pullul_strch superfamily	 - 	 - 	Yes
Q#5 - WP_093722352.1	specific	200478	61	527	1.0478399999999999e-147	458.641	cd11339	AmyAc_bac_CMD_like_2	 - 	cl38930	Yes
Q#5 - WP_093722352.1	specific	461022	731	827	1.17179e-32	122.48	pfam03714	PUD	 - 	cl47835	Yes
Q#5 - WP_093722352.1	specific	461022	839	931	6.72483e-31	117.472	pfam03714	PUD	 - 	cl47835	Yes
Q#5 - WP_093722352.1	specific	426991	546	616	1.54214e-05	45.023	pfam02806	Alpha-amylase_C	 - 	cl02706	Yes
Q#6 - WP_142172534.1	specific	200456	41	382	4.87685e-170	485.144	cd11317	AmyAc_bac_euk_AmyA	 - 	cl38930	Yes
Q#6 - WP_142172534.1	specific	99883	479	572	1.33204e-40	142.118	cd05808	CBM20_alpha_amylase	 - 	cl15347	Yes
Q#6 - WP_142172534.1	specific	214749	388	464	1.81104e-30	113.872	smart00632	Aamy_C	 - 	cl02706	Yes
Q#7 - WP_107423266.1	superfamily	273974	939	1787	0.0	1007.04	cl37055	pullul_strch superfamily	 - 	 - 	Yes
Q#7 - WP_107423266.1	specific	200478	49	524	4.86144e-144	448.626	cd11339	AmyAc_bac_CMD_like_2	 - 	cl38930	Yes
Q#7 - WP_107423266.1	specific	461022	726	818	5.20448e-32	120.554	pfam03714	PUD	 - 	cl47835	Yes
Q#7 - WP_107423266.1	specific	199215	833	926	5.05752e-30	115.122	cd10315	CBM41_pullulanase	 - 	cl47018	Yes
Q#8 - WP_200682425.1	specific	200456	43	395	1.70444e-144	424.283	cd11317	AmyAc_bac_euk_AmyA	 - 	cl38930	Yes
Q#8 - WP_200682425.1	superfamily	449530	599	691	8.73069e-36	129.792	cl15347	CBM20 superfamily	 - 	 - 	Yes
Q#8 - WP_200682425.1	superfamily	449530	497	590	4.9690900000000004e-33	122.088	cl15347	CBM20 superfamily	 - 	 - 	Yes
Q#8 - WP_200682425.1	specific	214749	402	477	1.24922e-10	58.0181	smart00632	Aamy_C	 - 	cl02706	Yes
Q#9 - WP_150480468.1	superfamily	273974	952	1797	0.0	1014.75	cl37055	pullul_strch superfamily	 - 	 - 	Yes
Q#9 - WP_150480468.1	specific	200478	61	530	7.54857e-147	456.33	cd11339	AmyAc_bac_CMD_like_2	 - 	cl38930	Yes
Q#9 - WP_150480468.1	specific	199215	734	833	5.8138e-35	129.374	cd10315	CBM41_pullulanase	 - 	cl47018	Yes
Q#9 - WP_150480468.1	specific	199215	843	934	6.3172e-32	120.515	cd10315	CBM41_pullulanase	 - 	cl47018	Yes
Q#9 - WP_150480468.1	specific	426991	545	619	0.000259381	41.5562	pfam02806	Alpha-amylase_C	 - 	cl02706	Yes
Q#10 - WP_194277969.1	specific	200456	32	373	5.3555600000000006e-176	495.545	cd11317	AmyAc_bac_euk_AmyA	 - 	cl38930	Yes
Q#10 - WP_194277969.1	specific	214749	379	453	5.04222e-27	103.472	smart00632	Aamy_C	 - 	cl02706	Yes
Q#11 - WP_180989517.1	specific	200478	61	527	1.69337e-149	438.611	cd11339	AmyAc_bac_CMD_like_2	 - 	cl38930	Yes
Q#11 - WP_180989517.1	specific	426991	542	617	2.81217e-06	46.1786	pfam02806	Alpha-amylase_C	 - 	cl02706	Yes
Q#12 - WP_030859230.1	superfamily	273974	949	1799	0.0	997.799	cl37055	pullul_strch superfamily	 - 	 - 	Yes
Q#12 - WP_030859230.1	specific	200478	61	530	8.17579e-144	447.855	cd11339	AmyAc_bac_CMD_like_2	 - 	cl38930	Yes
Q#12 - WP_030859230.1	specific	199215	735	834	6.71597e-33	123.211	cd10315	CBM41_pullulanase	 - 	cl47018	Yes
Q#12 - WP_030859230.1	specific	461022	844	936	4.1518200000000005e-30	115.161	pfam03714	PUD	 - 	cl47835	Yes
Q#12 - WP_030859230.1	specific	214749	539	618	2.10337e-05	44.5361	smart00632	Aamy_C	 - 	cl02706	Yes
Q#13 - WP_142233157.1	specific	200456	32	373	8.031020000000001e-166	469.736	cd11317	AmyAc_bac_euk_AmyA	 - 	cl38930	Yes
Q#13 - WP_142233157.1	specific	214749	379	453	1.0464499999999999e-27	105.398	smart00632	Aamy_C	 - 	cl02706	Yes
Q#14 - WP_240499344.1	superfamily	476817	32	203	1.17188e-84	253.254	cl38930	AmyAc_family superfamily	C	 - 	Yes
Q#15 - WP_182468867.1	superfamily	273974	40	878	0.0	956.583	cl37055	pullul_strch superfamily	 - 	 - 	Yes
Q#16 - WP_073769449.1	specific	200456	39	381	1.2834800000000001e-174	496.7	cd11317	AmyAc_bac_euk_AmyA	 - 	cl38930	Yes
Q#16 - WP_073769449.1	specific	99883	477	572	9.033849999999999e-43	148.281	cd05808	CBM20_alpha_amylase	 - 	cl15347	Yes
Q#16 - WP_073769449.1	specific	214749	387	463	5.62682e-30	112.716	smart00632	Aamy_C	 - 	cl02706	Yes
Q#17 - WP_073766750.1	specific	200456	33	364	4.23421e-145	416.964	cd11317	AmyAc_bac_euk_AmyA	 - 	cl38930	Yes
Q#17 - WP_073766750.1	specific	214749	371	450	1.51485e-28	107.324	smart00632	Aamy_C	 - 	cl02706	Yes
Q#18 - WP_030314233.1	specific	200456	35	376	1.4417699999999998e-167	478.981	cd11317	AmyAc_bac_euk_AmyA	 - 	cl38930	Yes
Q#18 - WP_030314233.1	specific	99883	477	571	1.48621e-50	169.082	cd05808	CBM20_alpha_amylase	 - 	cl15347	Yes
Q#18 - WP_030314233.1	specific	214749	382	458	1.54173e-29	111.176	smart00632	Aamy_C	 - 	cl02706	Yes
Q#19 - WP_030412448.1	specific	200456	37	368	1.55232e-155	443.928	cd11317	AmyAc_bac_euk_AmyA	 - 	cl38930	Yes
Q#19 - WP_030412448.1	specific	214749	374	455	4.94861e-32	116.954	smart00632	Aamy_C	 - 	cl02706	Yes
Q#20 - WP_190200522.1	superfamily	273974	952	1796	0.0	987.399	cl37055	pullul_strch superfamily	 - 	 - 	Yes
Q#20 - WP_190200522.1	specific	200478	61	530	2.3823e-139	435.914	cd11339	AmyAc_bac_CMD_like_2	 - 	cl38930	Yes
Q#20 - WP_190200522.1	specific	199215	734	833	1.05908e-33	125.522	cd10315	CBM41_pullulanase	 - 	cl47018	Yes
Q#20 - WP_190200522.1	specific	199215	842	935	1.02359e-28	111.27	cd10315	CBM41_pullulanase	 - 	cl47018	Yes
Q#20 - WP_190200522.1	specific	426991	545	620	0.000958616	40.0154	pfam02806	Alpha-amylase_C	 - 	cl02706	Yes
Q#21 - WP_133898224.1	specific	200456	37	378	2.25651e-171	488.226	cd11317	AmyAc_bac_euk_AmyA	 - 	cl38930	Yes
Q#21 - WP_133898224.1	specific	99883	473	567	2.5550500000000003e-44	152.133	cd05808	CBM20_alpha_amylase	 - 	cl15347	Yes
Q#21 - WP_133898224.1	specific	214749	384	460	5.97577e-28	106.938	smart00632	Aamy_C	 - 	cl02706	Yes
Q#22 - WP_109499207.1	specific	200456	41	392	1.41133e-142	419.275	cd11317	AmyAc_bac_euk_AmyA	 - 	cl38930	Yes
Q#22 - WP_109499207.1	superfamily	449530	595	687	6.84732e-36	130.177	cl15347	CBM20 superfamily	 - 	 - 	Yes
Q#22 - WP_109499207.1	superfamily	449530	493	586	2.18015e-32	120.547	cl15347	CBM20 superfamily	 - 	 - 	Yes
Q#22 - WP_109499207.1	specific	214749	398	474	6.51449e-13	64.5665	smart00632	Aamy_C	 - 	cl02706	Yes
Q#23 - WP_057662236.1	specific	200456	39	380	1.5740199999999998e-169	483.989	cd11317	AmyAc_bac_euk_AmyA	 - 	cl38930	Yes
Q#23 - WP_057662236.1	specific	99883	480	575	2.9534e-44	152.133	cd05808	CBM20_alpha_amylase	 - 	cl15347	Yes
Q#23 - WP_057662236.1	specific	214749	386	462	1.14064e-28	108.864	smart00632	Aamy_C	 - 	cl02706	Yes
Q#24 - WP_115745516.1	specific	200478	365	902	7.394660000000001e-120	370.045	cd11339	AmyAc_bac_CMD_like_2	 - 	cl38930	Yes
Q#24 - WP_115745516.1	specific	367491	151	255	3.72281e-49	169.204	pfam03423	CBM_25	 - 	cl23798	Yes
Q#24 - WP_115745516.1	specific	198134	50	125	1.79391e-22	92.4192	smart01066	CBM_25	 - 	cl23798	Yes
Q#24 - WP_115745516.1	superfamily	476817	406	642	4.05572e-16	82.1193	cl38930	AmyAc_family superfamily	C	 - 	Yes
Q#24 - WP_115745516.1	specific	238020	260	329	2.25567e-06	46.7207	cd00063	FN3	 - 	cl21522	Yes
Q#25 - WP_129260632.1	specific	200478	363	900	4.8487900000000004e-119	368.119	cd11339	AmyAc_bac_CMD_like_2	 - 	cl38930	Yes
Q#25 - WP_129260632.1	specific	367491	150	253	2.7571900000000002e-33	123.75	pfam03423	CBM_25	 - 	cl23798	Yes
Q#25 - WP_129260632.1	specific	367491	48	142	5.0142600000000003e-23	94.475	pfam03423	CBM_25	 - 	cl23798	Yes
Q#25 - WP_129260632.1	superfamily	182849	404	635	9.34792e-13	72.0883	cl32612	PRK10933 superfamily	C	 - 	Yes
Q#25 - WP_129260632.1	specific	238020	258	332	2.84039e-08	52.1135	cd00063	FN3	 - 	cl21522	Yes
Q#26 - WP_093691786.1	specific	200456	39	380	4.6779e-176	500.552	cd11317	AmyAc_bac_euk_AmyA	 - 	cl38930	Yes
Q#26 - WP_093691786.1	specific	99883	481	574	4.68418e-44	151.748	cd05808	CBM20_alpha_amylase	 - 	cl15347	Yes
Q#26 - WP_093691786.1	specific	214749	386	462	6.70007e-31	115.028	smart00632	Aamy_C	 - 	cl02706	Yes
Q#27 - WP_098897002.1	specific	200478	369	906	1.869e-118	366.578	cd11339	AmyAc_bac_CMD_like_2	 - 	cl38930	Yes
Q#27 - WP_098897002.1	specific	367491	158	259	8.09898e-35	128.373	pfam03423	CBM_25	 - 	cl23798	Yes
Q#27 - WP_098897002.1	superfamily	476817	410	646	1.26544e-27	116.528	cl38930	AmyAc_family superfamily	C	 - 	Yes
Q#27 - WP_098897002.1	specific	198134	53	128	2.37926e-20	86.256	smart01066	CBM_25	 - 	cl23798	Yes
Q#27 - WP_098897002.1	superfamily	442628	106	361	3.91032e-11	66.9496	cl27307	FN3 superfamily	C	 - 	Yes
Q#28 - WP_189598482.1	specific	200478	366	903	1.25837e-118	366.964	cd11339	AmyAc_bac_CMD_like_2	 - 	cl38930	Yes
Q#28 - WP_189598482.1	specific	367491	152	256	2.17061e-43	152.64	pfam03423	CBM_25	 - 	cl23798	Yes
Q#28 - WP_189598482.1	specific	198134	46	126	5.322530000000001e-23	93.5748	smart01066	CBM_25	 - 	cl23798	Yes
Q#28 - WP_189598482.1	superfamily	476817	407	643	1.48602e-14	77.1117	cl38930	AmyAc_family superfamily	C	 - 	Yes
Q#28 - WP_189598482.1	superfamily	442628	256	384	4.38317e-13	73.1128	cl27307	FN3 superfamily	NC	 - 	Yes
Q#29 - WP_126271515.1	specific	200456	35	376	8.52016e-164	464.729	cd11317	AmyAc_bac_euk_AmyA	 - 	cl38930	Yes
Q#29 - WP_126271515.1	specific	214749	382	456	5.73255e-27	103.086	smart00632	Aamy_C	 - 	cl02706	Yes
Q#30 - WP_169085476.1	superfamily	273974	906	1760	0.0	1019.37	cl37055	pullul_strch superfamily	 - 	 - 	Yes
Q#30 - WP_169085476.1	specific	200478	49	509	7.337199999999999e-144	447.855	cd11339	AmyAc_bac_CMD_like_2	 - 	cl38930	Yes
Q#30 - WP_169085476.1	specific	199215	801	893	1.2567100000000001e-30	116.663	cd10315	CBM41_pullulanase	 - 	cl47018	Yes
Q#30 - WP_169085476.1	specific	199215	707	792	1.89155e-17	79.2985	cd10315	CBM41_pullulanase	 - 	cl47018	Yes
Q#31 - WP_217237113.1	specific	200456	35	376	5.6681300000000005e-160	455.099	cd11317	AmyAc_bac_euk_AmyA	 - 	cl38930	Yes
Q#31 - WP_217237113.1	specific	214749	382	456	4.50701e-26	100.775	smart00632	Aamy_C	 - 	cl02706	Yes
Q#32 - WP_010637457.1	specific	200456	34	375	8.52638e-173	492.078	cd11317	AmyAc_bac_euk_AmyA	 - 	cl38930	Yes
Q#32 - WP_010637457.1	specific	99883	472	565	3.8674099999999995e-43	149.052	cd05808	CBM20_alpha_amylase	 - 	cl15347	Yes
Q#32 - WP_010637457.1	specific	214749	381	457	8.5774e-31	114.642	smart00632	Aamy_C	 - 	cl02706	Yes
Q#33 - WP_200711631.1	superfamily	273974	946	1799	0.0	998.184	cl37055	pullul_strch superfamily	 - 	 - 	Yes
Q#33 - WP_200711631.1	specific	200478	61	530	8.82511e-149	461.337	cd11339	AmyAc_bac_CMD_like_2	 - 	cl38930	Yes
Q#33 - WP_200711631.1	specific	461022	733	829	1.16266e-31	119.783	pfam03714	PUD	 - 	cl47835	Yes
Q#33 - WP_200711631.1	specific	199215	841	933	8.27581e-29	111.655	cd10315	CBM41_pullulanase	 - 	cl47018	Yes
Q#33 - WP_200711631.1	specific	426991	549	617	1.89806e-06	47.7194	pfam02806	Alpha-amylase_C	 - 	cl02706	Yes
Q#34 - WP_210977286.1	superfamily	273974	948	1802	0.0	998.955	cl37055	pullul_strch superfamily	 - 	 - 	Yes
Q#34 - WP_210977286.1	specific	200478	61	530	3.30722e-145	451.707	cd11339	AmyAc_bac_CMD_like_2	 - 	cl38930	Yes
Q#34 - WP_210977286.1	specific	199215	734	833	1.32784e-33	125.522	cd10315	CBM41_pullulanase	 - 	cl47018	Yes
Q#34 - WP_210977286.1	specific	199215	842	935	1.32444e-31	119.744	cd10315	CBM41_pullulanase	 - 	cl47018	Yes
Q#34 - WP_210977286.1	specific	214749	539	617	0.000216412	41.4545	smart00632	Aamy_C	 - 	cl02706	Yes
Q#35 - WP_031040439.1	superfamily	273974	946	1799	0.0	1025.53	cl37055	pullul_strch superfamily	 - 	 - 	Yes
Q#35 - WP_031040439.1	specific	200478	61	528	1.48378e-148	460.952	cd11339	AmyAc_bac_CMD_like_2	 - 	cl38930	Yes
Q#35 - WP_031040439.1	specific	461022	733	829	3.66434e-33	124.02	pfam03714	PUD	 - 	cl47835	Yes
Q#35 - WP_031040439.1	specific	199215	840	933	4.71833e-31	118.204	cd10315	CBM41_pullulanase	 - 	cl47018	Yes
Q#35 - WP_031040439.1	superfamily	445893	537	615	0.00912971	36.8321	cl02706	Malt_amylase_C superfamily	 - 	 - 	Yes
Q#36 - WP_010037049.1	specific	200456	32	373	8.20843e-166	469.736	cd11317	AmyAc_bac_euk_AmyA	 - 	cl38930	Yes
Q#36 - WP_010037049.1	specific	214749	379	453	1.39696e-28	107.709	smart00632	Aamy_C	 - 	cl02706	Yes
Q#37 - WP_103530170.1	specific	200456	39	380	2.39209e-171	488.611	cd11317	AmyAc_bac_euk_AmyA	 - 	cl38930	Yes
Q#37 - WP_103530170.1	specific	99883	480	575	1.18066e-41	145.2	cd05808	CBM20_alpha_amylase	 - 	cl15347	Yes
Q#37 - WP_103530170.1	specific	214749	386	462	7.022820000000001e-29	109.635	smart00632	Aamy_C	 - 	cl02706	Yes
Q#38 - WP_164237461.1	superfamily	273974	916	1771	0.0	983.932	cl37055	pullul_strch superfamily	 - 	 - 	Yes
Q#38 - WP_164237461.1	specific	200478	52	514	4.45799e-148	459.411	cd11339	AmyAc_bac_CMD_like_2	 - 	cl38930	Yes
Q#38 - WP_164237461.1	specific	461022	812	902	2.23427e-25	101.679	pfam03714	PUD	 - 	cl47835	Yes
Q#38 - WP_164237461.1	specific	199215	716	796	2.68139e-13	67.3573	cd10315	CBM41_pullulanase	 - 	cl47018	Yes
Q#38 - WP_164237461.1	superfamily	476817	140	239	0.000111412	46.7192	cl38930	AmyAc_family superfamily	C	 - 	Yes
Q#39 - WP_190145881.1	superfamily	273974	48	880	0.0	924.226	cl37055	pullul_strch superfamily	 - 	 - 	Yes
Q#40 - WP_030747621.1	specific	200456	34	375	8.40867e-162	463.958	cd11317	AmyAc_bac_euk_AmyA	 - 	cl38930	Yes
Q#40 - WP_030747621.1	specific	99883	471	565	8.64774e-47	158.682	cd05808	CBM20_alpha_amylase	 - 	cl15347	Yes
Q#40 - WP_030747621.1	specific	214749	381	457	7.91944e-31	115.028	smart00632	Aamy_C	 - 	cl02706	Yes
Q#41 - WP_030618896.1	specific	200456	44	395	6.58277e-140	412.342	cd11317	AmyAc_bac_euk_AmyA	 - 	cl38930	Yes
Q#41 - WP_030618896.1	superfamily	449530	597	689	2.18921e-35	129.021	cl15347	CBM20 superfamily	 - 	 - 	Yes
Q#41 - WP_030618896.1	superfamily	449530	497	588	5.39982e-32	119.391	cl15347	CBM20 superfamily	 - 	 - 	Yes
Q#41 - WP_030618896.1	specific	214749	402	476	2.43965e-11	59.9441	smart00632	Aamy_C	 - 	cl02706	Yes
Q#42 - WP_030116727.1	specific	200478	369	906	1.46329e-116	361.571	cd11339	AmyAc_bac_CMD_like_2	 - 	cl38930	Yes
Q#42 - WP_030116727.1	specific	367491	155	259	1.01251e-34	127.987	pfam03423	CBM_25	 - 	cl23798	Yes
Q#42 - WP_030116727.1	superfamily	476817	410	646	3.6459300000000002e-28	118.069	cl38930	AmyAc_family superfamily	C	 - 	Yes
Q#42 - WP_030116727.1	specific	198134	53	128	6.941279999999999e-20	84.7152	smart01066	CBM_25	 - 	cl23798	Yes
Q#42 - WP_030116727.1	superfamily	442628	182	359	3.58818e-11	66.9496	cl27307	FN3 superfamily	NC	 - 	Yes
Q#43 - WP_126271514.1	superfamily	273974	945	1799	0.0	1010.9	cl37055	pullul_strch superfamily	 - 	 - 	Yes
Q#43 - WP_126271514.1	specific	200478	61	527	2.18511e-148	460.567	cd11339	AmyAc_bac_CMD_like_2	 - 	cl38930	Yes
Q#43 - WP_126271514.1	specific	461022	732	828	4.0774300000000004e-33	124.02	pfam03714	PUD	 - 	cl47835	Yes
Q#43 - WP_126271514.1	specific	199215	839	932	5.35325e-31	117.818	cd10315	CBM41_pullulanase	 - 	cl47018	Yes
Q#43 - WP_126271514.1	specific	426991	546	616	0.000159318	42.3266	pfam02806	Alpha-amylase_C	 - 	cl02706	Yes
Q#43 - WP_126271514.1	superfamily	481241	582	761	0.00348688	42.1703	cl46901	PRK12323 superfamily	NC	 - 	Yes
Q#44 - WP_416385403.1	superfamily	273974	51	873	0.0	961.205	cl37055	pullul_strch superfamily	 - 	 - 	Yes
Q#45 - WP_010057706.1	specific	200456	39	380	2.5397e-173	493.619	cd11317	AmyAc_bac_euk_AmyA	 - 	cl38930	Yes
Q#45 - WP_010057706.1	specific	99883	481	576	4.16753e-43	149.052	cd05808	CBM20_alpha_amylase	 - 	cl15347	Yes
Q#45 - WP_010057706.1	specific	214749	386	462	2.9348299999999997e-31	116.183	smart00632	Aamy_C	 - 	cl02706	Yes
Q#46 - WP_200682424.1	superfamily	273974	946	1799	0.0	982.006	cl37055	pullul_strch superfamily	 - 	 - 	Yes
Q#46 - WP_200682424.1	specific	200478	61	530	2.59818e-148	460.182	cd11339	AmyAc_bac_CMD_like_2	 - 	cl38930	Yes
Q#46 - WP_200682424.1	specific	199215	732	831	2.15399e-33	124.752	cd10315	CBM41_pullulanase	 - 	cl47018	Yes
Q#46 - WP_200682424.1	specific	199215	840	933	4.5317300000000003e-29	112.426	cd10315	CBM41_pullulanase	 - 	cl47018	Yes
Q#46 - WP_200682424.1	specific	214749	539	615	1.59359e-07	50.3141	smart00632	Aamy_C	 - 	cl02706	Yes
Q#47 - WP_150469145.1	specific	200456	41	381	2.3921900000000002e-170	485.915	cd11317	AmyAc_bac_euk_AmyA	 - 	cl38930	Yes
Q#47 - WP_150469145.1	specific	99883	477	570	2.12995e-47	160.608	cd05808	CBM20_alpha_amylase	 - 	cl15347	Yes
Q#47 - WP_150469145.1	specific	214749	387	463	1.37258e-28	108.479	smart00632	Aamy_C	 - 	cl02706	Yes
Q#48 - WP_084996000.1	superfamily	273974	919	1774	0.0	983.547	cl37055	pullul_strch superfamily	 - 	 - 	Yes
Q#48 - WP_084996000.1	specific	200478	52	514	9.36998e-149	460.952	cd11339	AmyAc_bac_CMD_like_2	 - 	cl38930	Yes
Q#48 - WP_084996000.1	specific	199215	814	905	1.7220100000000001e-26	105.107	cd10315	CBM41_pullulanase	 - 	cl47018	Yes
Q#48 - WP_084996000.1	superfamily	476817	140	239	0.00916466	40.556	cl38930	AmyAc_family superfamily	C	 - 	Yes
Q#49 - WP_109499208.1	specific	200456	35	376	8.76305e-166	470.122	cd11317	AmyAc_bac_euk_AmyA	 - 	cl38930	Yes
Q#49 - WP_109499208.1	specific	214749	382	456	2.4480599999999998e-27	104.242	smart00632	Aamy_C	 - 	cl02706	Yes
Q#50 - WP_150519887.1	specific	200456	38	379	6.53526e-171	487.456	cd11317	AmyAc_bac_euk_AmyA	 - 	cl38930	Yes
Q#50 - WP_150519887.1	specific	99883	476	570	4.5007e-45	154.444	cd05808	CBM20_alpha_amylase	 - 	cl15347	Yes
Q#50 - WP_150519887.1	specific	214749	385	461	5.1421300000000004e-30	112.716	smart00632	Aamy_C	 - 	cl02706	Yes
Q#51 - WP_098024062.1	superfamily	273974	916	1769	0.0	975.843	cl37055	pullul_strch superfamily	 - 	 - 	Yes
Q#51 - WP_098024062.1	specific	200478	52	514	2.91411e-145	451.707	cd11339	AmyAc_bac_CMD_like_2	 - 	cl38930	Yes
Q#51 - WP_098024062.1	specific	199215	811	902	4.00285e-27	107.033	cd10315	CBM41_pullulanase	 - 	cl47018	Yes
Q#51 - WP_098024062.1	specific	199215	716	796	1.22595e-14	71.2093	cd10315	CBM41_pullulanase	 - 	cl47018	Yes
Q#52 - WP_167538311.1	superfamily	273974	42	876	0.0	967.754	cl37055	pullul_strch superfamily	 - 	 - 	Yes
Q#53 - WP_162468176.1	superfamily	273974	947	1799	0.0	1032.08	cl37055	pullul_strch superfamily	 - 	 - 	Yes
Q#53 - WP_162468176.1	specific	200478	61	529	4.90208e-146	454.019	cd11339	AmyAc_bac_CMD_like_2	 - 	cl38930	Yes
Q#53 - WP_162468176.1	specific	461022	734	830	2.53086e-32	121.709	pfam03714	PUD	 - 	cl47835	Yes
Q#53 - WP_162468176.1	specific	461022	842	934	2.97949e-29	112.85	pfam03714	PUD	 - 	cl47835	Yes
Q#53 - WP_162468176.1	specific	214749	538	616	8.68911e-05	42.6101	smart00632	Aamy_C	 - 	cl02706	Yes
Q#54 - WP_014045542.1	superfamily	273974	916	1770	0.0	969.68	cl37055	pullul_strch superfamily	 - 	 - 	Yes
Q#54 - WP_014045542.1	specific	200478	53	512	5.60003e-143	445.544	cd11339	AmyAc_bac_CMD_like_2	 - 	cl38930	Yes
Q#54 - WP_014045542.1	specific	461022	812	900	1.55724e-28	110.924	pfam03714	PUD	 - 	cl47835	Yes
Q#54 - WP_014045542.1	specific	461022	715	795	4.04335e-16	75.4852	pfam03714	PUD	 - 	cl47835	Yes
Q#54 - WP_014045542.1	superfamily	442628	439	873	0.00404531	41.9116	cl27307	FN3 superfamily	 - 	 - 	Yes
Q#55 - WP_189307633.1	specific	200456	33	374	1.6308099999999999e-167	474.359	cd11317	AmyAc_bac_euk_AmyA	 - 	cl38930	Yes
Q#55 - WP_189307633.1	specific	214749	381	454	3.6352e-28	106.553	smart00632	Aamy_C	 - 	cl02706	Yes
Q#56 - WP_014049424.1	specific	200456	37	368	6.84076e-148	424.283	cd11317	AmyAc_bac_euk_AmyA	 - 	cl38930	Yes
Q#56 - WP_014049424.1	specific	214749	374	457	1.10033e-33	121.576	smart00632	Aamy_C	 - 	cl02706	Yes
Q#57 - WP_109166026.1	specific	200456	40	381	2.56474e-175	498.626	cd11317	AmyAc_bac_euk_AmyA	 - 	cl38930	Yes
Q#57 - WP_109166026.1	specific	99883	479	574	5.895029999999999e-45	154.059	cd05808	CBM20_alpha_amylase	 - 	cl15347	Yes
Q#57 - WP_109166026.1	specific	214749	387	463	3.42529e-30	113.102	smart00632	Aamy_C	 - 	cl02706	Yes
Q#58 - WP_044381148.1	superfamily	273974	950	1800	0.0	1021.3	cl37055	pullul_strch superfamily	 - 	 - 	Yes
Q#58 - WP_044381148.1	specific	200478	61	530	6.67027e-145	450.937	cd11339	AmyAc_bac_CMD_like_2	 - 	cl38930	Yes
Q#58 - WP_044381148.1	specific	199215	734	833	2.39814e-33	124.752	cd10315	CBM41_pullulanase	 - 	cl47018	Yes
Q#58 - WP_044381148.1	specific	199215	845	936	3.74842e-33	123.982	cd10315	CBM41_pullulanase	 - 	cl47018	Yes
Q#58 - WP_044381148.1	superfamily	465521	501	732	9.83159e-06	50.3435	cl39316	DUF5585 superfamily	C	 - 	Yes
Q#59 - WP_094218176.1	superfamily	273974	945	1798	0.0	1034.78	cl37055	pullul_strch superfamily	 - 	 - 	Yes
Q#59 - WP_094218176.1	specific	200478	61	527	1.0493999999999999e-148	461.337	cd11339	AmyAc_bac_CMD_like_2	 - 	cl38930	Yes
Q#59 - WP_094218176.1	specific	461022	732	828	6.24471e-32	120.554	pfam03714	PUD	 - 	cl47835	Yes
Q#59 - WP_094218176.1	specific	199215	839	932	8.04285e-30	114.737	cd10315	CBM41_pullulanase	 - 	cl47018	Yes
Q#59 - WP_094218176.1	specific	214749	536	614	4.12846e-05	43.3805	smart00632	Aamy_C	 - 	cl02706	Yes
Q#59 - WP_094218176.1	superfamily	476817	151	320	0.00097941	43.9093	cl38930	AmyAc_family superfamily	NC	 - 	Yes
Q#60 - WP_062718796.1	superfamily	273974	950	1806	0.0	1014.36	cl37055	pullul_strch superfamily	 - 	 - 	Yes
Q#60 - WP_062718796.1	specific	200478	61	530	1.41599e-146	455.559	cd11339	AmyAc_bac_CMD_like_2	 - 	cl38930	Yes
Q#60 - WP_062718796.1	specific	461022	735	831	7.19841e-34	125.946	pfam03714	PUD	 - 	cl47835	Yes
Q#60 - WP_062718796.1	specific	461022	845	937	1.45841e-30	116.702	pfam03714	PUD	 - 	cl47835	Yes
Q#60 - WP_062718796.1	specific	426991	542	619	3.35645e-05	44.2526	pfam02806	Alpha-amylase_C	 - 	cl02706	Yes
Q#61 - WP_145869704.1	specific	200456	32	373	3.23281e-179	504.019	cd11317	AmyAc_bac_euk_AmyA	 - 	cl38930	Yes
Q#61 - WP_145869704.1	specific	214749	379	453	3.50064e-27	103.857	smart00632	Aamy_C	 - 	cl02706	Yes
Q#62 - WP_005478441.1	superfamily	273974	952	1805	0.0	1006.66	cl37055	pullul_strch superfamily	 - 	 - 	Yes
Q#62 - WP_005478441.1	specific	200478	64	533	1.0612e-143	447.855	cd11339	AmyAc_bac_CMD_like_2	 - 	cl38930	Yes
Q#62 - WP_005478441.1	specific	461022	739	835	3.3268e-29	112.85	pfam03714	PUD	 - 	cl47835	Yes
Q#62 - WP_005478441.1	specific	199215	847	939	4.12453e-28	109.729	cd10315	CBM41_pullulanase	 - 	cl47018	Yes
Q#62 - WP_005478441.1	specific	214749	542	620	3.33977e-05	43.7657	smart00632	Aamy_C	 - 	cl02706	Yes
Q#63 - WP_150490114.1	superfamily	273974	915	1767	0.0	1006.66	cl37055	pullul_strch superfamily	 - 	 - 	Yes
Q#63 - WP_150490114.1	specific	200478	52	513	4.9586e-143	445.544	cd11339	AmyAc_bac_CMD_like_2	 - 	cl38930	Yes
Q#63 - WP_150490114.1	specific	461022	811	901	8.77357e-29	111.309	pfam03714	PUD	 - 	cl47835	Yes
Q#63 - WP_150490114.1	specific	199215	715	800	3.08537e-17	78.5281	cd10315	CBM41_pullulanase	 - 	cl47018	Yes
Q#64 - WP_030548623.1	specific	200456	41	382	8.89342e-177	502.478	cd11317	AmyAc_bac_euk_AmyA	 - 	cl38930	Yes
Q#64 - WP_030548623.1	specific	99883	479	573	1.90346e-47	160.608	cd05808	CBM20_alpha_amylase	 - 	cl15347	Yes
Q#64 - WP_030548623.1	specific	214749	388	464	2.93804e-29	110.405	smart00632	Aamy_C	 - 	cl02706	Yes
Q#65 - WP_073722313.1	superfamily	273974	948	1803	0.0	1029.0	cl37055	pullul_strch superfamily	 - 	 - 	Yes
Q#65 - WP_073722313.1	specific	200478	61	530	1.24692e-145	452.863	cd11339	AmyAc_bac_CMD_like_2	 - 	cl38930	Yes
Q#65 - WP_073722313.1	specific	199215	734	833	8.09735e-34	125.908	cd10315	CBM41_pullulanase	 - 	cl47018	Yes
Q#65 - WP_073722313.1	specific	199215	843	935	5.37111e-32	120.9	cd10315	CBM41_pullulanase	 - 	cl47018	Yes
Q#65 - WP_073722313.1	specific	214749	539	617	3.92678e-07	49.1585	smart00632	Aamy_C	 - 	cl02706	Yes
Q#66 - WP_176143476.1	specific	200456	40	381	1.6094399999999999e-173	494.004	cd11317	AmyAc_bac_euk_AmyA	 - 	cl38930	Yes
Q#66 - WP_176143476.1	specific	99883	482	577	6.22842e-44	151.363	cd05808	CBM20_alpha_amylase	 - 	cl15347	Yes
Q#66 - WP_176143476.1	specific	214749	387	463	4.96243e-29	110.02	smart00632	Aamy_C	 - 	cl02706	Yes
Q#67 - WP_042173505.1	superfamily	273974	961	1809	0.0	1011.67	cl37055	pullul_strch superfamily	 - 	 - 	Yes
Q#67 - WP_042173505.1	specific	200478	65	534	1.9017800000000002e-141	441.692	cd11339	AmyAc_bac_CMD_like_2	 - 	cl38930	Yes
Q#67 - WP_042173505.1	specific	199215	743	842	1.71788e-33	125.137	cd10315	CBM41_pullulanase	 - 	cl47018	Yes
Q#67 - WP_042173505.1	specific	461022	852	944	6.40193e-30	114.776	pfam03714	PUD	 - 	cl47835	Yes
Q#67 - WP_042173505.1	specific	426991	549	628	0.00166896	39.245	pfam02806	Alpha-amylase_C	 - 	cl02706	Yes
Q#68 - WP_189892347.1	specific	200456	33	374	2.8284500000000004e-178	501.708	cd11317	AmyAc_bac_euk_AmyA	 - 	cl38930	Yes
Q#68 - WP_189892347.1	specific	214749	380	454	2.63304e-27	104.242	smart00632	Aamy_C	 - 	cl02706	Yes
Q#69 - WP_185014810.1	specific	200456	32	373	5.679069999999999e-175	493.234	cd11317	AmyAc_bac_euk_AmyA	 - 	cl38930	Yes
Q#69 - WP_185014810.1	specific	214749	379	453	9.680950000000001e-29	108.094	smart00632	Aamy_C	 - 	cl02706	Yes
Q#70 - WP_241746120.1	superfamily	273974	44	880	0.0	938.093	cl37055	pullul_strch superfamily	 - 	 - 	Yes
Q#71 - WP_268257552.1	specific	200478	61	527	1.44077e-150	449.011	cd11339	AmyAc_bac_CMD_like_2	 - 	cl38930	Yes
Q#71 - WP_268257552.1	specific	461022	732	828	6.34705e-31	116.702	pfam03714	PUD	 - 	cl47835	Yes
Q#71 - WP_268257552.1	specific	199215	840	932	1.22821e-29	113.196	cd10315	CBM41_pullulanase	 - 	cl47018	Yes
Q#71 - WP_268257552.1	superfamily	476817	151	320	6.36144e-05	46.6057	cl38930	AmyAc_family superfamily	NC	 - 	Yes
Q#71 - WP_268257552.1	specific	214749	536	613	0.000247075	40.6841	smart00632	Aamy_C	 - 	cl02706	Yes
Q#72 - WP_161270022.1	superfamily	273974	948	1802	0.0	1001.65	cl37055	pullul_strch superfamily	 - 	 - 	Yes
Q#72 - WP_161270022.1	specific	200478	61	530	5.50093e-144	448.626	cd11339	AmyAc_bac_CMD_like_2	 - 	cl38930	Yes
Q#72 - WP_161270022.1	specific	199215	734	833	6.473130000000001e-34	126.293	cd10315	CBM41_pullulanase	 - 	cl47018	Yes
Q#72 - WP_161270022.1	specific	199215	842	934	1.32444e-31	119.744	cd10315	CBM41_pullulanase	 - 	cl47018	Yes
Q#72 - WP_161270022.1	specific	426991	549	618	0.000193987	41.9414	pfam02806	Alpha-amylase_C	 - 	cl02706	Yes
Q#73 - WP_084996615.1	specific	200478	367	904	3.95021e-120	371.201	cd11339	AmyAc_bac_CMD_like_2	 - 	cl38930	Yes
Q#73 - WP_084996615.1	specific	367491	153	257	2.36021e-36	132.61	pfam03423	CBM_25	 - 	cl23798	Yes
Q#73 - WP_084996615.1	superfamily	476817	408	644	2.2548300000000002e-26	112.676	cl38930	AmyAc_family superfamily	C	 - 	Yes
Q#73 - WP_084996615.1	specific	367491	58	147	1.3524400000000001e-18	81.7635	pfam03423	CBM_25	 - 	cl23798	Yes
Q#73 - WP_084996615.1	superfamily	442628	257	443	1.50139e-11	68.4904	cl27307	FN3 superfamily	N	 - 	Yes
Q#74 - WP_030325431.1	superfamily	273974	950	1799	0.0	1002.81	cl37055	pullul_strch superfamily	 - 	 - 	Yes
Q#74 - WP_030325431.1	specific	200478	61	528	2.09787e-148	460.567	cd11339	AmyAc_bac_CMD_like_2	 - 	cl38930	Yes
Q#74 - WP_030325431.1	specific	199215	732	825	2.3248600000000002e-32	121.67	cd10315	CBM41_pullulanase	 - 	cl47018	Yes
Q#74 - WP_030325431.1	specific	461022	841	933	4.31401e-31	118.242	pfam03714	PUD	 - 	cl47835	Yes
Q#74 - WP_030325431.1	specific	426991	543	617	0.00328233	38.4746	pfam02806	Alpha-amylase_C	 - 	cl02706	Yes
Q#75 - WP_093767895.1	specific	200456	32	373	0.0	509.412	cd11317	AmyAc_bac_euk_AmyA	 - 	cl38930	Yes
Q#75 - WP_093767895.1	specific	214749	379	453	5.6403e-29	108.864	smart00632	Aamy_C	 - 	cl02706	Yes
Q#76 - WP_171156925.1	superfamily	273974	945	1798	0.0	1010.51	cl37055	pullul_strch superfamily	 - 	 - 	Yes
Q#76 - WP_171156925.1	specific	200478	61	526	7.86269e-147	456.33	cd11339	AmyAc_bac_CMD_like_2	 - 	cl38930	Yes
Q#76 - WP_171156925.1	specific	199215	731	830	1.1882900000000001e-32	122.826	cd10315	CBM41_pullulanase	 - 	cl47018	Yes
Q#76 - WP_171156925.1	specific	199215	839	932	1.10778e-30	117.048	cd10315	CBM41_pullulanase	 - 	cl47018	Yes
Q#76 - WP_171156925.1	specific	214749	536	613	2.43054e-05	44.1509	smart00632	Aamy_C	 - 	cl02706	Yes
Q#77 - WP_161378854.1	specific	200456	41	382	2.17545e-176	501.323	cd11317	AmyAc_bac_euk_AmyA	 - 	cl38930	Yes
Q#77 - WP_161378854.1	specific	99883	480	573	2.41304e-41	144.429	cd05808	CBM20_alpha_amylase	 - 	cl15347	Yes
Q#77 - WP_161378854.1	specific	214749	388	464	3.58089e-30	113.102	smart00632	Aamy_C	 - 	cl02706	Yes
Q#78 - WP_030630919.1	specific	200456	35	372	7.35493e-156	444.698	cd11317	AmyAc_bac_euk_AmyA	 - 	cl38930	Yes
Q#78 - WP_030630919.1	specific	214749	378	458	6.488399999999999e-28	105.783	smart00632	Aamy_C	 - 	cl02706	Yes
Q#79 - WP_031093814.1	superfamily	273974	913	1767	0.0	1002.42	cl37055	pullul_strch superfamily	 - 	 - 	Yes
Q#79 - WP_031093814.1	specific	200478	52	511	4.925e-148	459.026	cd11339	AmyAc_bac_CMD_like_2	 - 	cl38930	Yes
Q#79 - WP_031093814.1	specific	199215	808	899	3.66158e-29	112.811	cd10315	CBM41_pullulanase	 - 	cl47018	Yes
Q#79 - WP_031093814.1	specific	199215	713	794	9.2513e-17	77.3725	cd10315	CBM41_pullulanase	 - 	cl47018	Yes
Q#79 - WP_031093814.1	superfamily	476817	142	304	1.64447e-05	49.6873	cl38930	AmyAc_family superfamily	NC	 - 	Yes
Q#80 - WP_194293898.1	specific	200456	33	374	2.0323900000000002e-176	496.7	cd11317	AmyAc_bac_euk_AmyA	 - 	cl38930	Yes
Q#80 - WP_194293898.1	specific	214749	381	454	4.7834e-28	106.168	smart00632	Aamy_C	 - 	cl02706	Yes
Q#81 - WP_164435332.1	specific	200456	41	392	1.53853e-143	421.586	cd11317	AmyAc_bac_euk_AmyA	 - 	cl38930	Yes
Q#81 - WP_164435332.1	superfamily	449530	593	685	1.52665e-36	132.103	cl15347	CBM20 superfamily	 - 	 - 	Yes
Q#81 - WP_164435332.1	superfamily	449530	491	584	2.24611e-33	123.243	cl15347	CBM20 superfamily	 - 	 - 	Yes
Q#81 - WP_164435332.1	specific	214749	399	473	8.45159e-13	64.1813	smart00632	Aamy_C	 - 	cl02706	Yes
Q#82 - WP_098024416.1	specific	200478	368	905	2.85373e-118	366.193	cd11339	AmyAc_bac_CMD_like_2	 - 	cl38930	Yes
Q#82 - WP_098024416.1	specific	367491	155	258	2.3693200000000002e-32	121.054	pfam03423	CBM_25	 - 	cl23798	Yes
Q#82 - WP_098024416.1	superfamily	476817	409	645	1.57357e-26	113.446	cl38930	AmyAc_family superfamily	C	 - 	Yes
Q#82 - WP_098024416.1	specific	198134	50	128	4.6787899999999996e-21	88.182	smart01066	CBM_25	 - 	cl23798	Yes
Q#82 - WP_098024416.1	superfamily	442628	161	360	1.15339e-10	65.4088	cl27307	FN3 superfamily	NC	 - 	Yes
Q#83 - WP_268257527.1	specific	200478	57	485	8.346619999999999e-125	367.349	cd11339	AmyAc_bac_CMD_like_2	 - 	cl38930	Yes
Q#84 - WP_189595772.1	superfamily	273974	949	1799	0.0	1020.14	cl37055	pullul_strch superfamily	 - 	 - 	Yes
Q#84 - WP_189595772.1	specific	200478	61	530	4.42604e-146	454.019	cd11339	AmyAc_bac_CMD_like_2	 - 	cl38930	Yes
Q#84 - WP_189595772.1	specific	199215	735	834	2.19872e-33	124.752	cd10315	CBM41_pullulanase	 - 	cl47018	Yes
Q#84 - WP_189595772.1	specific	199215	843	936	2.19124e-30	116.278	cd10315	CBM41_pullulanase	 - 	cl47018	Yes
Q#84 - WP_189595772.1	specific	426991	549	621	3.9509e-05	43.8674	pfam02806	Alpha-amylase_C	 - 	cl02706	Yes
Q#85 - WP_019432960.1(Warning: this sequence record may be obsolete or preliminary)	specific	200456	39	382	2.8267999999999997e-178	501.708	cd11317	AmyAc_bac_euk_AmyA	 - 	cl38930	Yes
Q#85 - WP_019432960.1(Warning: this sequence record may be obsolete or preliminary)	specific	214749	388	464	8.65478e-28	105.398	smart00632	Aamy_C	 - 	cl02706	Yes
Q#86 - WP_030755217.1	specific	200456	34	375	5.53892e-171	487.456	cd11317	AmyAc_bac_euk_AmyA	 - 	cl38930	Yes
Q#86 - WP_030755217.1	specific	99883	478	569	7.707409999999999e-49	164.46	cd05808	CBM20_alpha_amylase	 - 	cl15347	Yes
Q#86 - WP_030755217.1	specific	214749	381	440	3.83513e-23	93.4564	smart00632	Aamy_C	C	cl02706	Yes
Q#87 - WP_037883005.1	specific	200478	364	901	3.9646200000000003e-119	368.504	cd11339	AmyAc_bac_CMD_like_2	 - 	cl38930	Yes
Q#87 - WP_037883005.1	specific	367491	150	254	4.89441e-33	122.98	pfam03423	CBM_25	 - 	cl23798	Yes
Q#87 - WP_037883005.1	superfamily	476817	405	641	6.20271e-25	108.439	cl38930	AmyAc_family superfamily	C	 - 	Yes
Q#87 - WP_037883005.1	specific	367491	48	142	2.67119e-22	92.549	pfam03423	CBM_25	 - 	cl23798	Yes
Q#87 - WP_037883005.1	superfamily	442628	250	440	3.87833e-09	60.4012	cl27307	FN3 superfamily	N	 - 	Yes
Q#88 - WP_029182012.1	superfamily	273974	916	1769	0.0	963.902	cl37055	pullul_strch superfamily	 - 	 - 	Yes
Q#88 - WP_029182012.1	specific	200478	52	514	3.65449e-149	462.108	cd11339	AmyAc_bac_CMD_like_2	 - 	cl38930	Yes
Q#88 - WP_029182012.1	specific	199215	811	902	2.10811e-26	104.722	cd10315	CBM41_pullulanase	 - 	cl47018	Yes
Q#88 - WP_029182012.1	superfamily	476817	140	239	0.00476461	41.3264	cl38930	AmyAc_family superfamily	C	 - 	Yes
Q#89 - WP_075200348.1	superfamily	273974	46	884	0.0	946.953	cl37055	pullul_strch superfamily	 - 	 - 	Yes
Q#90 - WP_031153205.1	specific	200456	37	383	3.62015e-171	487.841	cd11317	AmyAc_bac_euk_AmyA	 - 	cl38930	Yes
Q#90 - WP_031153205.1	specific	99883	477	569	2.5677e-45	154.83	cd05808	CBM20_alpha_amylase	 - 	cl15347	Yes
Q#90 - WP_031153205.1	specific	214749	390	465	3.8761599999999998e-31	115.798	smart00632	Aamy_C	 - 	cl02706	Yes
Q#91 - WP_190225152.1	superfamily	273974	906	1760	0.0	1004.73	cl37055	pullul_strch superfamily	 - 	 - 	Yes
Q#91 - WP_190225152.1	specific	200478	49	509	7.26321e-144	447.855	cd11339	AmyAc_bac_CMD_like_2	 - 	cl38930	Yes
Q#91 - WP_190225152.1	specific	199215	801	893	8.59289e-30	114.352	cd10315	CBM41_pullulanase	 - 	cl47018	Yes
Q#91 - WP_190225152.1	specific	199215	707	791	2.93751e-16	75.8317	cd10315	CBM41_pullulanase	 - 	cl47018	Yes
Q#92 - WP_175432185.1	specific	200456	31	372	2.49159e-175	494.004	cd11317	AmyAc_bac_euk_AmyA	 - 	cl38930	Yes
Q#92 - WP_175432185.1	specific	214749	378	452	4.7014899999999995e-27	103.472	smart00632	Aamy_C	 - 	cl02706	Yes
Q#93 - WP_015660914.1	specific	200456	43	394	3.82595e-137	405.408	cd11317	AmyAc_bac_euk_AmyA	 - 	cl38930	Yes
Q#93 - WP_015660914.1	superfamily	449530	596	688	7.7398e-36	130.177	cl15347	CBM20 superfamily	 - 	 - 	Yes
Q#93 - WP_015660914.1	superfamily	449530	494	587	4.82873e-33	122.088	cl15347	CBM20 superfamily	 - 	 - 	Yes
Q#93 - WP_015660914.1	specific	214749	400	475	2.41135e-12	63.0257	smart00632	Aamy_C	 - 	cl02706	Yes
Q#94 - WP_057665635.1	specific	200456	35	372	1.0213100000000001e-154	441.617	cd11317	AmyAc_bac_euk_AmyA	 - 	cl38930	Yes
Q#94 - WP_057665635.1	specific	214749	378	458	3.7477999999999996e-28	106.553	smart00632	Aamy_C	 - 	cl02706	Yes
Q#95 - WP_215214555.1	specific	200456	32	373	3.75054e-180	506.33	cd11317	AmyAc_bac_euk_AmyA	 - 	cl38930	Yes
Q#95 - WP_215214555.1	specific	214749	379	453	1.2876500000000001e-28	107.709	smart00632	Aamy_C	 - 	cl02706	Yes
Q#96 - WP_063735712.1	specific	200456	37	378	1.64649e-170	482.063	cd11317	AmyAc_bac_euk_AmyA	 - 	cl38930	Yes
Q#96 - WP_063735712.1	specific	214749	384	460	6.06213e-31	114.257	smart00632	Aamy_C	 - 	cl02706	Yes
Q#97 - WP_030859231.1	specific	200456	32	373	0.0	511.338	cd11317	AmyAc_bac_euk_AmyA	 - 	cl38930	Yes
Q#97 - WP_030859231.1	specific	214749	379	453	6.430219999999999e-27	103.086	smart00632	Aamy_C	 - 	cl02706	Yes
Q#98 - WP_223284034.1	specific	200456	42	388	6.54839e-156	453.173	cd11317	AmyAc_bac_euk_AmyA	 - 	cl38930	Yes
Q#98 - WP_223284034.1	specific	99883	591	683	2.9499699999999997e-45	156.37	cd05808	CBM20_alpha_amylase	 - 	cl15347	Yes
Q#98 - WP_223284034.1	specific	214749	395	481	3.62033e-33	121.961	smart00632	Aamy_C	 - 	cl02706	Yes
Q#98 - WP_223284034.1	specific	367491	487	583	6.457670000000001e-24	96.401	pfam03423	CBM_25	 - 	cl23798	Yes
Q#99 - WP_037805315.1	specific	200478	61	530	2.14944e-146	447.085	cd11339	AmyAc_bac_CMD_like_2	 - 	cl38930	Yes
Q#99 - WP_037805315.1	superfamily	273974	949	1319	1.5329299999999999e-116	386.488	cl37055	pullul_strch superfamily	C	 - 	Yes
Q#99 - WP_037805315.1	specific	199215	735	834	2.3552e-34	127.063	cd10315	CBM41_pullulanase	 - 	cl47018	Yes
Q#99 - WP_037805315.1	specific	199215	843	935	1.55841e-30	116.278	cd10315	CBM41_pullulanase	 - 	cl47018	Yes
Q#99 - WP_037805315.1	specific	214749	539	618	4.06893e-05	42.9953	smart00632	Aamy_C	 - 	cl02706	Yes
Q#100 - WP_015576906.1	superfamily	273974	913	1767	0.0	972.761	cl37055	pullul_strch superfamily	 - 	 - 	Yes
Q#100 - WP_015576906.1	specific	200478	52	511	1.9745299999999998e-144	449.396	cd11339	AmyAc_bac_CMD_like_2	 - 	cl38930	Yes
Q#100 - WP_015576906.1	specific	199215	808	899	2.0628e-27	107.803	cd10315	CBM41_pullulanase	 - 	cl47018	Yes
Q#100 - WP_015576906.1	specific	199215	713	798	1.69104e-16	76.6021	cd10315	CBM41_pullulanase	 - 	cl47018	Yes
Q#100 - WP_015576906.1	superfamily	476817	142	304	0.000110583	46.9909	cl38930	AmyAc_family superfamily	NC	 - 	Yes
Q#101 - WP_145825408.1	superfamily	273974	949	1799	0.0	994.333	cl37055	pullul_strch superfamily	 - 	 - 	Yes
Q#101 - WP_145825408.1	specific	200478	61	530	5.913369999999999e-144	448.241	cd11339	AmyAc_bac_CMD_like_2	 - 	cl38930	Yes
Q#101 - WP_145825408.1	specific	199215	736	834	2.18334e-35	130.53	cd10315	CBM41_pullulanase	 - 	cl47018	Yes
Q#101 - WP_145825408.1	specific	199215	843	936	1.3998900000000002e-29	113.966	cd10315	CBM41_pullulanase	 - 	cl47018	Yes
Q#101 - WP_145825408.1	specific	426991	544	620	0.000344624	41.171	pfam02806	Alpha-amylase_C	 - 	cl02706	Yes
Q#102 - WP_190100735.1	specific	200478	365	902	8.35775e-121	372.742	cd11339	AmyAc_bac_CMD_like_2	 - 	cl38930	Yes
Q#102 - WP_190100735.1	specific	367491	151	255	1.67681e-40	144.551	pfam03423	CBM_25	 - 	cl23798	Yes
Q#102 - WP_190100735.1	specific	198134	45	125	1.7371400000000002e-23	95.1155	smart01066	CBM_25	 - 	cl23798	Yes
Q#102 - WP_190100735.1	superfamily	476817	406	642	9.84249e-15	77.7844	cl38930	AmyAc_family superfamily	C	 - 	Yes
Q#102 - WP_190100735.1	superfamily	442628	255	369	1.573e-11	68.1052	cl27307	FN3 superfamily	NC	 - 	Yes
Q#103 - WP_200711630.1	specific	200456	43	395	1.24805e-146	429.676	cd11317	AmyAc_bac_euk_AmyA	 - 	cl38930	Yes
Q#103 - WP_200711630.1	superfamily	449530	598	690	1.39627e-35	129.406	cl15347	CBM20 superfamily	 - 	 - 	Yes
Q#103 - WP_200711630.1	superfamily	449530	496	589	8.66257e-32	118.621	cl15347	CBM20 superfamily	 - 	 - 	Yes
Q#103 - WP_200711630.1	specific	214749	402	477	5.93956e-11	58.7885	smart00632	Aamy_C	 - 	cl02706	Yes
Q#104 - WP_189851082.1	specific	200456	34	375	1.17702e-170	482.063	cd11317	AmyAc_bac_euk_AmyA	 - 	cl38930	Yes
Q#104 - WP_189851082.1	specific	214749	382	457	3.73542e-20	84.2116	smart00632	Aamy_C	 - 	cl02706	Yes
Q#105 - WP_010037051.1	superfamily	273974	960	1810	0.0	1007.43	cl37055	pullul_strch superfamily	 - 	 - 	Yes
Q#105 - WP_010037051.1	specific	200478	61	530	1.72029e-144	449.781	cd11339	AmyAc_bac_CMD_like_2	 - 	cl38930	Yes
Q#105 - WP_010037051.1	specific	199215	746	845	2.0491e-34	127.834	cd10315	CBM41_pullulanase	 - 	cl47018	Yes
Q#105 - WP_010037051.1	specific	199215	854	947	6.35727e-31	117.818	cd10315	CBM41_pullulanase	 - 	cl47018	Yes
Q#105 - WP_010037051.1	specific	426991	545	619	0.000378615	41.171	pfam02806	Alpha-amylase_C	 - 	cl02706	Yes
Q#106 - WP_190146663.1	specific	200456	37	368	1.7064e-158	451.247	cd11317	AmyAc_bac_euk_AmyA	 - 	cl38930	Yes
Q#106 - WP_190146663.1	specific	214749	374	454	3.90566e-29	109.25	smart00632	Aamy_C	 - 	cl02706	Yes
Q#107 - WP_037639181.1	superfamily	273974	957	1799	0.0	988.169	cl37055	pullul_strch superfamily	 - 	 - 	Yes
Q#107 - WP_037639181.1	specific	200478	61	530	5.78636e-145	451.322	cd11339	AmyAc_bac_CMD_like_2	 - 	cl38930	Yes
Q#107 - WP_037639181.1	specific	199215	738	834	2.26242e-33	124.752	cd10315	CBM41_pullulanase	 - 	cl47018	Yes
Q#107 - WP_037639181.1	specific	199215	843	936	1.02672e-30	117.048	cd10315	CBM41_pullulanase	 - 	cl47018	Yes
Q#107 - WP_037639181.1	specific	426991	544	620	0.000862506	40.4006	pfam02806	Alpha-amylase_C	 - 	cl02706	Yes
Q#108 - WP_030341030.1	superfamily	273974	946	1799	0.0	1021.3	cl37055	pullul_strch superfamily	 - 	 - 	Yes
Q#108 - WP_030341030.1	specific	200478	62	528	1.08274e-145	453.248	cd11339	AmyAc_bac_CMD_like_2	 - 	cl38930	Yes
Q#108 - WP_030341030.1	specific	461022	733	829	1.4558400000000002e-32	122.094	pfam03714	PUD	 - 	cl47835	Yes
Q#108 - WP_030341030.1	specific	199215	840	932	3.16755e-30	115.892	cd10315	CBM41_pullulanase	 - 	cl47018	Yes
Q#108 - WP_030341030.1	specific	426991	547	617	0.00096967	40.0154	pfam02806	Alpha-amylase_C	 - 	cl02706	Yes
Q#109 - WP_037927187.1	specific	200456	37	383	6.59474e-171	487.07	cd11317	AmyAc_bac_euk_AmyA	 - 	cl38930	Yes
Q#109 - WP_037927187.1	specific	99883	477	569	1.22203e-44	152.904	cd05808	CBM20_alpha_amylase	 - 	cl15347	Yes
Q#109 - WP_037927187.1	specific	214749	390	465	1.7327999999999998e-28	108.479	smart00632	Aamy_C	 - 	cl02706	Yes
Q#110 - WP_106983241.1	superfamily	273974	933	1782	0.0	969.68	cl37055	pullul_strch superfamily	 - 	 - 	Yes
Q#110 - WP_106983241.1	specific	200478	49	518	6.55603e-143	445.159	cd11339	AmyAc_bac_CMD_like_2	 - 	cl38930	Yes
Q#110 - WP_106983241.1	specific	461022	720	812	1.69711e-31	119.398	pfam03714	PUD	 - 	cl47835	Yes
Q#110 - WP_106983241.1	specific	199215	828	920	6.55113e-29	112.04	cd10315	CBM41_pullulanase	 - 	cl47018	Yes
Q#111 - WP_159708098.1	superfamily	273974	949	1803	0.0	1001.65	cl37055	pullul_strch superfamily	 - 	 - 	Yes
Q#111 - WP_159708098.1	specific	200478	66	530	6.0864e-137	428.981	cd11339	AmyAc_bac_CMD_like_2	 - 	cl38930	Yes
Q#111 - WP_159708098.1	specific	199215	734	833	3.49955e-32	121.285	cd10315	CBM41_pullulanase	 - 	cl47018	Yes
Q#111 - WP_159708098.1	specific	199215	843	935	3.56112e-30	115.507	cd10315	CBM41_pullulanase	 - 	cl47018	Yes
Q#111 - WP_159708098.1	superfamily	476817	154	322	0.000612037	44.2945	cl38930	AmyAc_family superfamily	NC	 - 	Yes
Q#111 - WP_159708098.1	specific	214749	544	616	0.00346259	37.9877	smart00632	Aamy_C	 - 	cl02706	Yes
Q#112 - WP_093550792.1	specific	200478	365	902	1.05669e-115	359.26	cd11339	AmyAc_bac_CMD_like_2	 - 	cl38930	Yes
Q#112 - WP_093550792.1	specific	367491	156	253	1.98943e-34	127.217	pfam03423	CBM_25	 - 	cl23798	Yes
Q#112 - WP_093550792.1	specific	198134	44	124	2.72168e-22	91.6488	smart01066	CBM_25	 - 	cl23798	Yes
Q#112 - WP_093550792.1	superfamily	476817	406	642	1.48706e-14	77.1117	cl38930	AmyAc_family superfamily	C	 - 	Yes
Q#112 - WP_093550792.1	specific	238020	260	330	5.37472e-05	42.8687	cd00063	FN3	 - 	cl21522	Yes
Q#113 - WP_073747580.1	superfamily	273974	913	1765	0.0	978.925	cl37055	pullul_strch superfamily	 - 	 - 	Yes
Q#113 - WP_073747580.1	specific	200478	52	511	8.397989999999999e-147	455.559	cd11339	AmyAc_bac_CMD_like_2	 - 	cl38930	Yes
Q#113 - WP_073747580.1	specific	199215	808	899	6.305730000000001e-28	108.959	cd10315	CBM41_pullulanase	 - 	cl47018	Yes
Q#113 - WP_073747580.1	specific	199215	713	798	3.74366e-17	78.5281	cd10315	CBM41_pullulanase	 - 	cl47018	Yes
Q#114 - WP_217237114.1	superfamily	273974	944	1792	0.0	996.644	cl37055	pullul_strch superfamily	 - 	 - 	Yes
Q#114 - WP_217237114.1	specific	200478	61	526	3.17874e-147	457.1	cd11339	AmyAc_bac_CMD_like_2	 - 	cl38930	Yes
Q#114 - WP_217237114.1	specific	461022	731	827	4.56836e-33	123.635	pfam03714	PUD	 - 	cl47835	Yes
Q#114 - WP_217237114.1	specific	461022	839	931	1.6446099999999998e-31	119.398	pfam03714	PUD	 - 	cl47835	Yes
Q#114 - WP_217237114.1	specific	426991	541	615	2.58662e-05	44.6378	pfam02806	Alpha-amylase_C	 - 	cl02706	Yes
Q#115 - WP_053190729.1	specific	200456	36	377	1.6074700000000002e-164	466.655	cd11317	AmyAc_bac_euk_AmyA	 - 	cl38930	Yes
Q#115 - WP_053190729.1	specific	214749	383	457	1.23994e-27	105.012	smart00632	Aamy_C	 - 	cl02706	Yes
Q#116 - WP_206306411.1	specific	200456	32	373	3.1713099999999998e-173	488.611	cd11317	AmyAc_bac_euk_AmyA	 - 	cl38930	Yes
Q#116 - WP_206306411.1	specific	214749	380	453	7.5425799999999995e-25	97.3084	smart00632	Aamy_C	 - 	cl02706	Yes
Q#117 - WP_189853059.1	specific	200478	365	902	7.28403e-124	380.446	cd11339	AmyAc_bac_CMD_like_2	 - 	cl38930	Yes
Q#117 - WP_189853059.1	specific	367491	152	255	2.28215e-34	126.832	pfam03423	CBM_25	 - 	cl23798	Yes
Q#117 - WP_189853059.1	specific	367491	51	150	1.10562e-22	93.7046	pfam03423	CBM_25	 - 	cl23798	Yes
Q#117 - WP_189853059.1	superfamily	476817	406	642	1.36233e-16	83.2749	cl38930	AmyAc_family superfamily	C	 - 	Yes
Q#117 - WP_189853059.1	specific	238020	260	334	1.0744e-06	47.8763	cd00063	FN3	 - 	cl21522	Yes
Q#118 - WP_152369935.1	superfamily	273974	906	1760	0.0	1008.58	cl37055	pullul_strch superfamily	 - 	 - 	Yes
Q#118 - WP_152369935.1	specific	200478	49	509	1.80263e-145	452.093	cd11339	AmyAc_bac_CMD_like_2	 - 	cl38930	Yes
Q#118 - WP_152369935.1	specific	199215	801	894	1.15987e-28	111.27	cd10315	CBM41_pullulanase	 - 	cl47018	Yes
Q#118 - WP_152369935.1	specific	199215	706	791	5.36657e-16	75.0613	cd10315	CBM41_pullulanase	 - 	cl47018	Yes
Q#119 - WP_100452971.1	superfamily	273974	46	888	0.0	952.346	cl37055	pullul_strch superfamily	 - 	 - 	Yes
Q#120 - WP_255285740.1	superfamily	273974	904	1756	0.0	975.458	cl37055	pullul_strch superfamily	 - 	 - 	Yes
Q#120 - WP_255285740.1	specific	200478	39	500	1.09299e-145	452.478	cd11339	AmyAc_bac_CMD_like_2	 - 	cl38930	Yes
Q#120 - WP_255285740.1	specific	199215	799	888	8.40011e-28	108.959	cd10315	CBM41_pullulanase	 - 	cl47018	Yes
Q#120 - WP_255285740.1	specific	461022	703	780	7.78721e-16	74.7148	pfam03714	PUD	 - 	cl47835	Yes
Q#121 - WP_107066945.1	superfamily	273974	930	1780	0.0	991.636	cl37055	pullul_strch superfamily	 - 	 - 	Yes
Q#121 - WP_107066945.1	specific	200478	48	517	7.31868e-144	447.855	cd11339	AmyAc_bac_CMD_like_2	 - 	cl38930	Yes
Q#121 - WP_107066945.1	specific	461022	717	813	2.35551e-30	115.931	pfam03714	PUD	 - 	cl47835	Yes
Q#121 - WP_107066945.1	specific	199215	824	913	4.88383e-27	106.648	cd10315	CBM41_pullulanase	 - 	cl47018	Yes
Q#121 - WP_107066945.1	superfamily	237795	510	602	0.00340603	42.2793	cl36416	PRK14706 superfamily	N	 - 	Yes
Q#122 - WP_037876474.1	specific	200456	39	380	2.2240299999999998e-173	493.619	cd11317	AmyAc_bac_euk_AmyA	 - 	cl38930	Yes
Q#122 - WP_037876474.1	specific	99883	480	575	7.26639e-45	153.674	cd05808	CBM20_alpha_amylase	 - 	cl15347	Yes
Q#122 - WP_037876474.1	specific	214749	386	462	6.18729e-30	112.331	smart00632	Aamy_C	 - 	cl02706	Yes
Q#123 - WP_208624836.1	specific	200456	32	373	3.18282e-172	486.3	cd11317	AmyAc_bac_euk_AmyA	 - 	cl38930	Yes
Q#123 - WP_208624836.1	specific	214749	379	453	1.19786e-24	96.9232	smart00632	Aamy_C	 - 	cl02706	Yes
Q#124 - WP_053194651.1	superfamily	273974	906	1760	0.0	977.384	cl37055	pullul_strch superfamily	 - 	 - 	Yes
Q#124 - WP_053194651.1	specific	200478	49	509	2.57501e-145	451.707	cd11339	AmyAc_bac_CMD_like_2	 - 	cl38930	Yes
Q#124 - WP_053194651.1	specific	461022	802	894	1.37948e-28	110.924	pfam03714	PUD	 - 	cl47835	Yes
Q#124 - WP_053194651.1	specific	199215	706	792	1.3093e-16	76.9873	cd10315	CBM41_pullulanase	 - 	cl47018	Yes
Q#124 - WP_053194651.1	specific	426991	522	594	0.00543962	38.0894	pfam02806	Alpha-amylase_C	 - 	cl02706	Yes
Q#125 - WP_240436107.1	superfamily	273974	940	1792	0.0	1025.15	cl37055	pullul_strch superfamily	 - 	 - 	Yes
Q#125 - WP_240436107.1	specific	200478	55	522	1.83517e-148	460.567	cd11339	AmyAc_bac_CMD_like_2	 - 	cl38930	Yes
Q#125 - WP_240436107.1	specific	461022	727	823	7.941510000000001e-33	122.865	pfam03714	PUD	 - 	cl47835	Yes
Q#125 - WP_240436107.1	specific	199215	835	927	4.3894000000000005e-30	115.122	cd10315	CBM41_pullulanase	 - 	cl47018	Yes
Q#125 - WP_240436107.1	specific	214749	531	609	0.000173574	41.8397	smart00632	Aamy_C	 - 	cl02706	Yes
Q#126 - WP_150490113.1	specific	200456	39	381	7.620130000000001e-170	484.759	cd11317	AmyAc_bac_euk_AmyA	 - 	cl38930	Yes
Q#126 - WP_150490113.1	specific	99883	483	578	2.73925e-44	152.133	cd05808	CBM20_alpha_amylase	 - 	cl15347	Yes
Q#126 - WP_150490113.1	specific	214749	387	463	2.6078399999999997e-31	116.183	smart00632	Aamy_C	 - 	cl02706	Yes
Q#127 - WP_031148670.1	specific	200456	34	375	1.0349499999999999e-169	483.989	cd11317	AmyAc_bac_euk_AmyA	 - 	cl38930	Yes
Q#127 - WP_031148670.1	specific	99883	472	566	5.412060000000001e-44	151.363	cd05808	CBM20_alpha_amylase	 - 	cl15347	Yes
Q#127 - WP_031148670.1	specific	214749	381	440	1.25828e-23	94.612	smart00632	Aamy_C	C	cl02706	Yes
Q#128 - WP_030341033.1	specific	200456	33	374	4.70629e-167	473.203	cd11317	AmyAc_bac_euk_AmyA	 - 	cl38930	Yes
Q#128 - WP_030341033.1	specific	214749	381	454	3.25049e-28	106.553	smart00632	Aamy_C	 - 	cl02706	Yes
Q#129 - WP_189996457.1	superfamily	273974	945	1796	0.0	1007.81	cl37055	pullul_strch superfamily	 - 	 - 	Yes
Q#129 - WP_189996457.1	specific	200478	61	526	6.62894e-148	459.026	cd11339	AmyAc_bac_CMD_like_2	 - 	cl38930	Yes
Q#129 - WP_189996457.1	specific	461022	732	828	1.98526e-33	124.791	pfam03714	PUD	 - 	cl47835	Yes
Q#129 - WP_189996457.1	specific	199215	840	931	4.62727e-32	120.9	cd10315	CBM41_pullulanase	 - 	cl47018	Yes
Q#129 - WP_189996457.1	superfamily	215246	143	325	6.50541e-06	51.2116	cl33494	PLN02447 superfamily	NC	 - 	Yes
Q#129 - WP_189996457.1	specific	214749	536	613	1.06813e-05	45.3065	smart00632	Aamy_C	 - 	cl02706	Yes
Q#129 - WP_189996457.1	specific	436171	629	692	0.0076719	36.8177	pfam17957	Big_7	 - 	cl40243	Yes
Q#130 - WP_216716059.1	superfamily	273974	949	1799	0.0	984.703	cl37055	pullul_strch superfamily	 - 	 - 	Yes
Q#130 - WP_216716059.1	specific	200478	61	530	2.6631199999999997e-146	454.789	cd11339	AmyAc_bac_CMD_like_2	 - 	cl38930	Yes
Q#130 - WP_216716059.1	specific	199215	736	834	1.5245000000000002e-35	130.915	cd10315	CBM41_pullulanase	 - 	cl47018	Yes
Q#130 - WP_216716059.1	specific	199215	843	936	2.53577e-31	118.974	cd10315	CBM41_pullulanase	 - 	cl47018	Yes
Q#130 - WP_216716059.1	specific	426991	544	620	0.00109015	40.0154	pfam02806	Alpha-amylase_C	 - 	cl02706	Yes
Q#131 - WP_217460481.1	superfamily	273974	945	1798	0.0	1026.3	cl37055	pullul_strch superfamily	 - 	 - 	Yes
Q#131 - WP_217460481.1	specific	200478	61	527	1.01494e-143	447.855	cd11339	AmyAc_bac_CMD_like_2	 - 	cl38930	Yes
Q#131 - WP_217460481.1	specific	199215	731	830	2.74108e-33	124.367	cd10315	CBM41_pullulanase	 - 	cl47018	Yes
Q#131 - WP_217460481.1	specific	199215	839	932	1.42656e-31	119.744	cd10315	CBM41_pullulanase	 - 	cl47018	Yes
Q#132 - WP_189397236.1	specific	200456	33	374	0.0	507.871	cd11317	AmyAc_bac_euk_AmyA	 - 	cl38930	Yes
Q#132 - WP_189397236.1	specific	214749	380	454	6.18337e-29	108.479	smart00632	Aamy_C	 - 	cl02706	Yes
Q#133 - WP_097263196.1	superfamily	273974	945	1799	0.0	1015.9	cl37055	pullul_strch superfamily	 - 	 - 	Yes
Q#133 - WP_097263196.1	specific	200478	61	527	1.46784e-149	463.649	cd11339	AmyAc_bac_CMD_like_2	 - 	cl38930	Yes
Q#133 - WP_097263196.1	specific	199215	731	830	3.08507e-33	124.367	cd10315	CBM41_pullulanase	 - 	cl47018	Yes
Q#133 - WP_097263196.1	specific	199215	839	932	3.26226e-31	118.589	cd10315	CBM41_pullulanase	 - 	cl47018	Yes
Q#133 - WP_097263196.1	specific	426991	546	616	0.000988221	40.0154	pfam02806	Alpha-amylase_C	 - 	cl02706	Yes
Q#134 - WP_079426394.1	specific	200456	39	380	3.39809e-174	495.545	cd11317	AmyAc_bac_euk_AmyA	 - 	cl38930	Yes
Q#134 - WP_079426394.1	specific	99883	474	568	3.7148999999999996e-44	151.748	cd05808	CBM20_alpha_amylase	 - 	cl15347	Yes
Q#134 - WP_079426394.1	specific	214749	386	462	2.14767e-27	105.398	smart00632	Aamy_C	 - 	cl02706	Yes
Q#135 - WP_030258799.1	superfamily	273974	963	1851	0.0	972.761	cl37055	pullul_strch superfamily	 - 	 - 	Yes
Q#135 - WP_030258799.1	specific	200478	68	537	2.07604e-138	433.603	cd11339	AmyAc_bac_CMD_like_2	 - 	cl38930	Yes
Q#135 - WP_030258799.1	specific	199215	750	843	9.22583e-32	120.13	cd10315	CBM41_pullulanase	 - 	cl47018	Yes
Q#135 - WP_030258799.1	specific	199215	857	948	1.00505e-29	114.352	cd10315	CBM41_pullulanase	 - 	cl47018	Yes
Q#135 - WP_030258799.1	superfamily	476817	158	331	4.92792e-07	54.3097	cl38930	AmyAc_family superfamily	NC	 - 	Yes
Q#135 - WP_030258799.1	specific	214749	551	624	0.000127183	42.2249	smart00632	Aamy_C	 - 	cl02706	Yes
Q#136 - WP_030547579.1	superfamily	273974	906	1760	0.0	995.103	cl37055	pullul_strch superfamily	 - 	 - 	Yes
Q#136 - WP_030547579.1	specific	200478	49	509	5.61066e-143	445.159	cd11339	AmyAc_bac_CMD_like_2	 - 	cl38930	Yes
Q#136 - WP_030547579.1	specific	461022	802	894	7.62691e-29	111.694	pfam03714	PUD	 - 	cl47835	Yes
Q#136 - WP_030547579.1	specific	199215	706	792	1.21127e-16	76.9873	cd10315	CBM41_pullulanase	 - 	cl47018	Yes
Q#137 - WP_107454570.1	superfamily	273974	945	1795	0.0	1004.73	cl37055	pullul_strch superfamily	 - 	 - 	Yes
Q#137 - WP_107454570.1	specific	200478	61	527	1.1999600000000001e-145	452.863	cd11339	AmyAc_bac_CMD_like_2	 - 	cl38930	Yes
Q#137 - WP_107454570.1	specific	199215	731	830	9.69911e-34	125.908	cd10315	CBM41_pullulanase	 - 	cl47018	Yes
Q#137 - WP_107454570.1	specific	461022	840	932	1.14862e-30	116.702	pfam03714	PUD	 - 	cl47835	Yes
Q#137 - WP_107454570.1	specific	426991	542	616	0.00221771	39.245	pfam02806	Alpha-amylase_C	 - 	cl02706	Yes
Q#138 - WP_126898812.1	superfamily	273974	950	1803	0.0	1006.66	cl37055	pullul_strch superfamily	 - 	 - 	Yes
Q#138 - WP_126898812.1	specific	200478	61	530	2.70404e-144	449.396	cd11339	AmyAc_bac_CMD_like_2	 - 	cl38930	Yes
Q#138 - WP_126898812.1	specific	461022	735	831	2.6872700000000004e-32	121.709	pfam03714	PUD	 - 	cl47835	Yes
Q#138 - WP_126898812.1	specific	461022	845	937	3.04627e-31	118.628	pfam03714	PUD	 - 	cl47835	Yes
Q#138 - WP_126898812.1	specific	214749	539	616	0.000548865	40.2989	smart00632	Aamy_C	 - 	cl02706	Yes
Q#139 - WP_015660915.1	specific	200456	33	374	1.54838e-166	471.662	cd11317	AmyAc_bac_euk_AmyA	 - 	cl38930	Yes
Q#139 - WP_015660915.1	specific	214749	380	454	9.92671e-27	102.701	smart00632	Aamy_C	 - 	cl02706	Yes
Q#140 - WP_208684759.1	superfamily	273974	42	879	0.0	932.315	cl37055	pullul_strch superfamily	 - 	 - 	Yes
Q#141 - WP_106974912.1	superfamily	273974	44	898	0.0	959.279	cl37055	pullul_strch superfamily	 - 	 - 	Yes
Q#142 - WP_031131699.1	specific	200456	32	373	2.92217e-164	465.884	cd11317	AmyAc_bac_euk_AmyA	 - 	cl38930	Yes
Q#142 - WP_031131699.1	specific	214749	379	453	2.42101e-26	101.546	smart00632	Aamy_C	 - 	cl02706	Yes
Q#143 - WP_185911376.1	specific	200456	41	387	3.96385e-171	488.226	cd11317	AmyAc_bac_euk_AmyA	 - 	cl38930	Yes
Q#143 - WP_185911376.1	specific	99883	483	577	7.45764e-45	153.674	cd05808	CBM20_alpha_amylase	 - 	cl15347	Yes
Q#143 - WP_185911376.1	specific	214749	393	475	8.17069e-30	111.946	smart00632	Aamy_C	 - 	cl02706	Yes
Q#144 - WP_003982820.1	specific	200456	44	385	7.3407e-172	485.915	cd11317	AmyAc_bac_euk_AmyA	 - 	cl38930	Yes
Q#144 - WP_003982820.1	specific	214749	391	467	5.58737e-30	111.561	smart00632	Aamy_C	 - 	cl02706	Yes
Q#145 - WP_093543261.1	superfamily	273974	918	1773	0.0	935.012	cl37055	pullul_strch superfamily	 - 	 - 	Yes
Q#145 - WP_093543261.1	specific	200478	52	514	4.3637799999999997e-144	448.241	cd11339	AmyAc_bac_CMD_like_2	 - 	cl38930	Yes
Q#145 - WP_093543261.1	specific	461022	814	898	3.59895e-26	103.99	pfam03714	PUD	 - 	cl47835	Yes
Q#145 - WP_093543261.1	specific	199215	716	796	6.73429e-17	77.7577	cd10315	CBM41_pullulanase	 - 	cl47018	Yes
Q#145 - WP_093543261.1	specific	426991	527	602	5.1569e-05	43.8674	pfam02806	Alpha-amylase_C	 - 	cl02706	Yes
Q#146 - WP_208679938.1	specific	200456	37	368	6.170590000000001e-160	455.099	cd11317	AmyAc_bac_euk_AmyA	 - 	cl38930	Yes
Q#146 - WP_208679938.1	specific	214749	374	453	8.43876e-30	110.79	smart00632	Aamy_C	 - 	cl02706	Yes
Q#147 - WP_015038180.1	specific	200478	366	903	1.12877e-119	369.66	cd11339	AmyAc_bac_CMD_like_2	 - 	cl38930	Yes
Q#147 - WP_015038180.1	specific	367491	154	256	1.38714e-37	136.077	pfam03423	CBM_25	 - 	cl23798	Yes
Q#147 - WP_015038180.1	specific	198134	47	127	1.1516799999999999e-21	90.108	smart01066	CBM_25	 - 	cl23798	Yes
Q#147 - WP_015038180.1	superfamily	476817	407	640	6.7059e-15	78.4566	cl38930	AmyAc_family superfamily	C	 - 	Yes
Q#147 - WP_015038180.1	specific	238020	261	335	4.18023e-05	43.2539	cd00063	FN3	 - 	cl21522	Yes
Q#148 - WP_201815054.1	specific	200456	34	375	3.3754e-166	470.892	cd11317	AmyAc_bac_euk_AmyA	 - 	cl38930	Yes
Q#148 - WP_201815054.1	specific	214749	381	455	1.11943e-25	99.6196	smart00632	Aamy_C	 - 	cl02706	Yes
Q#149 - WP_026151601.1	specific	200456	33	374	4.6140600000000006e-176	495.93	cd11317	AmyAc_bac_euk_AmyA	 - 	cl38930	Yes
Q#149 - WP_026151601.1	specific	214749	380	454	3.5490900000000003e-26	101.16	smart00632	Aamy_C	 - 	cl02706	Yes
Q#150 - WP_088797351.1	superfamily	273974	43	879	0.0	931.545	cl37055	pullul_strch superfamily	 - 	 - 	Yes
Q#151 - WP_106414525.1	specific	200456	32	373	0.0	509.797	cd11317	AmyAc_bac_euk_AmyA	 - 	cl38930	Yes
Q#151 - WP_106414525.1	specific	214749	379	453	3.4217100000000003e-29	109.25	smart00632	Aamy_C	 - 	cl02706	Yes
Q#152 - WP_129262376.1	superfamily	273974	914	1768	0.0	964.287	cl37055	pullul_strch superfamily	 - 	 - 	Yes
Q#152 - WP_129262376.1	specific	200478	53	512	6.83085e-144	447.855	cd11339	AmyAc_bac_CMD_like_2	 - 	cl38930	Yes
Q#152 - WP_129262376.1	specific	461022	810	898	2.4557699999999998e-27	107.457	pfam03714	PUD	 - 	cl47835	Yes
Q#152 - WP_129262376.1	specific	199215	714	795	3.13371e-15	72.7501	cd10315	CBM41_pullulanase	 - 	cl47018	Yes
Q#152 - WP_129262376.1	superfamily	476817	143	309	0.000334577	45.4501	cl38930	AmyAc_family superfamily	NC	 - 	Yes
Q#153 - WP_184827010.1	specific	200478	356	893	1.19074e-116	361.571	cd11339	AmyAc_bac_CMD_like_2	 - 	cl38930	Yes
Q#153 - WP_184827010.1	specific	367491	142	246	1.37803e-39	141.855	pfam03423	CBM_25	 - 	cl23798	Yes
Q#153 - WP_184827010.1	specific	367491	53	138	2.76502e-20	86.771	pfam03423	CBM_25	 - 	cl23798	Yes
Q#153 - WP_184827010.1	superfamily	476817	397	633	4.99661e-19	90.7195	cl38930	AmyAc_family superfamily	C	 - 	Yes
Q#153 - WP_184827010.1	specific	214495	251	322	4.96829e-06	45.6833	smart00060	FN3	 - 	cl21522	Yes
Q#154 - WP_033226598.1	specific	200456	42	388	7.5296e-173	492.463	cd11317	AmyAc_bac_euk_AmyA	 - 	cl38930	Yes
Q#154 - WP_033226598.1	specific	99883	480	574	8.79182e-43	148.281	cd05808	CBM20_alpha_amylase	 - 	cl15347	Yes
Q#154 - WP_033226598.1	specific	214749	394	470	6.31142e-31	115.028	smart00632	Aamy_C	 - 	cl02706	Yes
Q#155 - WP_145869705.1	superfamily	273974	961	1821	0.0	981.621	cl37055	pullul_strch superfamily	 - 	 - 	Yes
Q#155 - WP_145869705.1	specific	200478	61	530	5.6029799999999995e-143	445.929	cd11339	AmyAc_bac_CMD_like_2	 - 	cl38930	Yes
Q#155 - WP_145869705.1	specific	199215	747	846	1.45447e-34	128.219	cd10315	CBM41_pullulanase	 - 	cl47018	Yes
Q#155 - WP_145869705.1	specific	199215	855	946	1.37746e-29	113.966	cd10315	CBM41_pullulanase	 - 	cl47018	Yes
Q#155 - WP_145869705.1	specific	214749	544	618	0.00223323	38.7581	smart00632	Aamy_C	 - 	cl02706	Yes
Q#156 - WP_185094725.1	specific	200478	360	897	7.19124e-124	380.446	cd11339	AmyAc_bac_CMD_like_2	 - 	cl38930	Yes
Q#156 - WP_185094725.1	specific	367491	150	250	2.12103e-34	126.832	pfam03423	CBM_25	 - 	cl23798	Yes
Q#156 - WP_185094725.1	specific	367491	46	145	1.17725e-22	93.3194	pfam03423	CBM_25	 - 	cl23798	Yes
Q#156 - WP_185094725.1	superfamily	182849	401	632	9.46162e-17	84.7999	cl32612	PRK10933 superfamily	C	 - 	Yes
Q#156 - WP_185094725.1	superfamily	442628	246	436	6.85684e-11	66.1792	cl27307	FN3 superfamily	N	 - 	Yes
Q#157 - WP_015576907.1	specific	200456	39	380	6.624479999999999e-177	502.478	cd11317	AmyAc_bac_euk_AmyA	 - 	cl38930	Yes
Q#157 - WP_015576907.1	specific	99883	478	573	2.16728e-43	149.822	cd05808	CBM20_alpha_amylase	 - 	cl15347	Yes
Q#157 - WP_015576907.1	specific	214749	386	462	2.36273e-31	116.183	smart00632	Aamy_C	 - 	cl02706	Yes
Q#158 - WP_062024940.1	superfamily	273974	945	1798	0.0	1020.14	cl37055	pullul_strch superfamily	 - 	 - 	Yes
Q#158 - WP_062024940.1	specific	200478	61	527	6.6975e-148	459.026	cd11339	AmyAc_bac_CMD_like_2	 - 	cl38930	Yes
Q#158 - WP_062024940.1	specific	199215	731	830	1.62447e-33	125.137	cd10315	CBM41_pullulanase	 - 	cl47018	Yes
Q#158 - WP_062024940.1	specific	461022	840	932	2.81216e-31	118.628	pfam03714	PUD	 - 	cl47835	Yes
Q#158 - WP_062024940.1	specific	426991	542	616	0.00655925	37.7042	pfam02806	Alpha-amylase_C	 - 	cl02706	Yes
Q#159 - WP_201857052.1	superfamily	273974	46	874	0.0	928.463	cl37055	pullul_strch superfamily	 - 	 - 	Yes
Q#160 - WP_159742297.1	specific	200456	37	368	1.07097e-155	444.313	cd11317	AmyAc_bac_euk_AmyA	 - 	cl38930	Yes
Q#160 - WP_159742297.1	specific	214749	374	453	1.7081800000000002e-29	110.02	smart00632	Aamy_C	 - 	cl02706	Yes
Q#161 - WP_104784969.1	superfamily	273974	913	1767	0.0	980.851	cl37055	pullul_strch superfamily	 - 	 - 	Yes
Q#161 - WP_104784969.1	specific	200478	52	511	1.22467e-146	455.174	cd11339	AmyAc_bac_CMD_like_2	 - 	cl38930	Yes
Q#161 - WP_104784969.1	specific	199215	809	898	2.38641e-27	107.418	cd10315	CBM41_pullulanase	 - 	cl47018	Yes
Q#161 - WP_104784969.1	specific	199215	713	798	1.60039e-15	73.9057	cd10315	CBM41_pullulanase	 - 	cl47018	Yes
Q#162 - WP_031131701.1	superfamily	273974	949	1795	0.0	1017.06	cl37055	pullul_strch superfamily	 - 	 - 	Yes
Q#162 - WP_031131701.1	specific	200478	61	527	5.46596e-143	445.544	cd11339	AmyAc_bac_CMD_like_2	 - 	cl38930	Yes
Q#162 - WP_031131701.1	specific	199215	731	830	1.39134e-34	128.219	cd10315	CBM41_pullulanase	 - 	cl47018	Yes
Q#162 - WP_031131701.1	specific	199215	839	932	2.3598900000000002e-29	113.196	cd10315	CBM41_pullulanase	 - 	cl47018	Yes
Q#162 - WP_031131701.1	specific	426991	542	616	0.000877508	40.0154	pfam02806	Alpha-amylase_C	 - 	cl02706	Yes
Q#163 - WP_185014811.1	superfamily	273974	948	1799	0.0	1010.9	cl37055	pullul_strch superfamily	 - 	 - 	Yes
Q#163 - WP_185014811.1	specific	200478	61	530	8.2594e-145	450.552	cd11339	AmyAc_bac_CMD_like_2	 - 	cl38930	Yes
Q#163 - WP_185014811.1	specific	199215	734	833	8.09206e-35	128.989	cd10315	CBM41_pullulanase	 - 	cl47018	Yes
Q#163 - WP_185014811.1	specific	199215	842	935	7.29406e-29	111.655	cd10315	CBM41_pullulanase	 - 	cl47018	Yes
Q#163 - WP_185014811.1	specific	426991	545	620	5.94569e-05	43.4822	pfam02806	Alpha-amylase_C	 - 	cl02706	Yes
Q#164 - WP_194077542.1	specific	200478	360	897	7.25584e-123	377.749	cd11339	AmyAc_bac_CMD_like_2	 - 	cl38930	Yes
Q#164 - WP_194077542.1	specific	367491	146	250	1.8804199999999999e-37	135.691	pfam03423	CBM_25	 - 	cl23798	Yes
Q#164 - WP_194077542.1	specific	198134	46	125	1.83203e-23	95.1155	smart01066	CBM_25	 - 	cl23798	Yes
Q#164 - WP_194077542.1	superfamily	476817	401	637	1.80125e-16	82.8897	cl38930	AmyAc_family superfamily	C	 - 	Yes
Q#164 - WP_194077542.1	superfamily	442628	231	332	4.32541e-08	56.9344	cl27307	FN3 superfamily	NC	 - 	Yes
Q#165 - WP_150227839.1	specific	200456	34	375	1.63868e-172	491.308	cd11317	AmyAc_bac_euk_AmyA	 - 	cl38930	Yes
Q#165 - WP_150227839.1	specific	99883	479	570	1.2140599999999998e-49	166.386	cd05808	CBM20_alpha_amylase	 - 	cl15347	Yes
Q#165 - WP_150227839.1	specific	214749	382	457	5.798980000000001e-23	92.686	smart00632	Aamy_C	 - 	cl02706	Yes
Q#166 - WP_069622428.1	specific	200456	34	375	4.98223e-178	503.249	cd11317	AmyAc_bac_euk_AmyA	 - 	cl38930	Yes
Q#166 - WP_069622428.1	specific	214749	381	457	1.38473e-29	111.176	smart00632	Aamy_C	 - 	cl02706	Yes
Q#166 - WP_069622428.1	superfamily	449530	472	515	4.09277e-17	76.6341	cl15347	CBM20 superfamily	C	 - 	Yes
Q#167 - WP_189724662.1	superfamily	273974	951	1801	0.0	1014.36	cl37055	pullul_strch superfamily	 - 	 - 	Yes
Q#167 - WP_189724662.1	specific	200478	61	531	5.84012e-143	445.544	cd11339	AmyAc_bac_CMD_like_2	 - 	cl38930	Yes
Q#167 - WP_189724662.1	specific	461022	736	832	5.30876e-33	123.635	pfam03714	PUD	 - 	cl47835	Yes
Q#167 - WP_189724662.1	specific	199215	845	938	1.16621e-30	117.048	cd10315	CBM41_pullulanase	 - 	cl47018	Yes
Q#167 - WP_189724662.1	specific	214749	540	618	0.00040115	40.6841	smart00632	Aamy_C	 - 	cl02706	Yes
Q#168 - WP_217211726.1	superfamily	273974	950	1806	0.0	1018.21	cl37055	pullul_strch superfamily	 - 	 - 	Yes
Q#168 - WP_217211726.1	specific	200478	61	530	2.0718899999999998e-144	449.781	cd11339	AmyAc_bac_CMD_like_2	 - 	cl38930	Yes
Q#168 - WP_217211726.1	specific	461022	735	831	1.95703e-33	124.791	pfam03714	PUD	 - 	cl47835	Yes
Q#168 - WP_217211726.1	specific	461022	845	937	7.31384e-30	114.39	pfam03714	PUD	 - 	cl47835	Yes
Q#168 - WP_217211726.1	specific	426991	545	620	2.65564e-05	44.6378	pfam02806	Alpha-amylase_C	 - 	cl02706	Yes
Q#169 - WP_003956570.1	superfamily	273974	921	1773	0.0	973.917	cl37055	pullul_strch superfamily	 - 	 - 	Yes
Q#169 - WP_003956570.1	specific	200478	57	517	1.44378e-145	452.478	cd11339	AmyAc_bac_CMD_like_2	 - 	cl38930	Yes
Q#169 - WP_003956570.1	specific	461022	817	909	4.7684800000000003e-29	112.079	pfam03714	PUD	 - 	cl47835	Yes
Q#169 - WP_003956570.1	specific	461022	720	799	1.59292e-10	59.3068	pfam03714	PUD	 - 	cl47835	Yes
Q#170 - WP_030618899.1	specific	200456	36	377	4.4697700000000005e-176	495.93	cd11317	AmyAc_bac_euk_AmyA	 - 	cl38930	Yes
Q#170 - WP_030618899.1	specific	214749	383	457	1.07083e-25	99.6196	smart00632	Aamy_C	 - 	cl02706	Yes
Q#171 - WP_030226395.1	specific	200456	46	387	7.679120000000001e-176	499.782	cd11317	AmyAc_bac_euk_AmyA	 - 	cl38930	Yes
Q#171 - WP_030226395.1	specific	99883	483	571	2.9996299999999997e-43	149.437	cd05808	CBM20_alpha_amylase	 - 	cl15347	Yes
Q#171 - WP_030226395.1	specific	214749	393	469	2.26191e-28	108.094	smart00632	Aamy_C	 - 	cl02706	Yes
Q#172 - WP_020871944.1	specific	200456	36	377	1.05261e-172	487.456	cd11317	AmyAc_bac_euk_AmyA	 - 	cl38930	Yes
Q#172 - WP_020871944.1	specific	214749	383	459	1.04911e-32	118.88	smart00632	Aamy_C	 - 	cl02706	Yes
Q#173 - WP_190046478.1	specific	200456	32	373	7.77207e-166	470.122	cd11317	AmyAc_bac_euk_AmyA	 - 	cl38930	Yes
Q#173 - WP_190046478.1	specific	214749	379	453	1.7922499999999998e-27	104.627	smart00632	Aamy_C	 - 	cl02706	Yes
Q#174 - WP_030314235.1	superfamily	273974	909	1763	0.0	984.703	cl37055	pullul_strch superfamily	 - 	 - 	Yes
Q#174 - WP_030314235.1	specific	200478	49	512	1.31408e-144	449.781	cd11339	AmyAc_bac_CMD_like_2	 - 	cl38930	Yes
Q#174 - WP_030314235.1	specific	199215	804	897	1.33288e-30	116.663	cd10315	CBM41_pullulanase	 - 	cl47018	Yes
Q#175 - WP_150470657.1	superfamily	273974	952	1803	0.0	1002.81	cl37055	pullul_strch superfamily	 - 	 - 	Yes
Q#175 - WP_150470657.1	specific	200478	61	534	5.47575e-146	454.019	cd11339	AmyAc_bac_CMD_like_2	 - 	cl38930	Yes
Q#175 - WP_150470657.1	specific	199215	738	837	9.55049e-34	125.908	cd10315	CBM41_pullulanase	 - 	cl47018	Yes
Q#175 - WP_150470657.1	specific	199215	847	939	4.81461e-29	112.426	cd10315	CBM41_pullulanase	 - 	cl47018	Yes
Q#175 - WP_150470657.1	specific	214749	543	621	1.24124e-05	44.9213	smart00632	Aamy_C	 - 	cl02706	Yes
Q#176 - WP_093691784.1	superfamily	273974	916	1771	0.0	1001.65	cl37055	pullul_strch superfamily	 - 	 - 	Yes
Q#176 - WP_093691784.1	specific	200478	52	514	5.8307e-146	453.633	cd11339	AmyAc_bac_CMD_like_2	 - 	cl38930	Yes
Q#176 - WP_093691784.1	specific	199215	811	902	9.14275e-26	102.796	cd10315	CBM41_pullulanase	 - 	cl47018	Yes
Q#176 - WP_093691784.1	specific	199215	716	797	4.24444e-15	72.7501	cd10315	CBM41_pullulanase	 - 	cl47018	Yes
Q#177 - WP_189736425.1	superfamily	273974	942	1790	0.0	984.703	cl37055	pullul_strch superfamily	 - 	 - 	Yes
Q#177 - WP_189736425.1	specific	200478	58	527	5.52161e-145	450.937	cd11339	AmyAc_bac_CMD_like_2	 - 	cl38930	Yes
Q#177 - WP_189736425.1	specific	461022	729	821	1.5173399999999998e-31	119.398	pfam03714	PUD	 - 	cl47835	Yes
Q#177 - WP_189736425.1	specific	199215	836	929	5.64219e-31	117.818	cd10315	CBM41_pullulanase	 - 	cl47018	Yes
Q#178 - WP_003981708.1	specific	200456	33	364	4.24029e-147	422.357	cd11317	AmyAc_bac_euk_AmyA	 - 	cl38930	Yes
Q#178 - WP_003981708.1	specific	214749	370	451	2.38813e-26	101.546	smart00632	Aamy_C	 - 	cl02706	Yes
Q#179 - WP_150242730.1	specific	200456	37	376	3.86337e-155	447.01	cd11317	AmyAc_bac_euk_AmyA	 - 	cl38930	Yes
Q#179 - WP_150242730.1	specific	99883	474	568	5.69941e-43	148.666	cd05808	CBM20_alpha_amylase	 - 	cl15347	Yes
Q#179 - WP_150242730.1	specific	214749	384	460	3.03233e-31	116.183	smart00632	Aamy_C	 - 	cl02706	Yes
Q#180 - WP_086560671.1	superfamily	273974	949	1796	0.0	998.57	cl37055	pullul_strch superfamily	 - 	 - 	Yes
Q#180 - WP_086560671.1	specific	200478	61	527	6.62372e-144	448.241	cd11339	AmyAc_bac_CMD_like_2	 - 	cl38930	Yes
Q#180 - WP_086560671.1	specific	199215	731	830	1.97455e-34	127.834	cd10315	CBM41_pullulanase	 - 	cl47018	Yes
Q#180 - WP_086560671.1	specific	461022	840	932	4.1048499999999995e-31	118.242	pfam03714	PUD	 - 	cl47835	Yes
Q#180 - WP_086560671.1	specific	426991	542	616	0.000820028	40.4006	pfam02806	Alpha-amylase_C	 - 	cl02706	Yes
Q#181 - WP_189892349.1	superfamily	273974	945	1796	0.0	978.925	cl37055	pullul_strch superfamily	 - 	 - 	Yes
Q#181 - WP_189892349.1	specific	200478	61	527	3.18297e-148	459.797	cd11339	AmyAc_bac_CMD_like_2	 - 	cl38930	Yes
Q#181 - WP_189892349.1	specific	461022	732	828	2.1408300000000002e-32	121.709	pfam03714	PUD	 - 	cl47835	Yes
Q#181 - WP_189892349.1	specific	199215	840	932	2.12106e-30	116.278	cd10315	CBM41_pullulanase	 - 	cl47018	Yes
Q#181 - WP_189892349.1	specific	214749	536	613	0.000247241	41.4545	smart00632	Aamy_C	 - 	cl02706	Yes
Q#182 - WP_162833075.1	superfamily	273974	948	1802	0.0	1003.19	cl37055	pullul_strch superfamily	 - 	 - 	Yes
Q#182 - WP_162833075.1	specific	200478	61	528	1.2377999999999999e-144	450.167	cd11339	AmyAc_bac_CMD_like_2	 - 	cl38930	Yes
Q#182 - WP_162833075.1	specific	199215	734	833	8.66189e-34	125.908	cd10315	CBM41_pullulanase	 - 	cl47018	Yes
Q#182 - WP_162833075.1	specific	199215	842	935	1.19025e-31	119.744	cd10315	CBM41_pullulanase	 - 	cl47018	Yes
Q#182 - WP_162833075.1	specific	426991	549	618	1.97718e-05	45.023	pfam02806	Alpha-amylase_C	 - 	cl02706	Yes
Q#183 - WP_030019586.1	specific	200456	34	375	1.2483600000000002e-154	445.854	cd11317	AmyAc_bac_euk_AmyA	 - 	cl38930	Yes
Q#183 - WP_030019586.1	specific	99883	471	565	9.87097e-43	147.896	cd05808	CBM20_alpha_amylase	 - 	cl15347	Yes
Q#183 - WP_030019586.1	specific	214749	381	457	2.12119e-32	119.265	smart00632	Aamy_C	 - 	cl02706	Yes
Q#184 - WP_236579673.1(Warning: this sequence record may be obsolete or preliminary)	specific	200478	346	883	1.9716400000000004e-121	373.897	cd11339	AmyAc_bac_CMD_like_2	 - 	cl38930	Yes
Q#184 - WP_236579673.1(Warning: this sequence record may be obsolete or preliminary)	specific	367491	134	236	1.78858e-39	141.469	pfam03423	CBM_25	 - 	cl23798	Yes
Q#184 - WP_236579673.1(Warning: this sequence record may be obsolete or preliminary)	specific	367491	30	131	3.2114100000000003e-26	103.72	pfam03423	CBM_25	 - 	cl23798	Yes
Q#184 - WP_236579673.1(Warning: this sequence record may be obsolete or preliminary)	superfamily	476817	387	623	5.199290000000001e-18	87.8973	cl38930	AmyAc_family superfamily	C	 - 	Yes
Q#184 - WP_236579673.1(Warning: this sequence record may be obsolete or preliminary)	superfamily	442628	236	350	1.30827e-06	52.312	cl27307	FN3 superfamily	NC	 - 	Yes
Q#185 - WP_015660916.1	superfamily	273974	947	1797	0.0	999.725	cl37055	pullul_strch superfamily	 - 	 - 	Yes
Q#185 - WP_015660916.1	specific	200478	61	526	6.4295e-148	459.026	cd11339	AmyAc_bac_CMD_like_2	 - 	cl38930	Yes
Q#185 - WP_015660916.1	specific	461022	734	830	1.34473e-32	122.48	pfam03714	PUD	 - 	cl47835	Yes
Q#185 - WP_015660916.1	specific	461022	842	934	2.7833899999999997e-31	118.628	pfam03714	PUD	 - 	cl47835	Yes
Q#185 - WP_015660916.1	specific	214749	535	616	5.80931e-05	42.9953	smart00632	Aamy_C	 - 	cl02706	Yes
Q#186 - WP_374202077.1	specific	200456	50	391	1.2707600000000002e-176	497.856	cd11317	AmyAc_bac_euk_AmyA	 - 	cl38930	Yes
Q#186 - WP_374202077.1	specific	214749	397	471	6.91401e-27	103.086	smart00632	Aamy_C	 - 	cl02706	Yes
Q#187 - WP_147872722.1	specific	200456	34	375	9.68069e-176	499.397	cd11317	AmyAc_bac_euk_AmyA	 - 	cl38930	Yes
Q#187 - WP_147872722.1	specific	99883	471	567	2.88814e-45	154.83	cd05808	CBM20_alpha_amylase	 - 	cl15347	Yes
Q#187 - WP_147872722.1	specific	214749	381	453	2.0115900000000002e-28	108.094	smart00632	Aamy_C	 - 	cl02706	Yes
Q#188 - WP_189307635.1	specific	200478	61	526	1.07068e-149	456.715	cd11339	AmyAc_bac_CMD_like_2	 - 	cl38930	Yes
Q#188 - WP_189307635.1	superfamily	273974	945	1358	2.05772e-148	473.157	cl37055	pullul_strch superfamily	C	 - 	Yes
Q#188 - WP_189307635.1	specific	461022	732	828	1.49934e-31	119.013	pfam03714	PUD	 - 	cl47835	Yes
Q#188 - WP_189307635.1	specific	199215	839	932	6.623899999999999e-28	108.574	cd10315	CBM41_pullulanase	 - 	cl47018	Yes
Q#188 - WP_189307635.1	specific	426991	542	616	0.000807254	40.0154	pfam02806	Alpha-amylase_C	 - 	cl02706	Yes
Q#189 - WP_096627636.1	specific	200456	40	381	9.08947e-169	482.063	cd11317	AmyAc_bac_euk_AmyA	 - 	cl38930	Yes
Q#189 - WP_096627636.1	specific	99883	479	574	2.31013e-43	149.822	cd05808	CBM20_alpha_amylase	 - 	cl15347	Yes
Q#189 - WP_096627636.1	specific	214749	387	463	3.01009e-30	113.487	smart00632	Aamy_C	 - 	cl02706	Yes
Q#190 - WP_217137123.1	specific	200456	41	382	8.948970000000001e-170	484.374	cd11317	AmyAc_bac_euk_AmyA	 - 	cl38930	Yes
Q#190 - WP_217137123.1	specific	99883	477	570	7.621919999999999e-45	153.674	cd05808	CBM20_alpha_amylase	 - 	cl15347	Yes
Q#190 - WP_217137123.1	specific	214749	388	464	4.09086e-30	112.716	smart00632	Aamy_C	 - 	cl02706	Yes
Q#191 - WP_030253724.1	specific	200456	38	369	4.0123e-151	432.757	cd11317	AmyAc_bac_euk_AmyA	 - 	cl38930	Yes
Q#191 - WP_030253724.1	specific	214749	375	458	6.55422e-33	119.265	smart00632	Aamy_C	 - 	cl02706	Yes
Q#192 - WP_030547581.1	specific	200456	35	376	1.5366799999999999e-167	478.596	cd11317	AmyAc_bac_euk_AmyA	 - 	cl38930	Yes
Q#192 - WP_030547581.1	specific	99883	476	570	1.53836e-48	163.689	cd05808	CBM20_alpha_amylase	 - 	cl15347	Yes
Q#192 - WP_030547581.1	specific	214749	382	441	7.21915e-22	89.6044	smart00632	Aamy_C	C	cl02706	Yes
Q#193 - WP_167739568.1	superfamily	273974	931	1780	0.0	973.532	cl37055	pullul_strch superfamily	 - 	 - 	Yes
Q#193 - WP_167739568.1	specific	200478	49	518	2.3647299999999998e-139	435.529	cd11339	AmyAc_bac_CMD_like_2	 - 	cl38930	Yes
Q#193 - WP_167739568.1	specific	461022	718	810	2.78002e-30	115.931	pfam03714	PUD	 - 	cl47835	Yes
Q#193 - WP_167739568.1	specific	199215	826	918	5.6541600000000005e-28	109.344	cd10315	CBM41_pullulanase	 - 	cl47018	Yes
Q#193 - WP_167739568.1	superfamily	445893	529	598	0.00385114	37.9121	cl02706	Malt_amylase_C superfamily	 - 	 - 	Yes
Q#194 - WP_215111281.1	specific	200478	369	906	2.42821e-116	361.186	cd11339	AmyAc_bac_CMD_like_2	 - 	cl38930	Yes
Q#194 - WP_215111281.1	specific	367491	158	259	2.1523100000000002e-32	121.439	pfam03423	CBM_25	 - 	cl23798	Yes
Q#194 - WP_215111281.1	specific	198134	53	128	1.2447900000000001e-19	84.33	smart01066	CBM_25	 - 	cl23798	Yes
Q#194 - WP_215111281.1	superfamily	182849	410	641	2.56303e-14	77.0959	cl32612	PRK10933 superfamily	C	 - 	Yes
Q#194 - WP_215111281.1	superfamily	442628	106	361	3.31106e-12	70.4164	cl27307	FN3 superfamily	C	 - 	Yes
Q#195 - WP_053190726.1	superfamily	273974	948	1801	0.0	1017.06	cl37055	pullul_strch superfamily	 - 	 - 	Yes
Q#195 - WP_053190726.1	specific	200478	61	530	2.05217e-147	457.871	cd11339	AmyAc_bac_CMD_like_2	 - 	cl38930	Yes
Q#195 - WP_053190726.1	specific	461022	735	831	6.326830000000001e-34	126.332	pfam03714	PUD	 - 	cl47835	Yes
Q#195 - WP_053190726.1	specific	461022	843	935	8.35309e-29	111.694	pfam03714	PUD	 - 	cl47835	Yes
Q#195 - WP_053190726.1	specific	214749	539	617	0.000487708	40.6841	smart00632	Aamy_C	 - 	cl02706	Yes
Q#196 - WP_182468866.1	specific	200456	36	377	1.97722e-173	489.382	cd11317	AmyAc_bac_euk_AmyA	 - 	cl38930	Yes
Q#196 - WP_182468866.1	specific	214749	383	459	3.30827e-31	114.642	smart00632	Aamy_C	 - 	cl02706	Yes
Q#197 - WP_039655004.1	specific	200456	43	395	3.61889e-148	433.528	cd11317	AmyAc_bac_euk_AmyA	 - 	cl38930	Yes
Q#197 - WP_039655004.1	superfamily	449530	596	688	2.31963e-36	131.718	cl15347	CBM20 superfamily	 - 	 - 	Yes
Q#197 - WP_039655004.1	superfamily	449530	494	587	1.3460200000000001e-30	115.154	cl15347	CBM20 superfamily	 - 	 - 	Yes
Q#197 - WP_039655004.1	specific	214749	402	474	4.54665e-12	62.2553	smart00632	Aamy_C	 - 	cl02706	Yes
Q#198 - WP_055603537.1	specific	200456	35	376	5.74113e-167	477.055	cd11317	AmyAc_bac_euk_AmyA	 - 	cl38930	Yes
Q#198 - WP_055603537.1	specific	99883	480	563	9.86651e-44	150.592	cd05808	CBM20_alpha_amylase	 - 	cl15347	Yes
Q#198 - WP_055603537.1	specific	214749	382	458	6.94255e-30	112.331	smart00632	Aamy_C	 - 	cl02706	Yes
Q#199 - WP_030587807.1	specific	200456	33	364	5.60947e-143	411.571	cd11317	AmyAc_bac_euk_AmyA	 - 	cl38930	Yes
Q#199 - WP_030587807.1	specific	214749	370	448	7.57373e-28	105.398	smart00632	Aamy_C	 - 	cl02706	Yes
Q#200 - WP_069742787.1	specific	200456	39	380	1.4225e-172	491.693	cd11317	AmyAc_bac_euk_AmyA	 - 	cl38930	Yes
Q#200 - WP_069742787.1	specific	99883	485	576	4.29803e-43	149.052	cd05808	CBM20_alpha_amylase	 - 	cl15347	Yes
Q#200 - WP_069742787.1	specific	214749	386	462	4.42979e-29	110.02	smart00632	Aamy_C	 - 	cl02706	Yes
Q#201 - WP_093862279.1	specific	200456	59	398	4.58256e-155	447.78	cd11317	AmyAc_bac_euk_AmyA	 - 	cl38930	Yes
Q#201 - WP_093862279.1	superfamily	449530	500	591	1.33112e-36	131.718	cl15347	CBM20 superfamily	 - 	 - 	Yes
Q#201 - WP_093862279.1	specific	214749	404	488	3.02529e-30	113.487	smart00632	Aamy_C	 - 	cl02706	Yes
Q#202 - WP_012381213.1	superfamily	273974	916	1769	0.0	977.384	cl37055	pullul_strch superfamily	 - 	 - 	Yes
Q#202 - WP_012381213.1	specific	200478	52	514	3.1353499999999998e-149	462.493	cd11339	AmyAc_bac_CMD_like_2	 - 	cl38930	Yes
Q#202 - WP_012381213.1	specific	199215	811	900	3.04958e-26	104.336	cd10315	CBM41_pullulanase	 - 	cl47018	Yes
Q#202 - WP_012381213.1	specific	199215	716	801	3.43937e-14	70.0537	cd10315	CBM41_pullulanase	 - 	cl47018	Yes
Q#202 - WP_012381213.1	superfamily	476817	140	239	0.000225578	45.9488	cl38930	AmyAc_family superfamily	C	 - 	Yes
Q#203 - WP_205081740.1	superfamily	273974	916	1769	0.0	968.909	cl37055	pullul_strch superfamily	 - 	 - 	Yes
Q#203 - WP_205081740.1	specific	200478	52	514	5.01571e-149	461.723	cd11339	AmyAc_bac_CMD_like_2	 - 	cl38930	Yes
Q#203 - WP_205081740.1	specific	461022	812	902	7.44745e-27	105.916	pfam03714	PUD	 - 	cl47835	Yes
Q#203 - WP_205081740.1	specific	199215	716	801	1.02896e-14	71.5945	cd10315	CBM41_pullulanase	 - 	cl47018	Yes
Q#203 - WP_205081740.1	superfamily	476817	140	239	0.000707784	44.0228	cl38930	AmyAc_family superfamily	C	 - 	Yes
Q#204 - WP_317987172.1	superfamily	273974	40	899	0.0	976.613	cl37055	pullul_strch superfamily	 - 	 - 	Yes
Q#205 - WP_198960393.1	specific	200456	33	374	5.03866e-166	470.507	cd11317	AmyAc_bac_euk_AmyA	 - 	cl38930	Yes
Q#205 - WP_198960393.1	specific	214749	381	454	1.0187200000000002e-28	108.094	smart00632	Aamy_C	 - 	cl02706	Yes
Q#206 - WP_031019695.1	superfamily	273974	949	1799	0.0	990.481	cl37055	pullul_strch superfamily	 - 	 - 	Yes
Q#206 - WP_031019695.1	specific	200478	61	530	1.38126e-145	452.863	cd11339	AmyAc_bac_CMD_like_2	 - 	cl38930	Yes
Q#206 - WP_031019695.1	specific	199215	736	834	2.45029e-34	127.448	cd10315	CBM41_pullulanase	 - 	cl47018	Yes
Q#206 - WP_031019695.1	specific	199215	843	936	1.52863e-29	113.581	cd10315	CBM41_pullulanase	 - 	cl47018	Yes
Q#206 - WP_031019695.1	specific	214749	539	618	2.43605e-05	44.1509	smart00632	Aamy_C	 - 	cl02706	Yes
Q#207 - WP_202201827.1	specific	200456	37	383	7.95096e-172	489.767	cd11317	AmyAc_bac_euk_AmyA	 - 	cl38930	Yes
Q#207 - WP_202201827.1	specific	99883	475	569	4.3035700000000003e-44	151.748	cd05808	CBM20_alpha_amylase	 - 	cl15347	Yes
Q#207 - WP_202201827.1	specific	214749	390	465	3.2775100000000004e-29	110.405	smart00632	Aamy_C	 - 	cl02706	Yes
Q#208 - WP_176143072.1	specific	200478	367	904	2.42853e-120	371.586	cd11339	AmyAc_bac_CMD_like_2	 - 	cl38930	Yes
Q#208 - WP_176143072.1	specific	367491	154	257	3.61076e-35	129.143	pfam03423	CBM_25	 - 	cl23798	Yes
Q#208 - WP_176143072.1	specific	367491	58	147	5.58203e-19	82.9191	pfam03423	CBM_25	 - 	cl23798	Yes
Q#208 - WP_176143072.1	superfamily	476817	408	644	2.85436e-17	85.5861	cl38930	AmyAc_family superfamily	C	 - 	Yes
Q#208 - WP_176143072.1	specific	238020	262	349	2.04893e-09	55.5803	cd00063	FN3	 - 	cl21522	Yes
Q#209 - WP_031055504.1	specific	200456	35	376	8.20991e-171	482.833	cd11317	AmyAc_bac_euk_AmyA	 - 	cl38930	Yes
Q#209 - WP_031055504.1	specific	214749	382	458	7.8819e-30	111.176	smart00632	Aamy_C	 - 	cl02706	Yes
Q#210 - WP_003969552.1	specific	200456	40	382	2.49339e-174	496.315	cd11317	AmyAc_bac_euk_AmyA	 - 	cl38930	Yes
Q#210 - WP_003969552.1	specific	99883	482	577	1.34623e-42	147.896	cd05808	CBM20_alpha_amylase	 - 	cl15347	Yes
Q#210 - WP_003969552.1	specific	214749	389	464	3.3597399999999997e-31	115.798	smart00632	Aamy_C	 - 	cl02706	Yes
Q#211 - WP_014060138.1	superfamily	273974	55	887	0.0	952.346	cl37055	pullul_strch superfamily	 - 	 - 	Yes
Q#212 - WP_164435334.1	specific	200456	34	375	1.92828e-167	473.974	cd11317	AmyAc_bac_euk_AmyA	 - 	cl38930	Yes
Q#212 - WP_164435334.1	specific	214749	382	455	8.87706e-26	100.005	smart00632	Aamy_C	 - 	cl02706	Yes
Q#213 - WP_150478195.1	superfamily	273974	954	1806	0.0	1010.51	cl37055	pullul_strch superfamily	 - 	 - 	Yes
Q#213 - WP_150478195.1	specific	200478	66	535	5.8840999999999994e-145	451.322	cd11339	AmyAc_bac_CMD_like_2	 - 	cl38930	Yes
Q#213 - WP_150478195.1	specific	461022	739	835	2.88197e-31	118.628	pfam03714	PUD	 - 	cl47835	Yes
Q#213 - WP_150478195.1	specific	199215	848	938	7.253750000000001e-28	108.959	cd10315	CBM41_pullulanase	 - 	cl47018	Yes
Q#213 - WP_150478195.1	specific	214749	544	621	1.02287e-05	45.3065	smart00632	Aamy_C	 - 	cl02706	Yes
Q#213 - WP_150478195.1	superfamily	442692	551	744	0.00467154	41.6621	cl43877	Chi1 superfamily	C	 - 	Yes
Q#214 - WP_323374962.1	superfamily	273974	935	1786	0.0	1026.69	cl37055	pullul_strch superfamily	 - 	 - 	Yes
Q#214 - WP_323374962.1	specific	200478	51	517	2.65599e-145	452.093	cd11339	AmyAc_bac_CMD_like_2	 - 	cl38930	Yes
Q#214 - WP_323374962.1	specific	461022	722	818	6.08983e-32	120.554	pfam03714	PUD	 - 	cl47835	Yes
Q#214 - WP_323374962.1	specific	199215	829	922	9.62547e-31	117.048	cd10315	CBM41_pullulanase	 - 	cl47018	Yes
Q#214 - WP_323374962.1	specific	214749	526	603	0.000924831	39.9137	smart00632	Aamy_C	 - 	cl02706	Yes
Q#215 - WP_043732644.1	superfamily	273974	947	1802	0.0	1006.66	cl37055	pullul_strch superfamily	 - 	 - 	Yes
Q#215 - WP_043732644.1	specific	200478	61	527	1.43229e-146	455.559	cd11339	AmyAc_bac_CMD_like_2	 - 	cl38930	Yes
Q#215 - WP_043732644.1	specific	461022	732	828	1.16577e-33	125.561	pfam03714	PUD	 - 	cl47835	Yes
Q#215 - WP_043732644.1	specific	461022	842	934	2.06056e-28	110.538	pfam03714	PUD	 - 	cl47835	Yes
Q#215 - WP_043732644.1	superfamily	476817	150	238	2.14716e-05	48.7736	cl38930	AmyAc_family superfamily	NC	 - 	Yes
Q#215 - WP_043732644.1	specific	426991	546	616	0.00143272	39.6302	pfam02806	Alpha-amylase_C	 - 	cl02706	Yes
Q#216 - WP_125626267.1	specific	200478	391	928	2.2956399999999999e-116	361.571	cd11339	AmyAc_bac_CMD_like_2	 - 	cl38930	Yes
Q#216 - WP_125626267.1	specific	367491	177	281	1.92047e-33	124.135	pfam03423	CBM_25	 - 	cl23798	Yes
Q#216 - WP_125626267.1	specific	367491	56	151	8.382239999999999e-22	91.0082	pfam03423	CBM_25	 - 	cl23798	Yes
Q#216 - WP_125626267.1	superfamily	442628	280	395	1.13119e-14	78.5056	cl27307	FN3 superfamily	NC	 - 	Yes
Q#216 - WP_125626267.1	superfamily	476817	432	668	3.60141e-14	75.9561	cl38930	AmyAc_family superfamily	C	 - 	Yes
Q#217 - WP_125626685.1	specific	200456	42	383	9.170769999999999e-175	497.086	cd11317	AmyAc_bac_euk_AmyA	 - 	cl38930	Yes
Q#217 - WP_125626685.1	specific	99883	479	573	2.11148e-47	160.608	cd05808	CBM20_alpha_amylase	 - 	cl15347	Yes
Q#217 - WP_125626685.1	specific	214749	389	465	4.42634e-28	107.324	smart00632	Aamy_C	 - 	cl02706	Yes
Q#218 - WP_115508957.1	superfamily	273974	945	1799	0.0	1001.27	cl37055	pullul_strch superfamily	 - 	 - 	Yes
Q#218 - WP_115508957.1	specific	200478	61	527	1.52307e-146	455.559	cd11339	AmyAc_bac_CMD_like_2	 - 	cl38930	Yes
Q#218 - WP_115508957.1	specific	461022	732	828	2.67733e-31	118.628	pfam03714	PUD	 - 	cl47835	Yes
Q#218 - WP_115508957.1	specific	461022	840	932	4.30911e-31	118.242	pfam03714	PUD	 - 	cl47835	Yes
Q#218 - WP_115508957.1	specific	214749	536	614	5.64115e-05	42.9953	smart00632	Aamy_C	 - 	cl02706	Yes
Q#219 - WP_129260069.1	specific	200456	37	368	5.15699e-151	432.372	cd11317	AmyAc_bac_euk_AmyA	 - 	cl38930	Yes
Q#219 - WP_129260069.1	specific	214749	374	457	2.2552200000000002e-32	118.109	smart00632	Aamy_C	 - 	cl02706	Yes
Q#220 - WP_078618958.1	superfamily	273974	39	897	0.0	1002.42	cl37055	pullul_strch superfamily	 - 	 - 	Yes
Q#221 - WP_189996456.1	specific	200456	33	374	8.67064e-174	490.152	cd11317	AmyAc_bac_euk_AmyA	 - 	cl38930	Yes
Q#221 - WP_189996456.1	specific	214749	380	454	4.12971e-26	100.775	smart00632	Aamy_C	 - 	cl02706	Yes
Q#222 - WP_128983301.1	specific	200456	35	381	5.161609999999999e-167	477.44	cd11317	AmyAc_bac_euk_AmyA	 - 	cl38930	Yes
Q#222 - WP_128983301.1	specific	99883	480	571	3.94373e-47	159.837	cd05808	CBM20_alpha_amylase	 - 	cl15347	Yes
Q#222 - WP_128983301.1	specific	214749	387	463	3.21292e-29	110.405	smart00632	Aamy_C	 - 	cl02706	Yes
Q#223 - WP_199930890.1	superfamily	273974	42	873	0.0	948.109	cl37055	pullul_strch superfamily	 - 	 - 	Yes
Q#224 - WP_076043953.1	specific	200456	37	383	6.220929999999999e-169	482.063	cd11317	AmyAc_bac_euk_AmyA	 - 	cl38930	Yes
Q#224 - WP_076043953.1	specific	99883	477	569	5.23507e-44	151.363	cd05808	CBM20_alpha_amylase	 - 	cl15347	Yes
Q#224 - WP_076043953.1	specific	214749	390	465	2.30744e-30	113.487	smart00632	Aamy_C	 - 	cl02706	Yes
Q#225 - WP_030077755.1	specific	200456	37	368	1.15602e-155	443.928	cd11317	AmyAc_bac_euk_AmyA	 - 	cl38930	Yes
Q#225 - WP_030077755.1	specific	214749	374	454	2.0139100000000002e-30	112.716	smart00632	Aamy_C	 - 	cl02706	Yes
Q#226 - WP_201815053.1	superfamily	273974	945	1796	0.0	1006.66	cl37055	pullul_strch superfamily	 - 	 - 	Yes
Q#226 - WP_201815053.1	specific	200478	61	527	1.26217e-145	452.863	cd11339	AmyAc_bac_CMD_like_2	 - 	cl38930	Yes
Q#226 - WP_201815053.1	specific	199215	731	830	5.41189e-33	123.596	cd10315	CBM41_pullulanase	 - 	cl47018	Yes
Q#226 - WP_201815053.1	specific	461022	840	932	5.93388e-30	114.776	pfam03714	PUD	 - 	cl47835	Yes
Q#226 - WP_201815053.1	specific	214749	536	614	8.85095e-05	42.6101	smart00632	Aamy_C	 - 	cl02706	Yes
Q#227 - WP_043462125.1	specific	200456	41	382	8.062070000000001e-176	500.167	cd11317	AmyAc_bac_euk_AmyA	 - 	cl38930	Yes
Q#227 - WP_043462125.1	specific	99883	485	579	9.23552e-48	161.763	cd05808	CBM20_alpha_amylase	 - 	cl15347	Yes
Q#227 - WP_043462125.1	specific	214749	388	464	2.2679e-29	110.79	smart00632	Aamy_C	 - 	cl02706	Yes
Q#228 - WP_128437194.1	superfamily	273974	950	1802	0.0	1007.04	cl37055	pullul_strch superfamily	 - 	 - 	Yes
Q#228 - WP_128437194.1	specific	200478	61	530	1.83855e-148	460.567	cd11339	AmyAc_bac_CMD_like_2	 - 	cl38930	Yes
Q#228 - WP_128437194.1	specific	461022	735	831	1.14332e-32	122.48	pfam03714	PUD	 - 	cl47835	Yes
Q#228 - WP_128437194.1	specific	461022	845	937	2.02451e-30	116.316	pfam03714	PUD	 - 	cl47835	Yes
Q#228 - WP_128437194.1	specific	426991	549	619	0.00122699	39.6302	pfam02806	Alpha-amylase_C	 - 	cl02706	Yes
Q#229 - WP_031093816.1	specific	200456	38	379	2.94884e-174	495.545	cd11317	AmyAc_bac_euk_AmyA	 - 	cl38930	Yes
Q#229 - WP_031093816.1	specific	99883	475	568	3.11726e-44	152.133	cd05808	CBM20_alpha_amylase	 - 	cl15347	Yes
Q#229 - WP_031093816.1	specific	214749	386	461	9.93771e-31	114.642	smart00632	Aamy_C	 - 	cl02706	Yes
Q#230 - WP_043446337.1	specific	200456	35	378	1.7819699999999998e-169	483.604	cd11317	AmyAc_bac_euk_AmyA	 - 	cl38930	Yes
Q#230 - WP_043446337.1	specific	99883	471	565	7.529610000000001e-41	142.888	cd05808	CBM20_alpha_amylase	 - 	cl15347	Yes
Q#230 - WP_043446337.1	specific	214749	384	460	7.036160000000001e-29	109.25	smart00632	Aamy_C	 - 	cl02706	Yes
Q#231 - WP_099200787.1	specific	200456	39	380	3.61754e-164	465.884	cd11317	AmyAc_bac_euk_AmyA	 - 	cl38930	Yes
Q#231 - WP_099200787.1	specific	214749	386	462	3.80987e-28	106.553	smart00632	Aamy_C	 - 	cl02706	Yes
Q#232 - WP_190200523.1	specific	200456	32	373	2.43776e-162	461.262	cd11317	AmyAc_bac_euk_AmyA	 - 	cl38930	Yes
Q#232 - WP_190200523.1	specific	214749	379	450	9.946360000000001e-28	105.398	smart00632	Aamy_C	 - 	cl02706	Yes
Q#233 - WP_109166027.1	superfamily	273974	916	1771	0.0	998.57	cl37055	pullul_strch superfamily	 - 	 - 	Yes
Q#233 - WP_109166027.1	specific	200478	52	514	9.01371e-148	458.256	cd11339	AmyAc_bac_CMD_like_2	 - 	cl38930	Yes
Q#233 - WP_109166027.1	specific	199215	811	901	7.9789e-27	105.877	cd10315	CBM41_pullulanase	 - 	cl47018	Yes
Q#233 - WP_109166027.1	specific	461022	717	797	9.11302e-15	71.6332	pfam03714	PUD	 - 	cl47835	Yes
Q#234 - WP_127154161.1	specific	200456	37	368	4.35786e-159	452.788	cd11317	AmyAc_bac_euk_AmyA	 - 	cl38930	Yes
Q#234 - WP_127154161.1	specific	214749	374	453	1.67478e-30	112.716	smart00632	Aamy_C	 - 	cl02706	Yes
Q#235 - WP_115508956.1	specific	200456	36	377	1.08228e-165	469.736	cd11317	AmyAc_bac_euk_AmyA	 - 	cl38930	Yes
Q#235 - WP_115508956.1	specific	214749	383	457	1.5498599999999998e-27	105.012	smart00632	Aamy_C	 - 	cl02706	Yes
Q#236 - WP_078866317.1	superfamily	273974	70	907	0.0	933.471	cl37055	pullul_strch superfamily	 - 	 - 	Yes
Q#237 - WP_190095562.1	specific	200456	32	373	1.76792e-177	499.397	cd11317	AmyAc_bac_euk_AmyA	 - 	cl38930	Yes
Q#237 - WP_190095562.1	specific	214749	379	453	1.78747e-26	101.931	smart00632	Aamy_C	 - 	cl02706	Yes
Q#238 - WP_234385799.1	specific	200478	70	539	2.09217e-152	447.47	cd11339	AmyAc_bac_CMD_like_2	 - 	cl38930	Yes
Q#238 - WP_234385799.1	specific	426991	558	629	3.17202e-05	43.097	pfam02806	Alpha-amylase_C	 - 	cl02706	Yes
Q#239 - WP_030732280.1	specific	200456	42	388	2.46724e-171	488.611	cd11317	AmyAc_bac_euk_AmyA	 - 	cl38930	Yes
Q#239 - WP_030732280.1	specific	99883	480	574	1.67926e-43	150.207	cd05808	CBM20_alpha_amylase	 - 	cl15347	Yes
Q#239 - WP_030732280.1	specific	214749	394	470	1.35842e-30	114.257	smart00632	Aamy_C	 - 	cl02706	Yes
Q#240 - WP_067431366.1	superfamily	273974	944	1795	0.0	990.481	cl37055	pullul_strch superfamily	 - 	 - 	Yes
Q#240 - WP_067431366.1	specific	200478	61	537	1.01528e-142	444.774	cd11339	AmyAc_bac_CMD_like_2	 - 	cl38930	Yes
Q#240 - WP_067431366.1	specific	461022	839	931	1.0837799999999999e-31	119.783	pfam03714	PUD	 - 	cl47835	Yes
Q#240 - WP_067431366.1	specific	461022	742	827	2.53124e-22	93.2044	pfam03714	PUD	 - 	cl47835	Yes
Q#240 - WP_067431366.1	specific	214749	546	624	9.76963e-06	45.3065	smart00632	Aamy_C	 - 	cl02706	Yes
Q#241 - WP_030205848.1	superfamily	273974	906	1760	0.0	997.799	cl37055	pullul_strch superfamily	 - 	 - 	Yes
Q#241 - WP_030205848.1	specific	200478	49	509	2.18767e-145	451.707	cd11339	AmyAc_bac_CMD_like_2	 - 	cl38930	Yes
Q#241 - WP_030205848.1	specific	199215	801	894	1.5372700000000002e-28	110.885	cd10315	CBM41_pullulanase	 - 	cl47018	Yes
Q#241 - WP_030205848.1	specific	199215	706	791	1.34808e-16	76.9873	cd10315	CBM41_pullulanase	 - 	cl47018	Yes
Q#242 - WP_164555735.1	superfamily	273974	949	1799	0.0	1017.44	cl37055	pullul_strch superfamily	 - 	 - 	Yes
Q#242 - WP_164555735.1	specific	200478	61	530	2.11666e-142	444.003	cd11339	AmyAc_bac_CMD_like_2	 - 	cl38930	Yes
Q#242 - WP_164555735.1	specific	461022	736	832	2.41942e-34	127.487	pfam03714	PUD	 - 	cl47835	Yes
Q#242 - WP_164555735.1	specific	199215	844	936	5.96356e-31	117.818	cd10315	CBM41_pullulanase	 - 	cl47018	Yes
Q#243 - WP_150227838.1	superfamily	273974	906	1760	0.0	1014.36	cl37055	pullul_strch superfamily	 - 	 - 	Yes
Q#243 - WP_150227838.1	specific	200478	49	509	1.44102e-145	452.478	cd11339	AmyAc_bac_CMD_like_2	 - 	cl38930	Yes
Q#243 - WP_150227838.1	specific	199215	801	891	1.7125e-29	113.581	cd10315	CBM41_pullulanase	 - 	cl47018	Yes
Q#243 - WP_150227838.1	specific	199215	707	791	7.92445e-16	74.6761	cd10315	CBM41_pullulanase	 - 	cl47018	Yes
Q#244 - WP_425472374.1	specific	200456	39	380	2.12742e-176	497.086	cd11317	AmyAc_bac_euk_AmyA	 - 	cl38930	Yes
Q#244 - WP_425472374.1	specific	214749	386	461	2.5381e-27	104.242	smart00632	Aamy_C	 - 	cl02706	Yes
Q#245 - WP_093767375.1	specific	200478	355	892	8.354120000000001e-121	372.356	cd11339	AmyAc_bac_CMD_like_2	 - 	cl38930	Yes
Q#245 - WP_093767375.1	specific	367491	141	245	4.48183e-43	151.87	pfam03423	CBM_25	 - 	cl23798	Yes
Q#245 - WP_093767375.1	superfamily	476817	396	632	4.3147800000000004e-24	105.742	cl38930	AmyAc_family superfamily	C	 - 	Yes
Q#245 - WP_093767375.1	specific	198134	46	121	1.12385e-22	92.8044	smart01066	CBM_25	 - 	cl23798	Yes
Q#245 - WP_093767375.1	superfamily	442628	245	431	7.21847e-09	59.6308	cl27307	FN3 superfamily	N	 - 	Yes
Q#246 - WP_031054077.1	specific	200456	38	369	8.61265e-151	431.987	cd11317	AmyAc_bac_euk_AmyA	 - 	cl38930	Yes
Q#246 - WP_031054077.1	specific	214749	376	458	1.8436e-33	120.806	smart00632	Aamy_C	 - 	cl02706	Yes
Q#247 - WP_125189777.1	specific	200456	35	376	1.02587e-163	464.729	cd11317	AmyAc_bac_euk_AmyA	 - 	cl38930	Yes
Q#247 - WP_125189777.1	specific	214749	382	456	3.7847699999999995e-27	103.857	smart00632	Aamy_C	 - 	cl02706	Yes
Q#248 - WP_075970176.1	superfamily	273974	931	1779	0.0	993.177	cl37055	pullul_strch superfamily	 - 	 - 	Yes
Q#248 - WP_075970176.1	specific	200478	49	518	6.59606e-146	453.633	cd11339	AmyAc_bac_CMD_like_2	 - 	cl38930	Yes
Q#248 - WP_075970176.1	specific	461022	718	810	2.75335e-31	118.628	pfam03714	PUD	 - 	cl47835	Yes
Q#248 - WP_075970176.1	specific	199215	825	918	8.924e-29	111.655	cd10315	CBM41_pullulanase	 - 	cl47018	Yes
Q#249 - WP_158101211.1	superfamily	273974	43	846	0.0	924.226	cl37055	pullul_strch superfamily	 - 	 - 	Yes
Q#250 - WP_078648799.1	superfamily	273974	45	880	0.0	956.968	cl37055	pullul_strch superfamily	 - 	 - 	Yes
Q#251 - WP_078872463.1	superfamily	273974	59	893	0.0	962.361	cl37055	pullul_strch superfamily	 - 	 - 	Yes
Q#252 - WP_184556842.1	superfamily	273974	948	1798	0.0	1019.37	cl37055	pullul_strch superfamily	 - 	 - 	Yes
Q#252 - WP_184556842.1	specific	200478	61	530	1.7155499999999998e-144	449.781	cd11339	AmyAc_bac_CMD_like_2	 - 	cl38930	Yes
Q#252 - WP_184556842.1	specific	199215	734	833	2.61962e-34	127.448	cd10315	CBM41_pullulanase	 - 	cl47018	Yes
Q#252 - WP_184556842.1	specific	461022	843	935	2.55332e-31	118.628	pfam03714	PUD	 - 	cl47835	Yes
Q#252 - WP_184556842.1	specific	426991	545	620	0.000594912	40.7858	pfam02806	Alpha-amylase_C	 - 	cl02706	Yes
Q#253 - WP_130334745.1	superfamily	273974	926	1777	0.0	1023.22	cl37055	pullul_strch superfamily	 - 	 - 	Yes
Q#253 - WP_130334745.1	specific	200478	42	508	1.82904e-146	455.174	cd11339	AmyAc_bac_CMD_like_2	 - 	cl38930	Yes
Q#253 - WP_130334745.1	specific	199215	712	811	7.838080000000001e-34	125.908	cd10315	CBM41_pullulanase	 - 	cl47018	Yes
Q#253 - WP_130334745.1	specific	199215	820	913	3.38759e-31	118.589	cd10315	CBM41_pullulanase	 - 	cl47018	Yes
Q#254 - WP_030753010.1	specific	200478	361	898	1.3605299999999999e-125	385.068	cd11339	AmyAc_bac_CMD_like_2	 - 	cl38930	Yes
Q#254 - WP_030753010.1	specific	367491	148	251	6.3598500000000006e-34	125.676	pfam03423	CBM_25	 - 	cl23798	Yes
Q#254 - WP_030753010.1	specific	367491	47	146	2.5873e-23	95.2454	pfam03423	CBM_25	 - 	cl23798	Yes
Q#254 - WP_030753010.1	superfamily	476817	402	633	1.90325e-16	82.8897	cl38930	AmyAc_family superfamily	C	 - 	Yes
Q#254 - WP_030753010.1	superfamily	443767	202	344	4.76895e-06	50.7141	cl34810	COG4733 superfamily	NC	 - 	Yes
Q#255 - WP_164422048.1	specific	200478	360	897	4.1784600000000006e-120	370.43	cd11339	AmyAc_bac_CMD_like_2	 - 	cl38930	Yes
Q#255 - WP_164422048.1	specific	367491	146	250	3.8194e-37	134.921	pfam03423	CBM_25	 - 	cl23798	Yes
Q#255 - WP_164422048.1	superfamily	476817	401	637	2.6151600000000002e-23	103.431	cl38930	AmyAc_family superfamily	C	 - 	Yes
Q#255 - WP_164422048.1	specific	367491	45	142	5.8472e-23	94.475	pfam03423	CBM_25	 - 	cl23798	Yes
Q#255 - WP_164422048.1	superfamily	442628	250	330	7.64998e-09	59.6308	cl27307	FN3 superfamily	NC	 - 	Yes
Q#256 - WP_030772104.1	specific	200456	42	388	1.0635100000000002e-170	487.07	cd11317	AmyAc_bac_euk_AmyA	 - 	cl38930	Yes
Q#256 - WP_030772104.1	specific	99883	480	574	1.4919e-44	152.904	cd05808	CBM20_alpha_amylase	 - 	cl15347	Yes
Q#256 - WP_030772104.1	specific	214749	394	470	1.78507e-22	91.5304	smart00632	Aamy_C	 - 	cl02706	Yes
Q#257 - WP_215214824.1	superfamily	273974	949	1799	0.0	997.029	cl37055	pullul_strch superfamily	 - 	 - 	Yes
Q#257 - WP_215214824.1	specific	200478	61	530	6.27603e-145	450.937	cd11339	AmyAc_bac_CMD_like_2	 - 	cl38930	Yes
Q#257 - WP_215214824.1	specific	199215	735	834	7.21933e-36	131.686	cd10315	CBM41_pullulanase	 - 	cl47018	Yes
Q#257 - WP_215214824.1	specific	199215	843	935	1.4023099999999998e-31	119.744	cd10315	CBM41_pullulanase	 - 	cl47018	Yes
Q#257 - WP_215214824.1	specific	426991	544	620	0.000217841	41.9414	pfam02806	Alpha-amylase_C	 - 	cl02706	Yes
Q#258 - WP_071382526.1	superfamily	273974	934	1785	0.0	1004.73	cl37055	pullul_strch superfamily	 - 	 - 	Yes
Q#258 - WP_071382526.1	specific	200478	50	516	3.5524399999999997e-143	445.929	cd11339	AmyAc_bac_CMD_like_2	 - 	cl38930	Yes
Q#258 - WP_071382526.1	specific	461022	721	817	7.53613e-32	120.168	pfam03714	PUD	 - 	cl47835	Yes
Q#258 - WP_071382526.1	specific	199215	828	921	6.2694900000000004e-30	114.737	cd10315	CBM41_pullulanase	 - 	cl47018	Yes
Q#258 - WP_071382526.1	specific	214749	525	602	0.000160038	41.8397	smart00632	Aamy_C	 - 	cl02706	Yes
Q#258 - WP_071382526.1	superfamily	476817	138	244	0.00181008	42.8672	cl38930	AmyAc_family superfamily	C	 - 	Yes
Q#259 - WP_374112960.1	superfamily	273974	931	1786	0.0	1030.54	cl37055	pullul_strch superfamily	 - 	 - 	Yes
Q#259 - WP_374112960.1	specific	200478	56	516	5.36082e-145	450.937	cd11339	AmyAc_bac_CMD_like_2	 - 	cl38930	Yes
Q#259 - WP_374112960.1	specific	199215	826	917	6.01421e-28	109.344	cd10315	CBM41_pullulanase	 - 	cl47018	Yes
Q#259 - WP_374112960.1	specific	461022	728	809	1.1185e-16	77.026	pfam03714	PUD	 - 	cl47835	Yes
Q#260 - WP_041128902.1	specific	200456	34	375	1.29526e-173	494.004	cd11317	AmyAc_bac_euk_AmyA	 - 	cl38930	Yes
Q#260 - WP_041128902.1	specific	99883	467	561	5.82287e-48	161.763	cd05808	CBM20_alpha_amylase	 - 	cl15347	Yes
Q#260 - WP_041128902.1	specific	214749	381	457	6.58864e-31	115.028	smart00632	Aamy_C	 - 	cl02706	Yes
Q#261 - WP_077796077.1	specific	200456	32	373	0.0	509.027	cd11317	AmyAc_bac_euk_AmyA	 - 	cl38930	Yes
Q#261 - WP_077796077.1	specific	214749	379	453	1.49298e-27	105.012	smart00632	Aamy_C	 - 	cl02706	Yes
Q#262 - WP_078893667.1	superfamily	273974	44	898	0.0	945.797	cl37055	pullul_strch superfamily	 - 	 - 	Yes
Q#263 - WP_189724663.1	specific	200456	32	373	1.807e-177	499.397	cd11317	AmyAc_bac_euk_AmyA	 - 	cl38930	Yes
Q#263 - WP_189724663.1	specific	214749	379	455	8.53192e-30	110.79	smart00632	Aamy_C	 - 	cl02706	Yes
Q#264 - WP_205019727.1	superfamily	273974	913	1767	0.0	973.532	cl37055	pullul_strch superfamily	 - 	 - 	Yes
Q#264 - WP_205019727.1	specific	200478	52	511	3.75714e-145	451.322	cd11339	AmyAc_bac_CMD_like_2	 - 	cl38930	Yes
Q#264 - WP_205019727.1	specific	199215	809	898	2.78774e-27	107.418	cd10315	CBM41_pullulanase	 - 	cl47018	Yes
Q#264 - WP_205019727.1	specific	199215	713	798	2.40829e-15	73.1353	cd10315	CBM41_pullulanase	 - 	cl47018	Yes
Q#265 - WP_030831810.1	specific	200478	356	893	3.77815e-119	368.119	cd11339	AmyAc_bac_CMD_like_2	 - 	cl38930	Yes
Q#265 - WP_030831810.1	specific	367491	142	246	1.17503e-37	136.462	pfam03423	CBM_25	 - 	cl23798	Yes
Q#265 - WP_030831810.1	superfamily	476817	397	633	2.48029e-21	97.6531	cl38930	AmyAc_family superfamily	C	 - 	Yes
Q#265 - WP_030831810.1	specific	367491	53	138	1.34895e-19	84.8451	pfam03423	CBM_25	 - 	cl23798	Yes
Q#265 - WP_030831810.1	specific	238020	251	325	6.29446e-10	56.7359	cd00063	FN3	 - 	cl21522	Yes
Q#266 - WP_126391764.1	superfamily	273974	948	1803	0.0	1025.53	cl37055	pullul_strch superfamily	 - 	 - 	Yes
Q#266 - WP_126391764.1	specific	200478	61	530	2.204e-145	452.478	cd11339	AmyAc_bac_CMD_like_2	 - 	cl38930	Yes
Q#266 - WP_126391764.1	specific	461022	735	831	1.0885200000000001e-32	122.48	pfam03714	PUD	 - 	cl47835	Yes
Q#266 - WP_126391764.1	specific	461022	843	935	8.03715e-30	114.39	pfam03714	PUD	 - 	cl47835	Yes
Q#266 - WP_126391764.1	superfamily	476817	150	238	0.000123754	46.4624	cl38930	AmyAc_family superfamily	NC	 - 	Yes
Q#266 - WP_126391764.1	specific	426991	549	619	0.001596	39.6302	pfam02806	Alpha-amylase_C	 - 	cl02706	Yes
Q#267 - WP_030671064.1	specific	200456	33	374	1.22662e-163	464.344	cd11317	AmyAc_bac_euk_AmyA	 - 	cl38930	Yes
Q#267 - WP_030671064.1	specific	214749	380	454	6.18337e-29	108.479	smart00632	Aamy_C	 - 	cl02706	Yes
Q#268 - WP_215173407.1	specific	200456	36	377	8.001199999999999e-178	500.552	cd11317	AmyAc_bac_euk_AmyA	 - 	cl38930	Yes
Q#268 - WP_215173407.1	specific	214749	383	457	1.2602100000000001e-26	102.316	smart00632	Aamy_C	 - 	cl02706	Yes
Q#269 - WP_030836431.1	specific	200456	32	373	7.78668e-178	500.552	cd11317	AmyAc_bac_euk_AmyA	 - 	cl38930	Yes
Q#269 - WP_030836431.1	specific	214749	379	453	1.96364e-27	104.627	smart00632	Aamy_C	 - 	cl02706	Yes
Q#270 - WP_150469144.1	specific	200478	365	902	6.27993e-121	372.742	cd11339	AmyAc_bac_CMD_like_2	 - 	cl38930	Yes
Q#270 - WP_150469144.1	specific	367491	151	253	3.05468e-39	140.699	pfam03423	CBM_25	 - 	cl23798	Yes
Q#270 - WP_150469144.1	superfamily	476817	406	642	3.88338e-24	106.128	cl38930	AmyAc_family superfamily	C	 - 	Yes
Q#270 - WP_150469144.1	specific	367491	42	139	7.13931e-23	94.0898	pfam03423	CBM_25	 - 	cl23798	Yes
Q#270 - WP_150469144.1	superfamily	442628	256	331	5.79231e-06	50.386	cl27307	FN3 superfamily	NC	 - 	Yes
Q#271 - WP_030837385.1	specific	200456	32	373	8.952520000000001e-176	495.16	cd11317	AmyAc_bac_euk_AmyA	 - 	cl38930	Yes
Q#271 - WP_030837385.1	specific	214749	379	453	1.2616800000000002e-28	107.709	smart00632	Aamy_C	 - 	cl02706	Yes
Q#272 - WP_218063397.1	specific	200456	46	392	1.0791000000000001e-159	463.188	cd11317	AmyAc_bac_euk_AmyA	 - 	cl38930	Yes
Q#272 - WP_218063397.1	specific	99883	595	687	9.07184e-45	154.83	cd05808	CBM20_alpha_amylase	 - 	cl15347	Yes
Q#272 - WP_218063397.1	specific	214749	399	485	2.16169e-31	116.954	smart00632	Aamy_C	 - 	cl02706	Yes
Q#272 - WP_218063397.1	specific	367491	491	588	6.48724e-25	99.4826	pfam03423	CBM_25	 - 	cl23798	Yes
Q#273 - WP_189820447.1	specific	200456	33	374	3.2743000000000005e-177	499.012	cd11317	AmyAc_bac_euk_AmyA	 - 	cl38930	Yes
Q#273 - WP_189820447.1	specific	214749	380	454	5.93633e-29	108.479	smart00632	Aamy_C	 - 	cl02706	Yes
Q#274 - WP_123451627.1	specific	200456	34	373	7.36554e-169	481.678	cd11317	AmyAc_bac_euk_AmyA	 - 	cl38930	Yes
Q#274 - WP_123451627.1	specific	99883	466	560	3.74391e-49	164.845	cd05808	CBM20_alpha_amylase	 - 	cl15347	Yes
Q#274 - WP_123451627.1	specific	214749	381	440	1.6114100000000001e-23	94.2268	smart00632	Aamy_C	C	cl02706	Yes
Q#275 - WP_069764344.1	specific	200456	35	376	1.26248e-163	464.344	cd11317	AmyAc_bac_euk_AmyA	 - 	cl38930	Yes
Q#275 - WP_069764344.1	specific	214749	382	456	3.02862e-27	103.857	smart00632	Aamy_C	 - 	cl02706	Yes
Q#276 - WP_169092374.1	specific	200478	365	899	3.10278e-116	360.415	cd11339	AmyAc_bac_CMD_like_2	 - 	cl38930	Yes
Q#276 - WP_169092374.1	specific	367491	153	255	1.54286e-34	127.217	pfam03423	CBM_25	 - 	cl23798	Yes
Q#276 - WP_169092374.1	specific	367491	51	150	4.7825499999999995e-22	91.7786	pfam03423	CBM_25	 - 	cl23798	Yes
Q#276 - WP_169092374.1	superfamily	476817	406	639	2.3685e-14	76.6288	cl38930	AmyAc_family superfamily	C	 - 	Yes
Q#276 - WP_169092374.1	superfamily	442628	251	335	5.82042e-06	50.386	cl27307	FN3 superfamily	NC	 - 	Yes
Q#277 - WP_226048716.1	superfamily	273974	42	876	0.0	950.035	cl37055	pullul_strch superfamily	 - 	 - 	Yes
Q#278 - WP_033299902.1	superfamily	273974	913	1767	0.0	981.236	cl37055	pullul_strch superfamily	 - 	 - 	Yes
Q#278 - WP_033299902.1	specific	200478	52	511	1.22467e-146	455.174	cd11339	AmyAc_bac_CMD_like_2	 - 	cl38930	Yes
Q#278 - WP_033299902.1	specific	199215	808	899	4.89828e-28	109.344	cd10315	CBM41_pullulanase	 - 	cl47018	Yes
Q#278 - WP_033299902.1	specific	199215	713	798	7.69006e-17	77.3725	cd10315	CBM41_pullulanase	 - 	cl47018	Yes
Q#279 - WP_077796429.1	specific	200478	58	519	7.11057e-131	400.091	cd11339	AmyAc_bac_CMD_like_2	 - 	cl38930	Yes
Q#279 - WP_077796429.1	specific	461022	821	915	2.3457400000000002e-26	103.99	pfam03714	PUD	 - 	cl47835	Yes
Q#279 - WP_077796429.1	specific	465594	929	1036	4.5910899999999995e-20	86.5201	pfam17967	Pullulanase_N2	 - 	cl40248	Yes
Q#279 - WP_077796429.1	superfamily	199215	722	805	2.06082e-09	55.8013	cl47018	CBM41_pullulanase superfamily	 - 	 - 	Yes
Q#279 - WP_077796429.1	specific	426991	533	608	0.00282313	38.0894	pfam02806	Alpha-amylase_C	 - 	cl02706	Yes
Q#280 - WP_205021387.1	specific	200456	37	368	1.28879e-148	426.209	cd11317	AmyAc_bac_euk_AmyA	 - 	cl38930	Yes
Q#280 - WP_205021387.1	specific	214749	374	457	9.09002e-31	113.487	smart00632	Aamy_C	 - 	cl02706	Yes
Q#281 - WP_030352719.1	superfamily	273974	938	1790	0.0	984.317	cl37055	pullul_strch superfamily	 - 	 - 	Yes
Q#281 - WP_030352719.1	specific	200478	60	526	1.6687699999999998e-144	449.781	cd11339	AmyAc_bac_CMD_like_2	 - 	cl38930	Yes
Q#281 - WP_030352719.1	specific	461022	834	926	1.54845e-28	110.924	pfam03714	PUD	 - 	cl47835	Yes
Q#281 - WP_030352719.1	specific	199215	735	819	4.4717e-15	72.3649	cd10315	CBM41_pullulanase	 - 	cl47018	Yes
Q#281 - WP_030352719.1	superfamily	476817	113	276	0.000490945	44.5305	cl38930	AmyAc_family superfamily	C	 - 	Yes
Q#281 - WP_030352719.1	specific	426991	539	619	0.00947692	37.319	pfam02806	Alpha-amylase_C	 - 	cl02706	Yes
Q#282 - WP_007388229.1	specific	200456	34	375	9.96098e-161	461.262	cd11317	AmyAc_bac_euk_AmyA	 - 	cl38930	Yes
Q#282 - WP_007388229.1	specific	99883	470	564	1.3905099999999998e-43	150.207	cd05808	CBM20_alpha_amylase	 - 	cl15347	Yes
Q#282 - WP_007388229.1	specific	214749	381	457	3.30735e-32	118.494	smart00632	Aamy_C	 - 	cl02706	Yes
Q#283 - WP_123451625.1	superfamily	273974	907	1761	0.0	1000.5	cl37055	pullul_strch superfamily	 - 	 - 	Yes
Q#283 - WP_123451625.1	specific	200478	51	510	1.24368e-147	457.871	cd11339	AmyAc_bac_CMD_like_2	 - 	cl38930	Yes
Q#283 - WP_123451625.1	specific	461022	803	895	2.20174e-30	115.931	pfam03714	PUD	 - 	cl47835	Yes
Q#283 - WP_123451625.1	specific	199215	708	793	1.25191e-15	73.9057	cd10315	CBM41_pullulanase	 - 	cl47018	Yes
Q#284 - WP_176143475.1	superfamily	273974	916	1771	0.0	955.813	cl37055	pullul_strch superfamily	 - 	 - 	Yes
Q#284 - WP_176143475.1	specific	200478	52	514	7.578399999999999e-148	458.641	cd11339	AmyAc_bac_CMD_like_2	 - 	cl38930	Yes
Q#284 - WP_176143475.1	specific	461022	812	902	1.15321e-26	105.531	pfam03714	PUD	 - 	cl47835	Yes
Q#284 - WP_176143475.1	specific	199215	716	797	2.11423e-14	70.4389	cd10315	CBM41_pullulanase	 - 	cl47018	Yes
Q#285 - WP_159482409.1	superfamily	273974	32	862	0.0	923.841	cl37055	pullul_strch superfamily	 - 	 - 	Yes
Q#286 - WP_106971559.1	superfamily	273974	933	1782	0.0	969.295	cl37055	pullul_strch superfamily	 - 	 - 	Yes
Q#286 - WP_106971559.1	specific	200478	49	518	1.4323e-142	444.389	cd11339	AmyAc_bac_CMD_like_2	 - 	cl38930	Yes
Q#286 - WP_106971559.1	specific	461022	720	812	1.28053e-31	119.398	pfam03714	PUD	 - 	cl47835	Yes
Q#286 - WP_106971559.1	specific	199215	828	920	1.33129e-28	110.885	cd10315	CBM41_pullulanase	 - 	cl47018	Yes
Q#286 - WP_106971559.1	superfamily	442692	534	725	0.000431848	45.1289	cl43877	Chi1 superfamily	C	 - 	Yes
Q#287 - WP_169085474.1	specific	200456	34	375	9.814879999999999e-173	492.078	cd11317	AmyAc_bac_euk_AmyA	 - 	cl38930	Yes
Q#287 - WP_169085474.1	specific	99883	479	570	7.9893e-49	164.46	cd05808	CBM20_alpha_amylase	 - 	cl15347	Yes
Q#287 - WP_169085474.1	specific	214749	381	457	9.28223e-31	114.642	smart00632	Aamy_C	 - 	cl02706	Yes
Q#288 - WP_150257174.1	specific	200456	37	383	3.19485e-161	462.803	cd11317	AmyAc_bac_euk_AmyA	 - 	cl38930	Yes
Q#288 - WP_150257174.1	specific	99883	475	569	1.60993e-43	150.207	cd05808	CBM20_alpha_amylase	 - 	cl15347	Yes
Q#288 - WP_150257174.1	specific	214749	390	465	4.8737900000000004e-29	110.02	smart00632	Aamy_C	 - 	cl02706	Yes
Q#289 - WP_055573318.1	superfamily	273974	953	1804	0.0	986.629	cl37055	pullul_strch superfamily	 - 	 - 	Yes
Q#289 - WP_055573318.1	specific	200478	61	530	7.74335e-145	450.937	cd11339	AmyAc_bac_CMD_like_2	 - 	cl38930	Yes
Q#289 - WP_055573318.1	specific	199215	739	838	4.94351e-34	126.678	cd10315	CBM41_pullulanase	 - 	cl47018	Yes
Q#289 - WP_055573318.1	specific	199215	847	939	4.29869e-31	118.204	cd10315	CBM41_pullulanase	 - 	cl47018	Yes
Q#289 - WP_055573318.1	specific	426991	545	625	0.00103165	40.0154	pfam02806	Alpha-amylase_C	 - 	cl02706	Yes
Q#290 - WP_005478443.1	specific	200456	35	376	6.339380000000001e-158	450.091	cd11317	AmyAc_bac_euk_AmyA	 - 	cl38930	Yes
Q#290 - WP_005478443.1	specific	214749	382	456	8.96884e-28	105.398	smart00632	Aamy_C	 - 	cl02706	Yes
Q#291 - WP_161372631.1	specific	200478	360	897	3.16602e-122	376.208	cd11339	AmyAc_bac_CMD_like_2	 - 	cl38930	Yes
Q#291 - WP_161372631.1	specific	367491	150	250	3.50828e-33	123.365	pfam03423	CBM_25	 - 	cl23798	Yes
Q#291 - WP_161372631.1	specific	367491	46	145	3.6812199999999994e-20	86.3858	pfam03423	CBM_25	 - 	cl23798	Yes
Q#291 - WP_161372631.1	superfamily	476817	401	637	1.26251e-14	77.3992	cl38930	AmyAc_family superfamily	C	 - 	Yes
Q#291 - WP_161372631.1	superfamily	442628	246	364	4.16707e-10	63.4828	cl27307	FN3 superfamily	NC	 - 	Yes
Q#292 - WP_098898312.1	superfamily	273974	916	1769	0.0	987.784	cl37055	pullul_strch superfamily	 - 	 - 	Yes
Q#292 - WP_098898312.1	specific	200478	52	514	6.70507e-148	458.641	cd11339	AmyAc_bac_CMD_like_2	 - 	cl38930	Yes
Q#292 - WP_098898312.1	specific	199215	811	902	8.540419999999999e-27	105.877	cd10315	CBM41_pullulanase	 - 	cl47018	Yes
Q#292 - WP_098898312.1	specific	199215	716	801	1.29966e-14	71.2093	cd10315	CBM41_pullulanase	 - 	cl47018	Yes
Q#292 - WP_098898312.1	superfamily	476817	140	239	0.00140746	43.2524	cl38930	AmyAc_family superfamily	C	 - 	Yes
Q#292 - WP_098898312.1	superfamily	442628	604	835	0.00362382	41.9116	cl27307	FN3 superfamily	N	 - 	Yes
Q#293 - WP_173312911.1	specific	200456	39	380	7.28819e-171	487.07	cd11317	AmyAc_bac_euk_AmyA	 - 	cl38930	Yes
Q#293 - WP_173312911.1	specific	99883	477	570	1.3852800000000002e-40	142.118	cd05808	CBM20_alpha_amylase	 - 	cl15347	Yes
Q#293 - WP_173312911.1	specific	214749	387	462	2.0867000000000002e-29	110.79	smart00632	Aamy_C	 - 	cl02706	Yes
Q#294 - WP_119987354.1	superfamily	273974	49	881	0.0	938.479	cl37055	pullul_strch superfamily	 - 	 - 	Yes
Q#295 - WP_261992970.1	specific	200478	49	472	7.77205e-140	405.098	cd11339	AmyAc_bac_CMD_like_2	 - 	cl38930	Yes
Q#296 - WP_215105345.1	specific	200456	39	380	1.61226e-170	486.3	cd11317	AmyAc_bac_euk_AmyA	 - 	cl38930	Yes
Q#296 - WP_215105345.1	specific	99883	480	575	5.77964e-43	148.666	cd05808	CBM20_alpha_amylase	 - 	cl15347	Yes
Q#296 - WP_215105345.1	specific	214749	386	462	1.0707100000000001e-23	94.9972	smart00632	Aamy_C	 - 	cl02706	Yes
Q#297 - WP_073747579.1	specific	200456	39	380	1.4241999999999999e-174	496.7	cd11317	AmyAc_bac_euk_AmyA	 - 	cl38930	Yes
Q#297 - WP_073747579.1	specific	99883	480	575	1.6095599999999998e-45	155.6	cd05808	CBM20_alpha_amylase	 - 	cl15347	Yes
Q#297 - WP_073747579.1	specific	214749	387	462	9.73806e-31	114.642	smart00632	Aamy_C	 - 	cl02706	Yes
Q#298 - WP_170313951.1	specific	200478	361	898	6.01124e-125	383.142	cd11339	AmyAc_bac_CMD_like_2	 - 	cl38930	Yes
Q#298 - WP_170313951.1	specific	367491	148	251	7.66136e-35	128.373	pfam03423	CBM_25	 - 	cl23798	Yes
Q#298 - WP_170313951.1	specific	367491	47	146	4.0039e-24	97.5566	pfam03423	CBM_25	 - 	cl23798	Yes
Q#298 - WP_170313951.1	superfamily	476817	402	633	2.72166e-15	79.4229	cl38930	AmyAc_family superfamily	C	 - 	Yes
Q#298 - WP_170313951.1	specific	238020	256	330	0.00214724	38.2463	cd00063	FN3	 - 	cl21522	Yes
Q#299 - WP_189297218.1	specific	200456	37	369	3.08289e-159	453.173	cd11317	AmyAc_bac_euk_AmyA	 - 	cl38930	Yes
Q#299 - WP_189297218.1	specific	214749	375	455	1.03497e-26	102.701	smart00632	Aamy_C	 - 	cl02706	Yes
Q#300 - WP_030548622.1	superfamily	273974	931	1786	0.0	1040.56	cl37055	pullul_strch superfamily	 - 	 - 	Yes
Q#300 - WP_030548622.1	specific	200478	59	520	1.59752e-142	444.389	cd11339	AmyAc_bac_CMD_like_2	 - 	cl38930	Yes
Q#300 - WP_030548622.1	specific	461022	827	917	1.0655800000000002e-28	111.309	pfam03714	PUD	 - 	cl47835	Yes
Q#300 - WP_030548622.1	specific	199215	727	815	7.85089e-17	77.3725	cd10315	CBM41_pullulanase	 - 	cl47018	Yes
Q#300 - WP_030548622.1	specific	426991	533	609	0.00889719	37.319	pfam02806	Alpha-amylase_C	 - 	cl02706	Yes
Q#301 - WP_093625923.1	specific	200456	43	395	2.79196e-145	426.209	cd11317	AmyAc_bac_euk_AmyA	 - 	cl38930	Yes
Q#301 - WP_093625923.1	superfamily	449530	599	691	3.1452599999999997e-35	128.251	cl15347	CBM20 superfamily	 - 	 - 	Yes
Q#301 - WP_093625923.1	superfamily	449530	497	590	6.53897e-32	119.006	cl15347	CBM20 superfamily	 - 	 - 	Yes
Q#301 - WP_093625923.1	specific	214749	402	477	8.53652e-11	58.4033	smart00632	Aamy_C	 - 	cl02706	Yes
Q#302 - WP_395100336.1	specific	200456	49	381	1.04068e-159	454.714	cd11317	AmyAc_bac_euk_AmyA	 - 	cl38930	Yes
Q#302 - WP_395100336.1	specific	214749	387	467	5.55269e-32	116.954	smart00632	Aamy_C	 - 	cl02706	Yes
Q#303 - WP_129859104.1	superfamily	273974	46	888	0.0	978.154	cl37055	pullul_strch superfamily	 - 	 - 	Yes
Q#304 - WP_200711627.1	specific	200456	33	374	2.64212e-176	496.7	cd11317	AmyAc_bac_euk_AmyA	 - 	cl38930	Yes
Q#304 - WP_200711627.1	specific	214749	380	456	4.28316e-27	103.472	smart00632	Aamy_C	 - 	cl02706	Yes
Q#305 - WP_053683671.1	superfamily	273974	931	1779	0.0	986.629	cl37055	pullul_strch superfamily	 - 	 - 	Yes
Q#305 - WP_053683671.1	specific	200478	49	518	2.42699e-143	446.315	cd11339	AmyAc_bac_CMD_like_2	 - 	cl38930	Yes
Q#305 - WP_053683671.1	specific	461022	718	810	2.4033000000000003e-31	118.628	pfam03714	PUD	 - 	cl47835	Yes
Q#305 - WP_053683671.1	specific	199215	825	918	1.08376e-28	111.27	cd10315	CBM41_pullulanase	 - 	cl47018	Yes
Q#305 - WP_053683671.1	superfamily	445893	531	598	0.00416351	37.5269	cl02706	Malt_amylase_C superfamily	 - 	 - 	Yes
Q#306 - WP_030545464.1	specific	200478	360	897	1.27605e-124	382.372	cd11339	AmyAc_bac_CMD_like_2	 - 	cl38930	Yes
Q#306 - WP_030545464.1	specific	367491	148	250	1.23378e-35	130.684	pfam03423	CBM_25	 - 	cl23798	Yes
Q#306 - WP_030545464.1	specific	367491	48	145	1.2229e-23	96.401	pfam03423	CBM_25	 - 	cl23798	Yes
Q#306 - WP_030545464.1	superfamily	476817	401	637	3.60367e-18	88.2825	cl38930	AmyAc_family superfamily	C	 - 	Yes
Q#306 - WP_030545464.1	superfamily	442628	246	422	2.025e-10	64.6384	cl27307	FN3 superfamily	N	 - 	Yes
Q#307 - WP_141301323.1	superfamily	273974	906	1760	0.0	966.213	cl37055	pullul_strch superfamily	 - 	 - 	Yes
Q#307 - WP_141301323.1	specific	200478	49	509	9.783629999999999e-146	452.863	cd11339	AmyAc_bac_CMD_like_2	 - 	cl38930	Yes
Q#307 - WP_141301323.1	specific	461022	802	894	2.67271e-29	112.85	pfam03714	PUD	 - 	cl47835	Yes
Q#307 - WP_141301323.1	specific	199215	706	792	3.25943e-17	78.5281	cd10315	CBM41_pullulanase	 - 	cl47018	Yes
Q#307 - WP_141301323.1	superfamily	476817	137	237	0.00242673	42.482	cl38930	AmyAc_family superfamily	C	 - 	Yes
Q#308 - WP_087788911.1	superfamily	273974	923	1778	0.0	953.887	cl37055	pullul_strch superfamily	 - 	 - 	Yes
Q#308 - WP_087788911.1	specific	200478	59	521	1.17947e-143	447.47	cd11339	AmyAc_bac_CMD_like_2	 - 	cl38930	Yes
Q#308 - WP_087788911.1	specific	461022	819	909	1.43512e-27	107.842	pfam03714	PUD	 - 	cl47835	Yes
Q#308 - WP_087788911.1	specific	426991	534	607	1.19796e-06	48.4898	pfam02806	Alpha-amylase_C	 - 	cl02706	Yes
Q#309 - WP_007381559.1	specific	200456	38	379	4.46045e-165	468.196	cd11317	AmyAc_bac_euk_AmyA	 - 	cl38930	Yes
Q#309 - WP_007381559.1	specific	214749	385	461	2.44731e-29	109.635	smart00632	Aamy_C	 - 	cl02706	Yes
Q#310 - WP_307850800.1	superfamily	273974	909	1763	0.0	979.31	cl37055	pullul_strch superfamily	 - 	 - 	Yes
Q#310 - WP_307850800.1	specific	200478	49	512	4.15885e-146	453.633	cd11339	AmyAc_bac_CMD_like_2	 - 	cl38930	Yes
Q#310 - WP_307850800.1	specific	461022	805	897	2.38138e-29	113.235	pfam03714	PUD	 - 	cl47835	Yes
Q#310 - WP_307850800.1	specific	199215	710	795	6.70312e-17	77.7577	cd10315	CBM41_pullulanase	 - 	cl47018	Yes
Q#311 - WP_125189778.1	superfamily	273974	946	1798	0.0	1006.27	cl37055	pullul_strch superfamily	 - 	 - 	Yes
Q#311 - WP_125189778.1	specific	200478	61	528	2.65122e-148	460.182	cd11339	AmyAc_bac_CMD_like_2	 - 	cl38930	Yes
Q#311 - WP_125189778.1	specific	461022	733	829	8.04183e-33	122.865	pfam03714	PUD	 - 	cl47835	Yes
Q#311 - WP_125189778.1	specific	199215	840	932	4.32098e-31	118.204	cd10315	CBM41_pullulanase	 - 	cl47018	Yes
Q#311 - WP_125189778.1	specific	214749	537	615	7.57164e-05	42.9953	smart00632	Aamy_C	 - 	cl02706	Yes
Q#312 - WP_004988960.1	specific	200456	32	373	6.06791e-180	505.56	cd11317	AmyAc_bac_euk_AmyA	 - 	cl38930	Yes
Q#312 - WP_004988960.1	specific	214749	379	453	1.49298e-27	105.012	smart00632	Aamy_C	 - 	cl02706	Yes
Q#313 - WP_031016850.1	superfamily	273974	948	1803	0.0	1037.09	cl37055	pullul_strch superfamily	 - 	 - 	Yes
Q#313 - WP_031016850.1	specific	200478	61	530	8.15984e-145	450.937	cd11339	AmyAc_bac_CMD_like_2	 - 	cl38930	Yes
Q#313 - WP_031016850.1	specific	199215	734	833	3.68259e-33	123.982	cd10315	CBM41_pullulanase	 - 	cl47018	Yes
Q#313 - WP_031016850.1	specific	199215	843	935	1.23688e-30	117.048	cd10315	CBM41_pullulanase	 - 	cl47018	Yes
Q#313 - WP_031016850.1	specific	214749	539	617	4.47492e-05	43.3805	smart00632	Aamy_C	 - 	cl02706	Yes
Q#314 - WP_075970177.1	specific	200456	43	389	3.56373e-157	452.402	cd11317	AmyAc_bac_euk_AmyA	 - 	cl38930	Yes
Q#314 - WP_075970177.1	specific	99883	481	575	1.3784899999999998e-45	155.6	cd05808	CBM20_alpha_amylase	 - 	cl15347	Yes
Q#314 - WP_075970177.1	specific	214749	396	471	1.978e-31	116.568	smart00632	Aamy_C	 - 	cl02706	Yes
Q#315 - WP_215173406.1	superfamily	273974	957	1808	0.0	956.968	cl37055	pullul_strch superfamily	 - 	 - 	Yes
Q#315 - WP_215173406.1	specific	200478	72	539	1.19065e-146	455.945	cd11339	AmyAc_bac_CMD_like_2	 - 	cl38930	Yes
Q#315 - WP_215173406.1	specific	199215	743	842	3.58701e-33	123.982	cd10315	CBM41_pullulanase	 - 	cl47018	Yes
Q#315 - WP_215173406.1	specific	199215	851	944	5.64361e-30	115.122	cd10315	CBM41_pullulanase	 - 	cl47018	Yes
Q#316 - WP_079426392.1	superfamily	273974	948	1798	0.0	984.317	cl37055	pullul_strch superfamily	 - 	 - 	Yes
Q#316 - WP_079426392.1	specific	200478	49	519	1.5372e-142	444.389	cd11339	AmyAc_bac_CMD_like_2	 - 	cl38930	Yes
Q#316 - WP_079426392.1	specific	461022	735	827	4.06286e-31	118.242	pfam03714	PUD	 - 	cl47835	Yes
Q#316 - WP_079426392.1	specific	461022	843	935	1.35419e-29	113.62	pfam03714	PUD	 - 	cl47835	Yes
Q#317 - WP_030616887.1	specific	200478	358	895	2.0997600000000003e-120	371.201	cd11339	AmyAc_bac_CMD_like_2	 - 	cl38930	Yes
Q#317 - WP_030616887.1	specific	367491	146	248	5.50047e-36	131.454	pfam03423	CBM_25	 - 	cl23798	Yes
Q#317 - WP_030616887.1	specific	367491	44	143	1.8177e-23	95.6306	pfam03423	CBM_25	 - 	cl23798	Yes
Q#317 - WP_030616887.1	superfamily	476817	399	635	3.45619e-17	85.2009	cl38930	AmyAc_family superfamily	C	 - 	Yes
Q#317 - WP_030616887.1	specific	238020	253	340	7.0907e-10	56.7359	cd00063	FN3	 - 	cl21522	Yes
Q#318 - WP_159474334.1	specific	200456	37	368	7.461690000000001e-157	447.01	cd11317	AmyAc_bac_euk_AmyA	 - 	cl38930	Yes
Q#318 - WP_159474334.1	specific	214749	374	453	3.6737e-29	109.25	smart00632	Aamy_C	 - 	cl02706	Yes
Q#319 - WP_097250366.1	superfamily	273974	957	1812	0.0	1008.2	cl37055	pullul_strch superfamily	 - 	 - 	Yes
Q#319 - WP_097250366.1	specific	200478	64	539	1.99776e-143	447.085	cd11339	AmyAc_bac_CMD_like_2	 - 	cl38930	Yes
Q#319 - WP_097250366.1	specific	461022	744	840	3.9796700000000004e-30	115.161	pfam03714	PUD	 - 	cl47835	Yes
Q#319 - WP_097250366.1	specific	199215	852	944	2.67393e-26	104.336	cd10315	CBM41_pullulanase	 - 	cl47018	Yes
Q#319 - WP_097250366.1	specific	214749	548	626	8.60074e-06	45.3065	smart00632	Aamy_C	 - 	cl02706	Yes
Q#320 - WP_194082888.1	superfamily	273974	945	1798	0.0	1018.99	cl37055	pullul_strch superfamily	 - 	 - 	Yes
Q#320 - WP_194082888.1	specific	200478	61	527	6.769429999999999e-149	461.723	cd11339	AmyAc_bac_CMD_like_2	 - 	cl38930	Yes
Q#320 - WP_194082888.1	specific	461022	732	828	1.05546e-32	122.865	pfam03714	PUD	 - 	cl47835	Yes
Q#320 - WP_194082888.1	specific	461022	840	932	2.16348e-31	119.013	pfam03714	PUD	 - 	cl47835	Yes
Q#320 - WP_194082888.1	specific	214749	536	614	0.00138924	39.1433	smart00632	Aamy_C	 - 	cl02706	Yes
Q#321 - WP_373318844.1	superfamily	273974	932	1780	0.0	978.154	cl37055	pullul_strch superfamily	 - 	 - 	Yes
Q#321 - WP_373318844.1	specific	200478	50	519	1.13884e-144	450.167	cd11339	AmyAc_bac_CMD_like_2	 - 	cl38930	Yes
Q#321 - WP_373318844.1	specific	461022	719	811	2.47578e-31	118.628	pfam03714	PUD	 - 	cl47835	Yes
Q#321 - WP_373318844.1	specific	199215	827	915	1.90434e-27	107.803	cd10315	CBM41_pullulanase	 - 	cl47018	Yes
Q#322 - WP_141204617.1	specific	200456	38	379	2.87472e-166	471.277	cd11317	AmyAc_bac_euk_AmyA	 - 	cl38930	Yes
Q#322 - WP_141204617.1	specific	214749	385	459	7.30473e-28	105.783	smart00632	Aamy_C	 - 	cl02706	Yes
Q#323 - WP_208641481.1	specific	200456	31	372	1.95898e-175	494.389	cd11317	AmyAc_bac_euk_AmyA	 - 	cl38930	Yes
Q#323 - WP_208641481.1	specific	214749	378	450	2.96758e-28	106.553	smart00632	Aamy_C	 - 	cl02706	Yes
Q#324 - WP_031179828.1	superfamily	273974	945	1798	0.0	1026.69	cl37055	pullul_strch superfamily	 - 	 - 	Yes
Q#324 - WP_031179828.1	specific	200478	61	527	8.1069e-147	456.33	cd11339	AmyAc_bac_CMD_like_2	 - 	cl38930	Yes
Q#324 - WP_031179828.1	specific	461022	732	828	5.39447e-33	123.635	pfam03714	PUD	 - 	cl47835	Yes
Q#324 - WP_031179828.1	specific	199215	839	932	1.2551700000000001e-29	113.966	cd10315	CBM41_pullulanase	 - 	cl47018	Yes
Q#325 - WP_030543139.1	specific	200478	383	920	8.89047e-117	362.726	cd11339	AmyAc_bac_CMD_like_2	 - 	cl38930	Yes
Q#325 - WP_030543139.1	specific	367491	176	273	1.8096099999999999e-31	118.743	pfam03423	CBM_25	 - 	cl23798	Yes
Q#325 - WP_030543139.1	specific	367491	65	154	2.98088e-19	83.6895	pfam03423	CBM_25	 - 	cl23798	Yes
Q#325 - WP_030543139.1	superfamily	442628	273	375	9.0476e-16	81.9724	cl27307	FN3 superfamily	NC	 - 	Yes
Q#325 - WP_030543139.1	superfamily	476817	424	657	1.83147e-12	70.7526	cl38930	AmyAc_family superfamily	C	 - 	Yes
Q#326 - WP_217460482.1	specific	200456	34	375	1.28038e-175	494.774	cd11317	AmyAc_bac_euk_AmyA	 - 	cl38930	Yes
Q#326 - WP_217460482.1	specific	214749	381	455	3.7846300000000003e-28	106.553	smart00632	Aamy_C	 - 	cl02706	Yes
Q#327 - WP_217136747.1	superfamily	273974	953	1799	0.0	1010.13	cl37055	pullul_strch superfamily	 - 	 - 	Yes
Q#327 - WP_217136747.1	specific	200478	61	530	1.86537e-146	455.174	cd11339	AmyAc_bac_CMD_like_2	 - 	cl38930	Yes
Q#327 - WP_217136747.1	specific	461022	736	832	1.5609e-33	125.176	pfam03714	PUD	 - 	cl47835	Yes
Q#327 - WP_217136747.1	specific	199215	844	935	2.90408e-30	115.892	cd10315	CBM41_pullulanase	 - 	cl47018	Yes
Q#327 - WP_217136747.1	specific	426991	549	621	5.95245e-05	43.4822	pfam02806	Alpha-amylase_C	 - 	cl02706	Yes
Q#328 - WP_074992121.1	superfamily	273974	948	1802	0.0	997.029	cl37055	pullul_strch superfamily	 - 	 - 	Yes
Q#328 - WP_074992121.1	specific	200478	64	530	6.70395e-136	426.284	cd11339	AmyAc_bac_CMD_like_2	 - 	cl38930	Yes
Q#328 - WP_074992121.1	specific	461022	735	831	1.54068e-30	116.316	pfam03714	PUD	 - 	cl47835	Yes
Q#328 - WP_074992121.1	specific	199215	842	934	3.62891e-30	115.507	cd10315	CBM41_pullulanase	 - 	cl47018	Yes
Q#328 - WP_074992121.1	superfamily	476817	146	287	8.61733e-06	50.3085	cl38930	AmyAc_family superfamily	C	 - 	Yes
Q#328 - WP_074992121.1	specific	426991	549	620	0.00369223	38.4746	pfam02806	Alpha-amylase_C	 - 	cl02706	Yes
Q#329 - WP_033210042.1	specific	200456	35	376	1.88486e-169	483.604	cd11317	AmyAc_bac_euk_AmyA	 - 	cl38930	Yes
Q#329 - WP_033210042.1	specific	99883	481	572	4.997589999999999e-49	164.845	cd05808	CBM20_alpha_amylase	 - 	cl15347	Yes
Q#329 - WP_033210042.1	specific	214749	382	458	4.43273e-30	112.716	smart00632	Aamy_C	 - 	cl02706	Yes
Q#330 - WP_184826972.1	specific	200456	34	374	1.55075e-162	465.884	cd11317	AmyAc_bac_euk_AmyA	 - 	cl38930	Yes
Q#330 - WP_184826972.1	specific	99883	470	564	3.1721099999999998e-43	149.052	cd05808	CBM20_alpha_amylase	 - 	cl15347	Yes
Q#330 - WP_184826972.1	specific	214749	380	456	9.61093e-31	114.642	smart00632	Aamy_C	 - 	cl02706	Yes
Q#331 - WP_179199295.1	specific	200478	61	527	7.07471e-150	439.766	cd11339	AmyAc_bac_CMD_like_2	 - 	cl38930	Yes
Q#331 - WP_179199295.1	specific	214749	536	614	0.00031367	39.9137	smart00632	Aamy_C	 - 	cl02706	Yes
Q#332 - WP_097216235.1	superfamily	273974	953	1800	0.0	1017.44	cl37055	pullul_strch superfamily	 - 	 - 	Yes
Q#332 - WP_097216235.1	specific	200478	61	530	2.51611e-145	452.093	cd11339	AmyAc_bac_CMD_like_2	 - 	cl38930	Yes
Q#332 - WP_097216235.1	specific	199215	735	834	6.29047e-35	128.989	cd10315	CBM41_pullulanase	 - 	cl47018	Yes
Q#332 - WP_097216235.1	specific	199215	843	936	5.10242e-31	117.818	cd10315	CBM41_pullulanase	 - 	cl47018	Yes
Q#332 - WP_097216235.1	specific	426991	545	620	4.75305e-05	43.8674	pfam02806	Alpha-amylase_C	 - 	cl02706	Yes
Q#333 - WP_189818929.1	specific	200456	34	375	1.0120800000000001e-163	468.966	cd11317	AmyAc_bac_euk_AmyA	 - 	cl38930	Yes
Q#333 - WP_189818929.1	specific	99883	474	568	2.0906400000000001e-47	160.608	cd05808	CBM20_alpha_amylase	 - 	cl15347	Yes
Q#333 - WP_189818929.1	specific	214749	381	457	1.3400600000000001e-30	114.257	smart00632	Aamy_C	 - 	cl02706	Yes
Q#334 - WP_210917716.1	specific	200478	61	530	2.16226e-146	447.085	cd11339	AmyAc_bac_CMD_like_2	 - 	cl38930	Yes
Q#334 - WP_210917716.1	superfamily	273974	948	1324	4.67315e-127	414.992	cl37055	pullul_strch superfamily	C	 - 	Yes
Q#334 - WP_210917716.1	specific	199215	734	833	6.05914e-33	123.211	cd10315	CBM41_pullulanase	 - 	cl47018	Yes
Q#334 - WP_210917716.1	specific	199215	842	935	3.9428299999999997e-31	117.818	cd10315	CBM41_pullulanase	 - 	cl47018	Yes
Q#334 - WP_210917716.1	specific	426991	549	619	9.19427e-05	42.7118	pfam02806	Alpha-amylase_C	 - 	cl02706	Yes
Q#335 - WP_031015252.1	specific	200478	364	901	3.4126600000000004e-122	376.208	cd11339	AmyAc_bac_CMD_like_2	 - 	cl38930	Yes
Q#335 - WP_031015252.1	specific	367491	154	254	1.6844600000000002e-33	124.521	pfam03423	CBM_25	 - 	cl23798	Yes
Q#335 - WP_031015252.1	superfamily	476817	405	641	3.21978e-23	103.431	cl38930	AmyAc_family superfamily	C	 - 	Yes
Q#335 - WP_031015252.1	specific	367491	50	149	3.58038e-22	92.1638	pfam03423	CBM_25	 - 	cl23798	Yes
Q#335 - WP_031015252.1	specific	238020	259	333	0.00845003	36.7055	cd00063	FN3	 - 	cl21522	Yes
Q#336 - WP_215105343.1	superfamily	273974	916	1769	0.0	970.835	cl37055	pullul_strch superfamily	 - 	 - 	Yes
Q#336 - WP_215105343.1	specific	200478	52	514	4.93694e-148	459.026	cd11339	AmyAc_bac_CMD_like_2	 - 	cl38930	Yes
Q#336 - WP_215105343.1	specific	199215	811	902	2.93334e-26	104.336	cd10315	CBM41_pullulanase	 - 	cl47018	Yes
Q#337 - WP_159682867.1	specific	200478	364	901	9.00468e-117	361.956	cd11339	AmyAc_bac_CMD_like_2	 - 	cl38930	Yes
Q#337 - WP_159682867.1	specific	367491	152	254	1.57371e-38	138.773	pfam03423	CBM_25	 - 	cl23798	Yes
Q#337 - WP_159682867.1	superfamily	476817	405	641	1.8120599999999999e-25	109.98	cl38930	AmyAc_family superfamily	C	 - 	Yes
Q#337 - WP_159682867.1	specific	367491	47	140	9.36248e-23	93.7046	pfam03423	CBM_25	 - 	cl23798	Yes
Q#337 - WP_159682867.1	specific	238020	259	329	1.36982e-06	47.4911	cd00063	FN3	 - 	cl21522	Yes
Q#338 - WP_150503286.1	specific	200456	44	395	5.33805e-142	414.268	cd11317	AmyAc_bac_euk_AmyA	 - 	cl38930	Yes
Q#338 - WP_150503286.1	specific	99883	495	586	5.41036e-43	149.052	cd05808	CBM20_alpha_amylase	 - 	cl15347	Yes
Q#338 - WP_150503286.1	specific	214749	401	476	1.18077e-13	66.4925	smart00632	Aamy_C	 - 	cl02706	Yes
Q#339 - WP_201300549.1	specific	200456	32	373	9.84615e-163	462.032	cd11317	AmyAc_bac_euk_AmyA	 - 	cl38930	Yes
Q#339 - WP_201300549.1	specific	214749	380	453	1.75136e-25	99.2344	smart00632	Aamy_C	 - 	cl02706	Yes
Q#340 - WP_030837387.1	superfamily	273974	948	1799	0.0	1017.44	cl37055	pullul_strch superfamily	 - 	 - 	Yes
Q#340 - WP_030837387.1	specific	200478	61	530	3.48385e-145	451.707	cd11339	AmyAc_bac_CMD_like_2	 - 	cl38930	Yes
Q#340 - WP_030837387.1	specific	199215	734	833	7.93645e-35	128.989	cd10315	CBM41_pullulanase	 - 	cl47018	Yes
Q#340 - WP_030837387.1	specific	199215	842	935	2.29603e-29	113.196	cd10315	CBM41_pullulanase	 - 	cl47018	Yes
Q#340 - WP_030837387.1	specific	426991	545	619	0.000145922	42.3266	pfam02806	Alpha-amylase_C	 - 	cl02706	Yes
Q#341 - WP_234317591.1	superfamily	273974	42	876	0.0	963.131	cl37055	pullul_strch superfamily	 - 	 - 	Yes
Q#342 - WP_037642983.1	specific	200478	357	894	2.52441e-121	373.897	cd11339	AmyAc_bac_CMD_like_2	 - 	cl38930	Yes
Q#342 - WP_037642983.1	specific	367491	143	247	2.29664e-42	149.559	pfam03423	CBM_25	 - 	cl23798	Yes
Q#342 - WP_037642983.1	specific	198134	43	123	3.35411e-25	100.123	smart01066	CBM_25	 - 	cl23798	Yes
Q#342 - WP_037642983.1	superfamily	476817	398	634	2.16608e-15	79.7104	cl38930	AmyAc_family superfamily	C	 - 	Yes
Q#342 - WP_037642983.1	superfamily	442628	247	361	5.73501e-15	79.276	cl27307	FN3 superfamily	NC	 - 	Yes
Q#343 - WP_046086244.1	specific	200456	38	379	9.96566e-172	485.144	cd11317	AmyAc_bac_euk_AmyA	 - 	cl38930	Yes
Q#343 - WP_046086244.1	specific	214749	385	461	1.32071e-30	113.102	smart00632	Aamy_C	 - 	cl02706	Yes
Q#344 - WP_045950758.1	specific	200478	49	519	2.21093e-147	429.366	cd11339	AmyAc_bac_CMD_like_2	 - 	cl38930	Yes
Q#345 - WP_152885698.1	specific	200456	47	399	5.56259e-146	428.135	cd11317	AmyAc_bac_euk_AmyA	 - 	cl38930	Yes
Q#345 - WP_152885698.1	specific	99883	604	696	9.76092e-37	132.488	cd05808	CBM20_alpha_amylase	 - 	cl15347	Yes
Q#345 - WP_152885698.1	superfamily	449530	502	595	5.12253e-30	113.613	cl15347	CBM20 superfamily	 - 	 - 	Yes
Q#345 - WP_152885698.1	specific	214749	427	481	2.8788e-06	45.6917	smart00632	Aamy_C	N	cl02706	Yes
Q#346 - WP_030583769.1	superfamily	273974	916	1769	0.0	988.169	cl37055	pullul_strch superfamily	 - 	 - 	Yes
Q#346 - WP_030583769.1	specific	200478	52	514	3.42961e-145	451.322	cd11339	AmyAc_bac_CMD_like_2	 - 	cl38930	Yes
Q#346 - WP_030583769.1	specific	461022	812	902	1.19863e-27	108.227	pfam03714	PUD	 - 	cl47835	Yes
Q#346 - WP_030583769.1	specific	199215	716	796	4.16263e-15	72.7501	cd10315	CBM41_pullulanase	 - 	cl47018	Yes
Q#347 - WP_055573319.1	specific	200456	32	373	1.6849800000000002e-178	502.093	cd11317	AmyAc_bac_euk_AmyA	 - 	cl38930	Yes
Q#347 - WP_055573319.1	specific	214749	379	453	2.81981e-28	106.938	smart00632	Aamy_C	 - 	cl02706	Yes
Q#348 - WP_033299901.1	specific	200456	39	381	1.49394e-172	491.693	cd11317	AmyAc_bac_euk_AmyA	 - 	cl38930	Yes
Q#348 - WP_033299901.1	specific	99883	478	573	1.6865300000000002e-40	142.118	cd05808	CBM20_alpha_amylase	 - 	cl15347	Yes
Q#348 - WP_033299901.1	specific	214749	388	463	7.03781e-30	112.331	smart00632	Aamy_C	 - 	cl02706	Yes
Q#349 - WP_097263200.1	specific	200456	41	392	7.79391e-142	417.349	cd11317	AmyAc_bac_euk_AmyA	 - 	cl38930	Yes
Q#349 - WP_097263200.1	specific	99883	596	688	4.4468e-37	133.644	cd05808	CBM20_alpha_amylase	 - 	cl15347	Yes
Q#349 - WP_097263200.1	superfamily	449530	494	587	9.786040000000001e-32	118.621	cl15347	CBM20 superfamily	 - 	 - 	Yes
Q#349 - WP_097263200.1	specific	214749	399	473	9.26939e-13	64.1813	smart00632	Aamy_C	 - 	cl02706	Yes
Q#350 - WP_372498447.1	superfamily	273974	42	876	0.0	983.932	cl37055	pullul_strch superfamily	 - 	 - 	Yes
Q#351 - WP_030807771.1	specific	200456	33	374	6.02201e-175	493.234	cd11317	AmyAc_bac_euk_AmyA	 - 	cl38930	Yes
Q#351 - WP_030807771.1	specific	214749	381	454	1.15756e-27	105.012	smart00632	Aamy_C	 - 	cl02706	Yes
Q#352 - WP_030856342.1	specific	200456	46	393	7.127400000000001e-161	466.27	cd11317	AmyAc_bac_euk_AmyA	 - 	cl38930	Yes
Q#352 - WP_030856342.1	specific	99883	598	690	6.72905e-45	155.215	cd05808	CBM20_alpha_amylase	 - 	cl15347	Yes
Q#352 - WP_030856342.1	specific	214749	399	484	3.5518799999999997e-31	116.568	smart00632	Aamy_C	 - 	cl02706	Yes
Q#352 - WP_030856342.1	specific	367491	493	589	3.3218999999999996e-21	88.697	pfam03423	CBM_25	 - 	cl23798	Yes
Q#353 - WP_189850300.1	specific	200456	34	375	2.22356e-169	483.604	cd11317	AmyAc_bac_euk_AmyA	 - 	cl38930	Yes
Q#353 - WP_189850300.1	specific	99883	482	573	2.6070699999999998e-49	165.615	cd05808	CBM20_alpha_amylase	 - 	cl15347	Yes
Q#353 - WP_189850300.1	specific	214749	381	456	4.50062e-30	112.716	smart00632	Aamy_C	 - 	cl02706	Yes
Q#354 - WP_032776271.1	specific	200456	39	380	3.65031e-175	498.241	cd11317	AmyAc_bac_euk_AmyA	 - 	cl38930	Yes
Q#354 - WP_032776271.1	specific	99883	481	576	3.19018e-43	149.437	cd05808	CBM20_alpha_amylase	 - 	cl15347	Yes
Q#354 - WP_032776271.1	specific	214749	386	462	5.076089999999999e-31	115.413	smart00632	Aamy_C	 - 	cl02706	Yes
Q#355 - WP_079176375.1	specific	200456	36	377	4.55041e-177	498.626	cd11317	AmyAc_bac_euk_AmyA	 - 	cl38930	Yes
Q#355 - WP_079176375.1	specific	214749	384	457	4.10117e-28	106.553	smart00632	Aamy_C	 - 	cl02706	Yes
Q#356 - WP_030654723.1	specific	200456	39	385	1.0204600000000001e-161	463.958	cd11317	AmyAc_bac_euk_AmyA	 - 	cl38930	Yes
Q#356 - WP_030654723.1	specific	99883	479	571	2.50456e-44	152.133	cd05808	CBM20_alpha_amylase	 - 	cl15347	Yes
Q#356 - WP_030654723.1	specific	214749	392	467	1.0093099999999999e-31	117.339	smart00632	Aamy_C	 - 	cl02706	Yes
Q#357 - WP_125819089.1	superfamily	273974	954	1803	0.0	987.784	cl37055	pullul_strch superfamily	 - 	 - 	Yes
Q#357 - WP_125819089.1	specific	200478	48	522	2.1269700000000002e-141	441.307	cd11339	AmyAc_bac_CMD_like_2	 - 	cl38930	Yes
Q#357 - WP_125819089.1	specific	461022	741	833	3.66363e-31	118.242	pfam03714	PUD	 - 	cl47835	Yes
Q#357 - WP_125819089.1	specific	199215	849	941	3.88862e-30	115.507	cd10315	CBM41_pullulanase	 - 	cl47018	Yes
Q#358 - WP_064455462.1	specific	200456	34	375	3.52527e-160	459.721	cd11317	AmyAc_bac_euk_AmyA	 - 	cl38930	Yes
Q#358 - WP_064455462.1	specific	99883	470	564	5.05882e-44	151.363	cd05808	CBM20_alpha_amylase	 - 	cl15347	Yes
Q#358 - WP_064455462.1	specific	214749	381	457	3.3470199999999998e-25	99.2344	smart00632	Aamy_C	 - 	cl02706	Yes
Q#359 - WP_151788360.1	specific	200478	358	895	1.30384e-120	371.971	cd11339	AmyAc_bac_CMD_like_2	 - 	cl38930	Yes
Q#359 - WP_151788360.1	specific	367491	147	248	2.71439e-43	152.255	pfam03423	CBM_25	 - 	cl23798	Yes
Q#359 - WP_151788360.1	specific	367491	46	137	1.1892499999999998e-20	87.9266	pfam03423	CBM_25	 - 	cl23798	Yes
Q#359 - WP_151788360.1	superfamily	476817	399	635	3.38078e-14	76.2436	cl38930	AmyAc_family superfamily	C	 - 	Yes
Q#359 - WP_151788360.1	superfamily	442628	248	434	1.96633e-09	61.5568	cl27307	FN3 superfamily	N	 - 	Yes
Q#360 - WP_051804351.1	superfamily	273974	915	1769	0.0	1023.22	cl37055	pullul_strch superfamily	 - 	 - 	Yes
Q#360 - WP_051804351.1	specific	200478	56	518	4.62505e-138	432.062	cd11339	AmyAc_bac_CMD_like_2	 - 	cl38930	Yes
Q#360 - WP_051804351.1	specific	199215	810	901	1.73826e-29	113.581	cd10315	CBM41_pullulanase	 - 	cl47018	Yes
Q#360 - WP_051804351.1	specific	199215	716	800	3.91545e-16	75.4465	cd10315	CBM41_pullulanase	 - 	cl47018	Yes
Q#360 - WP_051804351.1	superfamily	476817	146	307	8.17818e-05	47.1044	cl38930	AmyAc_family superfamily	C	 - 	Yes
Q#361 - WP_030794149.1	specific	200456	34	375	4.40047e-164	469.736	cd11317	AmyAc_bac_euk_AmyA	 - 	cl38930	Yes
Q#361 - WP_030794149.1	specific	99883	471	565	5.88636e-46	156.37	cd05808	CBM20_alpha_amylase	 - 	cl15347	Yes
Q#361 - WP_030794149.1	specific	214749	381	457	5.38461e-32	118.109	smart00632	Aamy_C	 - 	cl02706	Yes
Q#362 - WP_077796409.1	specific	200478	356	893	1.59422e-120	371.586	cd11339	AmyAc_bac_CMD_like_2	 - 	cl38930	Yes
Q#362 - WP_077796409.1	specific	367491	142	246	2.6407e-39	141.084	pfam03423	CBM_25	 - 	cl23798	Yes
Q#362 - WP_077796409.1	superfamily	476817	397	633	6.94904e-22	99.1939	cl38930	AmyAc_family superfamily	C	 - 	Yes
Q#362 - WP_077796409.1	specific	367491	46	138	1.2703e-20	87.5414	pfam03423	CBM_25	 - 	cl23798	Yes
Q#362 - WP_077796409.1	superfamily	442628	147	348	5.39122e-07	53.4676	cl27307	FN3 superfamily	NC	 - 	Yes
Q#363 - WP_241670593.1(Warning: this sequence record may be obsolete or preliminary)	superfamily	273974	951	1805	0.0	998.955	cl37055	pullul_strch superfamily	 - 	 - 	Yes
Q#363 - WP_241670593.1(Warning: this sequence record may be obsolete or preliminary)	specific	200478	68	532	1.82207e-135	425.129	cd11339	AmyAc_bac_CMD_like_2	 - 	cl38930	Yes
Q#363 - WP_241670593.1(Warning: this sequence record may be obsolete or preliminary)	specific	199215	736	835	1.97557e-32	122.056	cd10315	CBM41_pullulanase	 - 	cl47018	Yes
Q#363 - WP_241670593.1(Warning: this sequence record may be obsolete or preliminary)	specific	199215	845	937	4.9090600000000004e-29	112.426	cd10315	CBM41_pullulanase	 - 	cl47018	Yes
Q#363 - WP_241670593.1(Warning: this sequence record may be obsolete or preliminary)	specific	214749	546	618	0.00136612	39.1433	smart00632	Aamy_C	 - 	cl02706	Yes
Q#364 - WP_030791454.1	specific	200456	33	374	1.91845e-174	491.693	cd11317	AmyAc_bac_euk_AmyA	 - 	cl38930	Yes
Q#364 - WP_030791454.1	specific	214749	380	439	8.26966e-22	88.834	smart00632	Aamy_C	C	cl02706	Yes
Q#365 - WP_099963975.1	superfamily	273974	967	1815	0.0	1020.91	cl37055	pullul_strch superfamily	 - 	 - 	Yes
Q#365 - WP_099963975.1	specific	200478	64	543	2.10015e-145	452.478	cd11339	AmyAc_bac_CMD_like_2	 - 	cl38930	Yes
Q#365 - WP_099963975.1	specific	461022	748	844	7.65075e-31	117.472	pfam03714	PUD	 - 	cl47835	Yes
Q#365 - WP_099963975.1	specific	199215	858	950	8.037380000000001e-29	111.655	cd10315	CBM41_pullulanase	 - 	cl47018	Yes
Q#365 - WP_099963975.1	specific	214749	552	630	0.000301361	41.0693	smart00632	Aamy_C	 - 	cl02706	Yes
Q#366 - WP_152371297.1	specific	200478	361	898	2.38455e-123	379.29	cd11339	AmyAc_bac_CMD_like_2	 - 	cl38930	Yes
Q#366 - WP_152371297.1	specific	367491	152	251	3.98444e-33	123.365	pfam03423	CBM_25	 - 	cl23798	Yes
Q#366 - WP_152371297.1	specific	367491	47	146	2.76945e-23	95.2454	pfam03423	CBM_25	 - 	cl23798	Yes
Q#366 - WP_152371297.1	superfamily	476817	402	638	3.17322e-17	85.2009	cl38930	AmyAc_family superfamily	C	 - 	Yes
Q#366 - WP_152371297.1	superfamily	442628	247	365	4.93793e-15	79.6612	cl27307	FN3 superfamily	NC	 - 	Yes
Q#367 - WP_015033094.1	specific	200456	35	376	7.53055e-171	487.07	cd11317	AmyAc_bac_euk_AmyA	 - 	cl38930	Yes
Q#367 - WP_015033094.1	specific	99883	479	570	1.21113e-48	163.689	cd05808	CBM20_alpha_amylase	 - 	cl15347	Yes
Q#367 - WP_015033094.1	specific	214749	382	458	4.84433e-30	112.716	smart00632	Aamy_C	 - 	cl02706	Yes
Q#368 - WP_030279556.1	specific	200456	46	378	2.54469e-150	430.831	cd11317	AmyAc_bac_euk_AmyA	 - 	cl38930	Yes
Q#368 - WP_030279556.1	specific	214749	384	467	6.71079e-30	111.176	smart00632	Aamy_C	 - 	cl02706	Yes
Q#369 - WP_062667522.1	superfamily	273974	947	1801	0.0	1016.29	cl37055	pullul_strch superfamily	 - 	 - 	Yes
Q#369 - WP_062667522.1	specific	200478	61	527	1.53002e-145	452.863	cd11339	AmyAc_bac_CMD_like_2	 - 	cl38930	Yes
Q#369 - WP_062667522.1	specific	461022	732	828	1.24706e-33	125.176	pfam03714	PUD	 - 	cl47835	Yes
Q#369 - WP_062667522.1	specific	461022	842	934	2.7047900000000002e-30	115.931	pfam03714	PUD	 - 	cl47835	Yes
Q#369 - WP_062667522.1	specific	426991	546	616	0.00114401	40.0154	pfam02806	Alpha-amylase_C	 - 	cl02706	Yes
Q#370 - WP_102909061.1	specific	200456	32	373	7.273440000000001e-176	495.545	cd11317	AmyAc_bac_euk_AmyA	 - 	cl38930	Yes
Q#370 - WP_102909061.1	specific	214749	379	453	1.55142e-26	101.931	smart00632	Aamy_C	 - 	cl02706	Yes
Q#371 - WP_077796428.1	specific	200456	34	374	1.0717000000000002e-161	463.573	cd11317	AmyAc_bac_euk_AmyA	 - 	cl38930	Yes
Q#371 - WP_077796428.1	specific	99883	473	567	2.21105e-42	147.126	cd05808	CBM20_alpha_amylase	 - 	cl15347	Yes
Q#371 - WP_077796428.1	specific	214749	380	456	7.25301e-31	115.028	smart00632	Aamy_C	 - 	cl02706	Yes
Q#372 - WP_012382069.1	specific	200478	370	907	7.49934e-116	360.03	cd11339	AmyAc_bac_CMD_like_2	 - 	cl38930	Yes
Q#372 - WP_012382069.1	specific	367491	159	260	1.26307e-32	121.824	pfam03423	CBM_25	 - 	cl23798	Yes
Q#372 - WP_012382069.1	specific	198134	54	129	1.00584e-19	84.33	smart01066	CBM_25	 - 	cl23798	Yes
Q#372 - WP_012382069.1	superfamily	182849	411	642	1.64161e-13	74.3995	cl32612	PRK10933 superfamily	C	 - 	Yes
Q#372 - WP_012382069.1	superfamily	442628	103	362	2.52553e-11	67.72	cl27307	FN3 superfamily	C	 - 	Yes
Q#373 - WP_037702955.1	specific	200478	57	523	6.7693e-151	454.789	cd11339	AmyAc_bac_CMD_like_2	 - 	cl38930	Yes
Q#373 - WP_037702955.1	specific	465594	944	1058	1.2058399999999999e-37	136.596	pfam17967	Pullulanase_N2	 - 	cl40248	Yes
Q#373 - WP_037702955.1	specific	461022	728	824	1.56053e-31	118.628	pfam03714	PUD	 - 	cl47835	Yes
Q#373 - WP_037702955.1	specific	461022	836	928	1.10934e-29	113.62	pfam03714	PUD	 - 	cl47835	Yes
Q#373 - WP_037702955.1	superfamily	475140	1068	1128	1.53732e-15	72.9606	cl28984	E_set superfamily	C	 - 	Yes
Q#373 - WP_037702955.1	specific	214749	532	609	4.53273e-07	48.3881	smart00632	Aamy_C	 - 	cl02706	Yes
Q#373 - WP_037702955.1	specific	436171	625	688	0.00659722	36.4325	pfam17957	Big_7	 - 	cl40243	Yes
Q#374 - WP_190898224.1	superfamily	273974	945	1796	0.0	1012.44	cl37055	pullul_strch superfamily	 - 	 - 	Yes
Q#374 - WP_190898224.1	specific	200478	61	527	3.99002e-144	448.626	cd11339	AmyAc_bac_CMD_like_2	 - 	cl38930	Yes
Q#374 - WP_190898224.1	specific	199215	731	830	6.03713e-35	129.374	cd10315	CBM41_pullulanase	 - 	cl47018	Yes
Q#374 - WP_190898224.1	specific	199215	839	932	7.5746e-30	114.737	cd10315	CBM41_pullulanase	 - 	cl47018	Yes
Q#374 - WP_190898224.1	specific	426991	542	617	0.000687526	40.4006	pfam02806	Alpha-amylase_C	 - 	cl02706	Yes
Q#375 - WP_093723295.1	specific	200478	359	896	3.19891e-122	376.208	cd11339	AmyAc_bac_CMD_like_2	 - 	cl38930	Yes
Q#375 - WP_093723295.1	specific	367491	147	249	2.41278e-36	132.61	pfam03423	CBM_25	 - 	cl23798	Yes
Q#375 - WP_093723295.1	specific	367491	44	141	1.34512e-25	101.794	pfam03423	CBM_25	 - 	cl23798	Yes
Q#375 - WP_093723295.1	superfamily	476817	400	636	7.29085e-15	77.8821	cl38930	AmyAc_family superfamily	C	 - 	Yes
Q#375 - WP_093723295.1	specific	238020	254	341	6.26447e-11	59.8175	cd00063	FN3	 - 	cl21522	Yes
Q#376 - WP_129296754.1	superfamily	273974	53	889	0.0	936.167	cl37055	pullul_strch superfamily	 - 	 - 	Yes
Q#377 - WP_159685570.1	specific	200456	34	375	9.55351e-169	481.678	cd11317	AmyAc_bac_euk_AmyA	 - 	cl38930	Yes
Q#377 - WP_159685570.1	specific	99883	471	565	4.25296e-48	162.148	cd05808	CBM20_alpha_amylase	 - 	cl15347	Yes
Q#377 - WP_159685570.1	specific	214749	381	457	5.22458e-29	109.635	smart00632	Aamy_C	 - 	cl02706	Yes
Q#378 - WP_043373686.1	specific	200456	32	373	1.5247199999999998e-173	489.382	cd11317	AmyAc_bac_euk_AmyA	 - 	cl38930	Yes
Q#378 - WP_043373686.1	specific	214749	379	453	8.035610000000001e-28	105.398	smart00632	Aamy_C	 - 	cl02706	Yes
Q#379 - WP_088801190.1	specific	200456	37	368	5.38859e-155	442.387	cd11317	AmyAc_bac_euk_AmyA	 - 	cl38930	Yes
Q#379 - WP_088801190.1	specific	214749	374	454	5.987e-28	105.783	smart00632	Aamy_C	 - 	cl02706	Yes
Q#380 - WP_033200882.1	specific	200478	360	897	1.8773700000000001e-121	374.282	cd11339	AmyAc_bac_CMD_like_2	 - 	cl38930	Yes
Q#380 - WP_033200882.1	specific	367491	150	250	4.93587e-34	126.061	pfam03423	CBM_25	 - 	cl23798	Yes
Q#380 - WP_033200882.1	specific	367491	46	145	2.32252e-23	95.6306	pfam03423	CBM_25	 - 	cl23798	Yes
Q#380 - WP_033200882.1	superfamily	476817	401	637	3.58569e-16	82.1193	cl38930	AmyAc_family superfamily	C	 - 	Yes
Q#380 - WP_033200882.1	specific	214495	255	329	6.68767e-08	50.6909	smart00060	FN3	 - 	cl21522	Yes
Q#381 - WP_046914270.1	specific	200456	35	376	8.12722e-160	454.714	cd11317	AmyAc_bac_euk_AmyA	 - 	cl38930	Yes
Q#381 - WP_046914270.1	specific	214749	382	456	2.2755600000000002e-28	106.938	smart00632	Aamy_C	 - 	cl02706	Yes
Q#382 - WP_200682427.1	specific	200456	34	375	1.49498e-164	466.655	cd11317	AmyAc_bac_euk_AmyA	 - 	cl38930	Yes
Q#382 - WP_200682427.1	specific	214749	381	457	8.35922e-28	105.398	smart00632	Aamy_C	 - 	cl02706	Yes
Q#383 - WP_006130106.1	specific	200456	32	373	0.0	509.027	cd11317	AmyAc_bac_euk_AmyA	 - 	cl38930	Yes
Q#383 - WP_006130106.1	specific	214749	379	453	1.6575800000000002e-29	110.02	smart00632	Aamy_C	 - 	cl02706	Yes
Q#384 - WP_093767897.1	superfamily	273974	949	1799	0.0	988.555	cl37055	pullul_strch superfamily	 - 	 - 	Yes
Q#384 - WP_093767897.1	specific	200478	61	530	8.971559999999999e-147	455.945	cd11339	AmyAc_bac_CMD_like_2	 - 	cl38930	Yes
Q#384 - WP_093767897.1	specific	199215	735	834	2.4294000000000004e-35	130.145	cd10315	CBM41_pullulanase	 - 	cl47018	Yes
Q#384 - WP_093767897.1	specific	199215	843	936	1.8765799999999999e-31	119.359	cd10315	CBM41_pullulanase	 - 	cl47018	Yes
Q#384 - WP_093767897.1	specific	426991	544	620	0.000102752	42.7118	pfam02806	Alpha-amylase_C	 - 	cl02706	Yes
Q#385 - WP_245661240.1	specific	200456	37	374	9.215270000000001e-142	409.26	cd11317	AmyAc_bac_euk_AmyA	 - 	cl38930	Yes
Q#385 - WP_245661240.1	specific	214749	380	463	1.91151e-27	104.627	smart00632	Aamy_C	 - 	cl02706	Yes
Q#386 - WP_161374359.1	superfamily	273974	906	1760	0.0	1002.42	cl37055	pullul_strch superfamily	 - 	 - 	Yes
Q#386 - WP_161374359.1	specific	200478	49	509	2.70958e-145	451.707	cd11339	AmyAc_bac_CMD_like_2	 - 	cl38930	Yes
Q#386 - WP_161374359.1	specific	199215	801	894	1.3418e-28	110.885	cd10315	CBM41_pullulanase	 - 	cl47018	Yes
Q#386 - WP_161374359.1	specific	199215	706	792	8.20808e-17	77.3725	cd10315	CBM41_pullulanase	 - 	cl47018	Yes
Q#387 - WP_189749984.1	superfamily	273974	948	1802	0.0	1008.97	cl37055	pullul_strch superfamily	 - 	 - 	Yes
Q#387 - WP_189749984.1	specific	200478	61	530	1.99035e-145	452.478	cd11339	AmyAc_bac_CMD_like_2	 - 	cl38930	Yes
Q#387 - WP_189749984.1	specific	199215	734	833	2.59479e-33	124.367	cd10315	CBM41_pullulanase	 - 	cl47018	Yes
Q#387 - WP_189749984.1	specific	199215	842	934	9.428060000000001e-32	120.13	cd10315	CBM41_pullulanase	 - 	cl47018	Yes
Q#387 - WP_189749984.1	specific	214749	539	617	0.00225077	38.7581	smart00632	Aamy_C	 - 	cl02706	Yes
Q#388 - WP_100452970.1	specific	200456	34	375	1.84962e-172	490.922	cd11317	AmyAc_bac_euk_AmyA	 - 	cl38930	Yes
Q#388 - WP_100452970.1	specific	99883	472	565	1.92216e-44	152.518	cd05808	CBM20_alpha_amylase	 - 	cl15347	Yes
Q#388 - WP_100452970.1	specific	214749	381	457	2.20221e-29	110.79	smart00632	Aamy_C	 - 	cl02706	Yes
Q#389 - WP_141297023.1	specific	200478	367	904	1.2154499999999998e-125	385.453	cd11339	AmyAc_bac_CMD_like_2	 - 	cl38930	Yes
Q#389 - WP_141297023.1	specific	367491	160	257	3.977240000000001e-34	126.061	pfam03423	CBM_25	 - 	cl23798	Yes
Q#389 - WP_141297023.1	specific	367491	47	142	4.18895e-24	97.5566	pfam03423	CBM_25	 - 	cl23798	Yes
Q#389 - WP_141297023.1	superfamily	476817	408	644	3.6397700000000005e-18	88.2825	cl38930	AmyAc_family superfamily	C	 - 	Yes
Q#389 - WP_141297023.1	specific	238020	262	336	1.42883e-06	47.4911	cd00063	FN3	 - 	cl21522	Yes
Q#390 - WP_081523693.1	specific	200456	42	388	3.30516e-170	485.53	cd11317	AmyAc_bac_euk_AmyA	 - 	cl38930	Yes
Q#390 - WP_081523693.1	specific	99883	480	574	1.3050499999999998e-45	155.6	cd05808	CBM20_alpha_amylase	 - 	cl15347	Yes
Q#390 - WP_081523693.1	specific	214749	394	453	3.69957e-23	93.4564	smart00632	Aamy_C	C	cl02706	Yes
Q#391 - WP_208031883.1	specific	200456	33	374	1.36173e-175	494.774	cd11317	AmyAc_bac_euk_AmyA	 - 	cl38930	Yes
Q#391 - WP_208031883.1	specific	214749	380	454	5.40386e-28	106.168	smart00632	Aamy_C	 - 	cl02706	Yes
Q#392 - WP_033265437.1	specific	200456	37	368	5.0422e-156	445.084	cd11317	AmyAc_bac_euk_AmyA	 - 	cl38930	Yes
Q#392 - WP_033265437.1	specific	214749	374	454	4.6454100000000004e-29	108.864	smart00632	Aamy_C	 - 	cl02706	Yes
Q#393 - WP_206187787.1	specific	200478	64	533	2.86046e-152	445.929	cd11339	AmyAc_bac_CMD_like_2	 - 	cl38930	Yes
Q#393 - WP_206187787.1	specific	214749	547	620	3.9262e-05	42.6101	smart00632	Aamy_C	 - 	cl02706	Yes
Q#394 - WP_030019839.1	specific	200456	44	385	5.75959e-176	496.315	cd11317	AmyAc_bac_euk_AmyA	 - 	cl38930	Yes
Q#394 - WP_030019839.1	specific	214749	391	467	3.3028299999999997e-31	115.028	smart00632	Aamy_C	 - 	cl02706	Yes
Q#395 - WP_173310736.1	superfamily	273975	254	836	1.2978000000000001e-155	468.72	cl37056	pulA_typeI superfamily	 - 	 - 	Yes
Q#395 - WP_173310736.1	specific	240568	45	140	5.361089999999999e-38	136.605	cd12962	X25_BaPul_like	 - 	cl46869	Yes
Q#395 - WP_173310736.1	specific	240568	146	242	2.92106e-36	131.598	cd12962	X25_BaPul_like	 - 	cl46869	Yes
Q#396 - WP_184826970.1	specific	200478	58	519	4.59704e-130	398.165	cd11339	AmyAc_bac_CMD_like_2	 - 	cl38930	Yes
Q#396 - WP_184826970.1	specific	199215	820	916	1.44244e-26	104.722	cd10315	CBM41_pullulanase	 - 	cl47018	Yes
Q#396 - WP_184826970.1	specific	465594	929	1036	1.20107e-19	85.3645	pfam17967	Pullulanase_N2	 - 	cl40248	Yes
Q#396 - WP_184826970.1	superfamily	199215	722	805	3.2256e-09	55.0309	cl47018	CBM41_pullulanase superfamily	 - 	 - 	Yes
Q#396 - WP_184826970.1	specific	426991	533	608	0.00296431	38.0894	pfam02806	Alpha-amylase_C	 - 	cl02706	Yes
Q#397 - WP_159506964.1	specific	200456	37	369	8.62736e-157	447.01	cd11317	AmyAc_bac_euk_AmyA	 - 	cl38930	Yes
Q#397 - WP_159506964.1	specific	214749	375	455	1.39057e-27	105.012	smart00632	Aamy_C	 - 	cl02706	Yes
Q#398 - WP_190095563.1	superfamily	273974	949	1799	0.0	1015.9	cl37055	pullul_strch superfamily	 - 	 - 	Yes
Q#398 - WP_190095563.1	specific	200478	61	530	1.0964299999999999e-144	450.552	cd11339	AmyAc_bac_CMD_like_2	 - 	cl38930	Yes
Q#398 - WP_190095563.1	specific	199215	735	834	5.47713e-33	123.596	cd10315	CBM41_pullulanase	 - 	cl47018	Yes
Q#398 - WP_190095563.1	specific	199215	843	936	1.1103e-30	117.048	cd10315	CBM41_pullulanase	 - 	cl47018	Yes
Q#398 - WP_190095563.1	specific	214749	539	618	0.000260534	41.4545	smart00632	Aamy_C	 - 	cl02706	Yes
Q#399 - WP_093631823.1	specific	200456	33	374	1.84195e-176	497.086	cd11317	AmyAc_bac_euk_AmyA	 - 	cl38930	Yes
Q#399 - WP_093631823.1	specific	214749	380	456	1.48789e-26	101.931	smart00632	Aamy_C	 - 	cl02706	Yes
Q#400 - WP_045950757.1	specific	200456	39	380	1.92313e-174	496.315	cd11317	AmyAc_bac_euk_AmyA	 - 	cl38930	Yes
Q#400 - WP_045950757.1	specific	99883	474	567	6.17508e-43	148.666	cd05808	CBM20_alpha_amylase	 - 	cl15347	Yes
Q#400 - WP_045950757.1	specific	214749	386	462	8.96366e-28	106.168	smart00632	Aamy_C	 - 	cl02706	Yes
Q#401 - WP_125058162.1	specific	200456	34	375	3.40333e-159	457.41	cd11317	AmyAc_bac_euk_AmyA	 - 	cl38930	Yes
Q#401 - WP_125058162.1	specific	99883	471	565	1.96675e-42	147.126	cd05808	CBM20_alpha_amylase	 - 	cl15347	Yes
Q#401 - WP_125058162.1	specific	214749	381	457	1.06334e-31	117.339	smart00632	Aamy_C	 - 	cl02706	Yes
Q#402 - WP_212672366.1	specific	200456	38	379	9.581919999999999e-165	467.425	cd11317	AmyAc_bac_euk_AmyA	 - 	cl38930	Yes
Q#402 - WP_212672366.1	specific	214749	385	459	9.95779e-27	102.701	smart00632	Aamy_C	 - 	cl02706	Yes
Q#403 - WP_059083283.1	specific	200456	35	376	2.4630099999999997e-162	461.262	cd11317	AmyAc_bac_euk_AmyA	 - 	cl38930	Yes
Q#403 - WP_059083283.1	specific	214749	382	458	6.16226e-26	100.39	smart00632	Aamy_C	 - 	cl02706	Yes
Q#404 - WP_128430408.1	specific	200478	363	900	1.00876e-122	377.364	cd11339	AmyAc_bac_CMD_like_2	 - 	cl38930	Yes
Q#404 - WP_128430408.1	specific	367491	149	253	1.19319e-30	116.431	pfam03423	CBM_25	 - 	cl23798	Yes
Q#404 - WP_128430408.1	specific	198134	49	128	7.035470000000001e-23	93.5748	smart01066	CBM_25	 - 	cl23798	Yes
Q#404 - WP_128430408.1	superfamily	476817	404	640	4.84308e-14	75.8584	cl38930	AmyAc_family superfamily	C	 - 	Yes
Q#404 - WP_128430408.1	specific	238020	258	345	1.34347e-09	55.9655	cd00063	FN3	 - 	cl21522	Yes
Q#405 - WP_037876472.1	superfamily	273974	916	1770	0.0	973.147	cl37055	pullul_strch superfamily	 - 	 - 	Yes
Q#405 - WP_037876472.1	specific	200478	53	512	4.6876e-144	448.241	cd11339	AmyAc_bac_CMD_like_2	 - 	cl38930	Yes
Q#405 - WP_037876472.1	specific	199215	812	902	7.746180000000001e-28	108.959	cd10315	CBM41_pullulanase	 - 	cl47018	Yes
Q#405 - WP_037876472.1	specific	199215	714	799	9.51344e-15	71.5945	cd10315	CBM41_pullulanase	 - 	cl47018	Yes
Q#405 - WP_037876472.1	specific	436171	612	664	0.00725959	36.8177	pfam17957	Big_7	C	cl40243	Yes
Q#406 - WP_067431372.1	specific	200456	36	377	2.36575e-162	461.262	cd11317	AmyAc_bac_euk_AmyA	 - 	cl38930	Yes
Q#406 - WP_067431372.1	specific	214749	383	457	1.8942999999999998e-28	107.324	smart00632	Aamy_C	 - 	cl02706	Yes
Q#407 - WP_246352992.1	superfamily	273974	244	1117	0.0	926.923	cl37055	pullul_strch superfamily	 - 	 - 	Yes
Q#407 - WP_246352992.1	specific	240568	53	141	9.19238e-36	130.827	cd12962	X25_BaPul_like	 - 	cl46869	Yes
Q#407 - WP_246352992.1	superfamily	481209	148	225	2.16624e-15	72.6622	cl46869	X25_BaPul_like superfamily	 - 	 - 	Yes
Q#408 - WP_005310632.1	specific	200456	34	375	1.9872599999999997e-169	483.218	cd11317	AmyAc_bac_euk_AmyA	 - 	cl38930	Yes
Q#408 - WP_005310632.1	specific	99883	471	565	1.75666e-48	163.304	cd05808	CBM20_alpha_amylase	 - 	cl15347	Yes
Q#408 - WP_005310632.1	specific	214749	381	457	2.68248e-28	107.709	smart00632	Aamy_C	 - 	cl02706	Yes
Q#409 - WP_087788629.1	specific	200456	42	382	1.00348e-177	504.79	cd11317	AmyAc_bac_euk_AmyA	 - 	cl38930	Yes
Q#409 - WP_087788629.1	specific	99883	480	573	3.2372e-43	149.437	cd05808	CBM20_alpha_amylase	 - 	cl15347	Yes
Q#409 - WP_087788629.1	specific	214749	388	464	1.9138300000000002e-30	113.872	smart00632	Aamy_C	 - 	cl02706	Yes
Q#410 - WP_046421207.1	superfamily	273974	949	1803	0.0	1015.52	cl37055	pullul_strch superfamily	 - 	 - 	Yes
Q#410 - WP_046421207.1	specific	200478	66	530	1.59268e-137	430.907	cd11339	AmyAc_bac_CMD_like_2	 - 	cl38930	Yes
Q#410 - WP_046421207.1	specific	199215	734	833	1.9903e-31	118.974	cd10315	CBM41_pullulanase	 - 	cl47018	Yes
Q#410 - WP_046421207.1	specific	199215	843	935	3.32706e-30	115.507	cd10315	CBM41_pullulanase	 - 	cl47018	Yes
Q#410 - WP_046421207.1	specific	214749	540	616	0.0005072	40.2989	smart00632	Aamy_C	 - 	cl02706	Yes
Q#410 - WP_046421207.1	superfamily	476817	154	322	0.00100614	43.9093	cl38930	AmyAc_family superfamily	NC	 - 	Yes
Q#411 - WP_184826968.1	superfamily	273974	913	1767	0.0	987.014	cl37055	pullul_strch superfamily	 - 	 - 	Yes
Q#411 - WP_184826968.1	specific	200478	46	507	2.52212e-137	429.751	cd11339	AmyAc_bac_CMD_like_2	 - 	cl38930	Yes
Q#411 - WP_184826968.1	specific	199215	809	897	3.80279e-28	109.729	cd10315	CBM41_pullulanase	 - 	cl47018	Yes
Q#411 - WP_184826968.1	specific	199215	712	791	1.02902e-16	76.9873	cd10315	CBM41_pullulanase	 - 	cl47018	Yes
Q#411 - WP_184826968.1	specific	426991	521	596	0.00643615	37.7042	pfam02806	Alpha-amylase_C	 - 	cl02706	Yes
Q#412 - WP_018382333.1	specific	200456	36	374	3.90989e-178	505.56	cd11317	AmyAc_bac_euk_AmyA	 - 	cl38930	Yes
Q#412 - WP_018382333.1	specific	99883	478	571	4.4347899999999995e-43	149.052	cd05808	CBM20_alpha_amylase	 - 	cl15347	Yes
Q#412 - WP_018382333.1	specific	214749	381	467	9.479860000000001e-23	92.3008	smart00632	Aamy_C	 - 	cl02706	Yes
Q#413 - WP_184961071.1	superfamily	273974	945	1796	0.0	1005.89	cl37055	pullul_strch superfamily	 - 	 - 	Yes
Q#413 - WP_184961071.1	specific	200478	61	527	2.07664e-145	452.478	cd11339	AmyAc_bac_CMD_like_2	 - 	cl38930	Yes
Q#413 - WP_184961071.1	specific	461022	732	828	1.74786e-32	122.094	pfam03714	PUD	 - 	cl47835	Yes
Q#413 - WP_184961071.1	specific	461022	840	932	3.18679e-30	115.546	pfam03714	PUD	 - 	cl47835	Yes
Q#413 - WP_184961071.1	specific	426991	546	616	0.00052343	40.7858	pfam02806	Alpha-amylase_C	 - 	cl02706	Yes
Q#414 - WP_189850299.1	superfamily	273974	906	1760	0.0	1005.5	cl37055	pullul_strch superfamily	 - 	 - 	Yes
Q#414 - WP_189850299.1	specific	200478	49	509	1.5145599999999999e-146	455.174	cd11339	AmyAc_bac_CMD_like_2	 - 	cl38930	Yes
Q#414 - WP_189850299.1	specific	199215	801	894	4.071239999999999e-31	118.204	cd10315	CBM41_pullulanase	 - 	cl47018	Yes
Q#414 - WP_189850299.1	specific	199215	707	791	2.08976e-16	76.2169	cd10315	CBM41_pullulanase	 - 	cl47018	Yes
Q#415 - WP_125820946.1	superfamily	273974	951	1800	0.0	990.866	cl37055	pullul_strch superfamily	 - 	 - 	Yes
Q#415 - WP_125820946.1	specific	200478	48	522	1.8333900000000002e-141	441.692	cd11339	AmyAc_bac_CMD_like_2	 - 	cl38930	Yes
Q#415 - WP_125820946.1	specific	461022	738	830	9.120240000000001e-32	120.168	pfam03714	PUD	 - 	cl47835	Yes
Q#415 - WP_125820946.1	specific	199215	846	938	3.0748500000000002e-30	115.892	cd10315	CBM41_pullulanase	 - 	cl47018	Yes
Q#416 - WP_041128901.1	superfamily	273974	905	1759	0.0	998.57	cl37055	pullul_strch superfamily	 - 	 - 	Yes
Q#416 - WP_041128901.1	specific	200478	49	508	3.03494e-148	459.411	cd11339	AmyAc_bac_CMD_like_2	 - 	cl38930	Yes
Q#416 - WP_041128901.1	specific	461022	801	893	2.19822e-29	113.235	pfam03714	PUD	 - 	cl47835	Yes
Q#416 - WP_041128901.1	specific	199215	706	791	1.53938e-17	79.6837	cd10315	CBM41_pullulanase	 - 	cl47018	Yes
Q#417 - WP_053129771.1	superfamily	273974	948	1802	0.0	997.029	cl37055	pullul_strch superfamily	 - 	 - 	Yes
Q#417 - WP_053129771.1	specific	200478	61	530	1.31552e-144	450.167	cd11339	AmyAc_bac_CMD_like_2	 - 	cl38930	Yes
Q#417 - WP_053129771.1	specific	199215	734	833	2.31294e-34	127.448	cd10315	CBM41_pullulanase	 - 	cl47018	Yes
Q#417 - WP_053129771.1	specific	199215	842	935	9.32013e-30	114.352	cd10315	CBM41_pullulanase	 - 	cl47018	Yes
Q#417 - WP_053129771.1	specific	214749	539	617	2.06976e-06	47.2325	smart00632	Aamy_C	 - 	cl02706	Yes
Q#418 - WP_009328198.1	superfamily	273974	953	1818	0.0	1015.52	cl37055	pullul_strch superfamily	 - 	 - 	Yes
Q#418 - WP_009328198.1	specific	200478	61	530	9.12245e-146	453.633	cd11339	AmyAc_bac_CMD_like_2	 - 	cl38930	Yes
Q#418 - WP_009328198.1	specific	199215	847	940	1.4438400000000001e-30	116.663	cd10315	CBM41_pullulanase	 - 	cl47018	Yes
Q#418 - WP_009328198.1	specific	461022	738	834	4.40133e-29	112.464	pfam03714	PUD	 - 	cl47835	Yes
Q#418 - WP_009328198.1	specific	214749	544	620	1.46476e-05	44.9213	smart00632	Aamy_C	 - 	cl02706	Yes
Q#419 - WP_125506851.1	specific	200456	32	373	8.46148e-179	502.864	cd11317	AmyAc_bac_euk_AmyA	 - 	cl38930	Yes
Q#419 - WP_125506851.1	specific	214749	379	453	1.4402900000000002e-28	107.709	smart00632	Aamy_C	 - 	cl02706	Yes
Q#420 - WP_231978858.1	superfamily	273974	938	1822	0.0	973.147	cl37055	pullul_strch superfamily	 - 	 - 	Yes
Q#420 - WP_231978858.1	specific	200478	43	512	1.21923e-136	428.595	cd11339	AmyAc_bac_CMD_like_2	 - 	cl38930	Yes
Q#420 - WP_231978858.1	specific	461022	725	820	2.21042e-30	115.931	pfam03714	PUD	 - 	cl47835	Yes
Q#420 - WP_231978858.1	specific	199215	832	923	3.56238e-29	112.811	cd10315	CBM41_pullulanase	 - 	cl47018	Yes
Q#420 - WP_231978858.1	superfamily	476817	133	306	1.82145e-05	49.3021	cl38930	AmyAc_family superfamily	NC	 - 	Yes
Q#420 - WP_231978858.1	specific	214749	526	600	0.000371026	40.6841	smart00632	Aamy_C	 - 	cl02706	Yes
Q#421 - WP_189736426.1	specific	200456	37	383	4.59344e-170	485.144	cd11317	AmyAc_bac_euk_AmyA	 - 	cl38930	Yes
Q#421 - WP_189736426.1	specific	99883	475	569	9.42143e-44	150.592	cd05808	CBM20_alpha_amylase	 - 	cl15347	Yes
Q#421 - WP_189736426.1	specific	214749	389	465	1.0887e-29	111.561	smart00632	Aamy_C	 - 	cl02706	Yes
Q#422 - WP_205019728.1	specific	200456	39	380	9.352849999999999e-177	502.093	cd11317	AmyAc_bac_euk_AmyA	 - 	cl38930	Yes
Q#422 - WP_205019728.1	specific	99883	476	571	9.59035e-43	147.896	cd05808	CBM20_alpha_amylase	 - 	cl15347	Yes
Q#422 - WP_205019728.1	specific	214749	387	462	3.2777e-31	115.798	smart00632	Aamy_C	 - 	cl02706	Yes
Q#423 - WP_015033093.1	superfamily	273974	905	1759	0.0	981.621	cl37055	pullul_strch superfamily	 - 	 - 	Yes
Q#423 - WP_015033093.1	specific	200478	49	508	1.83673e-146	454.789	cd11339	AmyAc_bac_CMD_like_2	 - 	cl38930	Yes
Q#423 - WP_015033093.1	specific	461022	801	893	7.33425e-30	114.39	pfam03714	PUD	 - 	cl47835	Yes
Q#423 - WP_015033093.1	specific	199215	706	791	3.46181e-16	75.8317	cd10315	CBM41_pullulanase	 - 	cl47018	Yes
Q#424 - WP_031030604.1	specific	200456	32	373	2.1146900000000003e-176	496.7	cd11317	AmyAc_bac_euk_AmyA	 - 	cl38930	Yes
Q#424 - WP_031030604.1	specific	214749	379	453	6.495689999999999e-27	103.086	smart00632	Aamy_C	 - 	cl02706	Yes
Q#425 - WP_099963976.1	specific	200456	35	376	3.01545e-172	486.3	cd11317	AmyAc_bac_euk_AmyA	 - 	cl38930	Yes
Q#425 - WP_099963976.1	specific	214749	382	456	2.81721e-28	106.938	smart00632	Aamy_C	 - 	cl02706	Yes
Q#426 - WP_073752391.1	specific	200456	37	368	5.9428600000000005e-152	434.683	cd11317	AmyAc_bac_euk_AmyA	 - 	cl38930	Yes
Q#426 - WP_073752391.1	specific	214749	374	457	1.1043200000000001e-30	113.487	smart00632	Aamy_C	 - 	cl02706	Yes
Q#427 - WP_136230595.1	superfamily	273974	933	1781	0.0	995.103	cl37055	pullul_strch superfamily	 - 	 - 	Yes
Q#427 - WP_136230595.1	specific	200478	49	518	1.82904e-146	455.174	cd11339	AmyAc_bac_CMD_like_2	 - 	cl38930	Yes
Q#427 - WP_136230595.1	specific	461022	720	812	3.0376599999999997e-31	118.628	pfam03714	PUD	 - 	cl47835	Yes
Q#427 - WP_136230595.1	specific	199215	827	920	1.21914e-28	111.27	cd10315	CBM41_pullulanase	 - 	cl47018	Yes
Q#427 - WP_136230595.1	superfamily	445893	531	598	0.00538078	37.5269	cl02706	Malt_amylase_C superfamily	 - 	 - 	Yes
Q#428 - WP_245171008.1	superfamily	273974	47	877	0.0	922.3	cl37055	pullul_strch superfamily	 - 	 - 	Yes
Q#429 - WP_210973847.1	specific	200478	59	521	9.91993e-147	447.47	cd11339	AmyAc_bac_CMD_like_2	 - 	cl38930	Yes
Q#429 - WP_210973847.1	superfamily	273974	923	1302	1.77717e-106	358.368	cl37055	pullul_strch superfamily	C	 - 	Yes
Q#429 - WP_210973847.1	specific	461022	819	909	1.82904e-27	107.457	pfam03714	PUD	 - 	cl47835	Yes
Q#429 - WP_210973847.1	specific	426991	534	607	8.68683e-07	48.4898	pfam02806	Alpha-amylase_C	 - 	cl02706	Yes
Q#430 - WP_126898811.1	specific	200456	44	395	7.97941e-142	413.882	cd11317	AmyAc_bac_euk_AmyA	 - 	cl38930	Yes
Q#430 - WP_126898811.1	specific	99883	492	586	3.70643e-41	144.044	cd05808	CBM20_alpha_amylase	 - 	cl15347	Yes
Q#430 - WP_126898811.1	specific	214749	401	476	2.00201e-14	68.4185	smart00632	Aamy_C	 - 	cl02706	Yes
Q#431 - WP_343243992.1	superfamily	273974	940	1793	0.0	1030.16	cl37055	pullul_strch superfamily	 - 	 - 	Yes
Q#431 - WP_343243992.1	specific	200478	55	522	1.84853e-146	455.174	cd11339	AmyAc_bac_CMD_like_2	 - 	cl38930	Yes
Q#431 - WP_343243992.1	specific	461022	727	823	1.35632e-33	125.176	pfam03714	PUD	 - 	cl47835	Yes
Q#431 - WP_343243992.1	specific	199215	834	927	9.74164e-31	117.048	cd10315	CBM41_pullulanase	 - 	cl47018	Yes
Q#431 - WP_343243992.1	specific	426991	541	612	0.00104424	40.0154	pfam02806	Alpha-amylase_C	 - 	cl02706	Yes
Q#432 - WP_151783697.1	specific	200456	36	377	9.366339999999999e-167	472.433	cd11317	AmyAc_bac_euk_AmyA	 - 	cl38930	Yes
Q#432 - WP_151783697.1	specific	214749	383	457	1.469e-28	107.709	smart00632	Aamy_C	 - 	cl02706	Yes
Q#433 - WP_210963332.1	specific	200456	41	382	6.749139999999999e-169	482.063	cd11317	AmyAc_bac_euk_AmyA	 - 	cl38930	Yes
Q#433 - WP_210963332.1	specific	99883	479	572	1.07249e-41	145.2	cd05808	CBM20_alpha_amylase	 - 	cl15347	Yes
Q#433 - WP_210963332.1	specific	214749	388	464	1.4405e-30	114.257	smart00632	Aamy_C	 - 	cl02706	Yes
Q#434 - WP_202919603.1	specific	200456	32	374	2.39048e-167	473.974	cd11317	AmyAc_bac_euk_AmyA	 - 	cl38930	Yes
Q#434 - WP_202919603.1	specific	214749	381	439	5.30271e-21	86.908	smart00632	Aamy_C	C	cl02706	Yes
Q#435 - WP_015575950.1	specific	200478	362	899	2.74582e-118	366.193	cd11339	AmyAc_bac_CMD_like_2	 - 	cl38930	Yes
Q#435 - WP_015575950.1	specific	367491	148	252	5.99831e-34	125.676	pfam03423	CBM_25	 - 	cl23798	Yes
Q#435 - WP_015575950.1	specific	367491	48	142	8.222940000000001e-23	94.0898	pfam03423	CBM_25	 - 	cl23798	Yes
Q#435 - WP_015575950.1	superfamily	476817	403	639	9.38206e-14	74.7028	cl38930	AmyAc_family superfamily	C	 - 	Yes
Q#435 - WP_015575950.1	superfamily	442628	251	332	3.96913e-09	60.4012	cl27307	FN3 superfamily	NC	 - 	Yes
Q#436 - WP_084995999.1	specific	200456	40	381	3.46327e-175	498.241	cd11317	AmyAc_bac_euk_AmyA	 - 	cl38930	Yes
Q#436 - WP_084995999.1	specific	99883	482	577	1.5723199999999999e-43	150.207	cd05808	CBM20_alpha_amylase	 - 	cl15347	Yes
Q#436 - WP_084995999.1	specific	214749	387	463	1.3944200000000001e-30	114.257	smart00632	Aamy_C	 - 	cl02706	Yes
Q#437 - WP_107064742.1	superfamily	273974	933	1781	0.0	992.792	cl37055	pullul_strch superfamily	 - 	 - 	Yes
Q#437 - WP_107064742.1	specific	200478	49	518	1.6824500000000002e-145	452.478	cd11339	AmyAc_bac_CMD_like_2	 - 	cl38930	Yes
Q#437 - WP_107064742.1	specific	199215	719	812	2.00514e-31	118.974	cd10315	CBM41_pullulanase	 - 	cl47018	Yes
Q#437 - WP_107064742.1	specific	199215	827	920	4.3568500000000005e-30	115.122	cd10315	CBM41_pullulanase	 - 	cl47018	Yes
Q#437 - WP_107064742.1	superfamily	445893	531	598	0.00538078	37.5269	cl02706	Malt_amylase_C superfamily	 - 	 - 	Yes
Q#438 - WP_125056722.1	specific	200456	44	385	6.75778e-174	490.922	cd11317	AmyAc_bac_euk_AmyA	 - 	cl38930	Yes
Q#438 - WP_125056722.1	specific	214749	391	467	1.25991e-30	113.487	smart00632	Aamy_C	 - 	cl02706	Yes
Q#439 - WP_150519888.1	superfamily	273974	937	1784	0.0	980.851	cl37055	pullul_strch superfamily	 - 	 - 	Yes
Q#439 - WP_150519888.1	specific	200478	49	518	1.08339e-143	447.47	cd11339	AmyAc_bac_CMD_like_2	 - 	cl38930	Yes
Q#439 - WP_150519888.1	specific	461022	724	820	1.27233e-30	116.702	pfam03714	PUD	 - 	cl47835	Yes
Q#439 - WP_150519888.1	specific	199215	831	924	7.683440000000001e-29	111.655	cd10315	CBM41_pullulanase	 - 	cl47018	Yes
Q#440 - WP_109493932.1	specific	200478	360	897	1.13625e-120	371.971	cd11339	AmyAc_bac_CMD_like_2	 - 	cl38930	Yes
Q#440 - WP_109493932.1	specific	367491	146	250	2.11443e-32	121.439	pfam03423	CBM_25	 - 	cl23798	Yes
Q#440 - WP_109493932.1	specific	198134	47	125	2.6002600000000001e-23	94.7303	smart01066	CBM_25	 - 	cl23798	Yes
Q#440 - WP_109493932.1	superfamily	476817	401	637	1.50613e-16	83.2749	cl38930	AmyAc_family superfamily	C	 - 	Yes
Q#440 - WP_109493932.1	specific	238020	255	342	5.63345e-11	59.8175	cd00063	FN3	 - 	cl21522	Yes
Q#441 - WP_086719574.1	specific	200456	37	368	3.02373e-154	440.461	cd11317	AmyAc_bac_euk_AmyA	 - 	cl38930	Yes
Q#441 - WP_086719574.1	specific	214749	374	454	4.37098e-31	114.257	smart00632	Aamy_C	 - 	cl02706	Yes
Q#442 - WP_071370234.1	specific	200456	48	400	6.997170000000001e-141	415.038	cd11317	AmyAc_bac_euk_AmyA	 - 	cl38930	Yes
Q#442 - WP_071370234.1	superfamily	449530	602	694	7.54364e-36	130.177	cl15347	CBM20 superfamily	 - 	 - 	Yes
Q#442 - WP_071370234.1	superfamily	449530	500	593	7.127460000000001e-32	119.006	cl15347	CBM20 superfamily	 - 	 - 	Yes
Q#442 - WP_071370234.1	specific	214749	407	482	5.15806e-12	61.8701	smart00632	Aamy_C	 - 	cl02706	Yes
Q#443 - WP_069742788.1	superfamily	273974	916	1769	0.0	992.792	cl37055	pullul_strch superfamily	 - 	 - 	Yes
Q#443 - WP_069742788.1	specific	200478	52	514	2.19249e-146	454.789	cd11339	AmyAc_bac_CMD_like_2	 - 	cl38930	Yes
Q#443 - WP_069742788.1	specific	199215	811	902	2.7145700000000003e-28	110.114	cd10315	CBM41_pullulanase	 - 	cl47018	Yes
Q#443 - WP_069742788.1	specific	199215	716	796	3.86544e-14	69.6685	cd10315	CBM41_pullulanase	 - 	cl47018	Yes
Q#443 - WP_069742788.1	superfamily	476817	140	239	0.000411826	44.7932	cl38930	AmyAc_family superfamily	C	 - 	Yes
Q#443 - WP_069742788.1	superfamily	442628	596	791	0.00697865	41.1412	cl27307	FN3 superfamily	N	 - 	Yes
Q#444 - WP_206436510.1	specific	200456	41	387	6.96162e-169	482.063	cd11317	AmyAc_bac_euk_AmyA	 - 	cl38930	Yes
Q#444 - WP_206436510.1	specific	99883	477	571	2.4793299999999998e-45	154.83	cd05808	CBM20_alpha_amylase	 - 	cl15347	Yes
Q#444 - WP_206436510.1	specific	214749	394	469	1.45053e-27	105.783	smart00632	Aamy_C	 - 	cl02706	Yes
Q#445 - WP_190008088.1	superfamily	273974	946	1796	0.0	945.412	cl37055	pullul_strch superfamily	 - 	 - 	Yes
Q#445 - WP_190008088.1	specific	200478	61	527	1.33701e-140	438.996	cd11339	AmyAc_bac_CMD_like_2	 - 	cl38930	Yes
Q#445 - WP_190008088.1	specific	199215	732	831	1.0155e-31	120.13	cd10315	CBM41_pullulanase	 - 	cl47018	Yes
Q#445 - WP_190008088.1	specific	199215	840	933	4.35441e-30	115.507	cd10315	CBM41_pullulanase	 - 	cl47018	Yes
Q#445 - WP_190008088.1	specific	426991	543	618	0.00354281	38.4746	pfam02806	Alpha-amylase_C	 - 	cl02706	Yes
Q#445 - WP_190008088.1	specific	436171	630	693	0.00455165	37.2029	pfam17957	Big_7	 - 	cl40243	Yes
Q#446 - WP_221211260.1	specific	200456	46	393	1.3241100000000001e-157	457.795	cd11317	AmyAc_bac_euk_AmyA	 - 	cl38930	Yes
Q#446 - WP_221211260.1	specific	99883	593	687	2.92157e-46	159.067	cd05808	CBM20_alpha_amylase	 - 	cl15347	Yes
Q#446 - WP_221211260.1	specific	214749	399	484	4.14171e-30	113.487	smart00632	Aamy_C	 - 	cl02706	Yes
Q#446 - WP_221211260.1	specific	367491	486	586	4.08254e-23	94.475	pfam03423	CBM_25	 - 	cl23798	Yes
Q#447 - WP_129773031.1	superfamily	273974	944	1797	0.0	994.718	cl37055	pullul_strch superfamily	 - 	 - 	Yes
Q#447 - WP_129773031.1	specific	200478	61	527	3.35221e-143	446.315	cd11339	AmyAc_bac_CMD_like_2	 - 	cl38930	Yes
Q#447 - WP_129773031.1	specific	199215	839	932	4.94572e-29	112.426	cd10315	CBM41_pullulanase	 - 	cl47018	Yes
Q#447 - WP_129773031.1	specific	199215	741	825	4.77206e-17	78.1429	cd10315	CBM41_pullulanase	 - 	cl47018	Yes
Q#447 - WP_129773031.1	specific	426991	540	627	0.000606638	40.7858	pfam02806	Alpha-amylase_C	 - 	cl02706	Yes
Q#448 - WP_215111127.1	specific	200456	35	372	2.09762e-155	443.543	cd11317	AmyAc_bac_euk_AmyA	 - 	cl38930	Yes
Q#448 - WP_215111127.1	specific	214749	378	457	5.8635000000000005e-27	103.086	smart00632	Aamy_C	 - 	cl02706	Yes
Q#449 - WP_208031882.1	superfamily	273974	946	1797	0.0	1008.58	cl37055	pullul_strch superfamily	 - 	 - 	Yes
Q#449 - WP_208031882.1	specific	200478	62	518	6.14857e-142	442.848	cd11339	AmyAc_bac_CMD_like_2	 - 	cl38930	Yes
Q#449 - WP_208031882.1	specific	461022	733	829	5.08971e-32	120.554	pfam03714	PUD	 - 	cl47835	Yes
Q#449 - WP_208031882.1	specific	199215	840	932	2.2725400000000002e-29	113.196	cd10315	CBM41_pullulanase	 - 	cl47018	Yes
Q#449 - WP_208031882.1	specific	214749	537	614	0.00349078	37.9877	smart00632	Aamy_C	 - 	cl02706	Yes
Q#450 - WP_062143504.1	superfamily	273974	950	1801	0.0	1023.61	cl37055	pullul_strch superfamily	 - 	 - 	Yes
Q#450 - WP_062143504.1	specific	200478	61	530	7.319329999999999e-147	456.33	cd11339	AmyAc_bac_CMD_like_2	 - 	cl38930	Yes
Q#450 - WP_062143504.1	specific	461022	735	831	1.1426700000000001e-32	122.48	pfam03714	PUD	 - 	cl47835	Yes
Q#450 - WP_062143504.1	specific	199215	844	937	2.17208e-31	118.974	cd10315	CBM41_pullulanase	 - 	cl47018	Yes
Q#450 - WP_062143504.1	specific	214749	539	617	7.22209e-05	42.9953	smart00632	Aamy_C	 - 	cl02706	Yes
Q#451 - WP_005310630.1	superfamily	273974	950	1804	0.0	1037.47	cl37055	pullul_strch superfamily	 - 	 - 	Yes
Q#451 - WP_005310630.1	specific	200478	55	524	1.81923e-144	449.781	cd11339	AmyAc_bac_CMD_like_2	 - 	cl38930	Yes
Q#451 - WP_005310630.1	specific	461022	725	831	3.29091e-29	112.85	pfam03714	PUD	 - 	cl47835	Yes
Q#451 - WP_005310630.1	specific	199215	844	937	5.90085e-27	106.262	cd10315	CBM41_pullulanase	 - 	cl47018	Yes
Q#452 - WP_127467914.1	specific	200456	40	381	9.22859e-174	494.774	cd11317	AmyAc_bac_euk_AmyA	 - 	cl38930	Yes
Q#452 - WP_127467914.1	specific	99883	482	577	1.4631e-43	150.207	cd05808	CBM20_alpha_amylase	 - 	cl15347	Yes
Q#452 - WP_127467914.1	specific	214749	387	463	4.59448e-30	112.716	smart00632	Aamy_C	 - 	cl02706	Yes
Q#453 - WP_031016849.1	specific	200456	32	373	2.6493599999999998e-177	499.012	cd11317	AmyAc_bac_euk_AmyA	 - 	cl38930	Yes
Q#453 - WP_031016849.1	specific	214749	379	453	1.00477e-29	110.79	smart00632	Aamy_C	 - 	cl02706	Yes
Q#454 - WP_150480469.1	specific	200456	31	372	2.8484199999999997e-177	499.012	cd11317	AmyAc_bac_euk_AmyA	 - 	cl38930	Yes
Q#454 - WP_150480469.1	specific	214749	378	452	1.4403100000000001e-28	107.709	smart00632	Aamy_C	 - 	cl02706	Yes
Q#455 - WP_246095284.1	superfamily	273974	912	1766	0.0	1012.05	cl37055	pullul_strch superfamily	 - 	 - 	Yes
Q#455 - WP_246095284.1	specific	200478	49	515	4.1147299999999997e-147	456.715	cd11339	AmyAc_bac_CMD_like_2	 - 	cl38930	Yes
Q#455 - WP_246095284.1	specific	199215	807	900	6.43562e-29	112.04	cd10315	CBM41_pullulanase	 - 	cl47018	Yes
Q#455 - WP_246095284.1	specific	199215	713	792	3.93456e-14	69.6685	cd10315	CBM41_pullulanase	 - 	cl47018	Yes
Q#455 - WP_246095284.1	specific	436171	612	664	0.00857188	36.4325	pfam17957	Big_7	C	cl40243	Yes
Q#456 - WP_189302279.1	specific	200456	34	375	1.3456200000000002e-164	471.277	cd11317	AmyAc_bac_euk_AmyA	 - 	cl38930	Yes
Q#456 - WP_189302279.1	specific	99883	473	567	5.81681e-47	159.452	cd05808	CBM20_alpha_amylase	 - 	cl15347	Yes
Q#456 - WP_189302279.1	specific	214749	381	457	2.59471e-31	116.183	smart00632	Aamy_C	 - 	cl02706	Yes
Q#457 - WP_164397645.1(Warning: this sequence record may be obsolete or preliminary)	specific	200456	33	374	3.8620300000000004e-163	463.188	cd11317	AmyAc_bac_euk_AmyA	 - 	cl38930	Yes
Q#457 - WP_164397645.1(Warning: this sequence record may be obsolete or preliminary)	specific	214749	380	454	7.55276e-27	103.086	smart00632	Aamy_C	 - 	cl02706	Yes
Q#458 - WP_129292883.1	specific	200456	37	368	3.26125e-155	442.772	cd11317	AmyAc_bac_euk_AmyA	 - 	cl38930	Yes
Q#458 - WP_129292883.1	specific	214749	374	454	4.66263e-30	111.561	smart00632	Aamy_C	 - 	cl02706	Yes
Q#459 - WP_057662234.1	superfamily	273974	916	1769	0.0	966.983	cl37055	pullul_strch superfamily	 - 	 - 	Yes
Q#459 - WP_057662234.1	specific	200478	52	514	3.00348e-147	457.1	cd11339	AmyAc_bac_CMD_like_2	 - 	cl38930	Yes
Q#459 - WP_057662234.1	specific	199215	812	902	5.35821e-28	109.344	cd10315	CBM41_pullulanase	 - 	cl47018	Yes
Q#459 - WP_057662234.1	specific	461022	717	796	5.0325e-15	72.4036	pfam03714	PUD	 - 	cl47835	Yes
Q#459 - WP_057662234.1	superfamily	476817	140	239	0.00408242	41.7116	cl38930	AmyAc_family superfamily	C	 - 	Yes
Q#460 - WP_223834424.1	superfamily	441132	55	787	0.0	630.183	cl34294	PulA superfamily	 - 	 - 	Yes
Q#461 - WP_052031213.1	superfamily	273974	933	1781	0.0	983.932	cl37055	pullul_strch superfamily	 - 	 - 	Yes
Q#461 - WP_052031213.1	specific	200478	49	518	1.20257e-145	452.863	cd11339	AmyAc_bac_CMD_like_2	 - 	cl38930	Yes
Q#461 - WP_052031213.1	specific	199215	719	812	1.15165e-30	117.048	cd10315	CBM41_pullulanase	 - 	cl47018	Yes
Q#461 - WP_052031213.1	specific	199215	827	920	8.5988e-30	114.352	cd10315	CBM41_pullulanase	 - 	cl47018	Yes
Q#461 - WP_052031213.1	superfamily	476817	102	276	0.000621674	44.6044	cl38930	AmyAc_family superfamily	C	 - 	Yes
Q#462 - WP_184983082.1	specific	200456	32	373	5.68984e-164	465.114	cd11317	AmyAc_bac_euk_AmyA	 - 	cl38930	Yes
Q#462 - WP_184983082.1	specific	214749	379	453	1.67798e-28	107.324	smart00632	Aamy_C	 - 	cl02706	Yes
Q#463 - WP_201857051.1	specific	200456	36	377	2.02092e-173	489.382	cd11317	AmyAc_bac_euk_AmyA	 - 	cl38930	Yes
Q#463 - WP_201857051.1	specific	214749	383	459	9.661870000000001e-33	118.88	smart00632	Aamy_C	 - 	cl02706	Yes
Q#464 - WP_127469063.1	specific	200478	365	902	7.83456e-121	372.742	cd11339	AmyAc_bac_CMD_like_2	 - 	cl38930	Yes
Q#464 - WP_127469063.1	specific	367491	151	255	8.71678e-35	127.987	pfam03423	CBM_25	 - 	cl23798	Yes
Q#464 - WP_127469063.1	specific	198134	45	125	7.187409999999999e-20	84.7152	smart01066	CBM_25	 - 	cl23798	Yes
Q#464 - WP_127469063.1	superfamily	182849	406	637	2.40748e-13	74.0143	cl32612	PRK10933 superfamily	C	 - 	Yes
Q#464 - WP_127469063.1	specific	238020	260	347	7.92735e-08	50.9579	cd00063	FN3	 - 	cl21522	Yes
Q#465 - WP_077796080.1	superfamily	273974	945	1798	0.0	1000.5	cl37055	pullul_strch superfamily	 - 	 - 	Yes
Q#465 - WP_077796080.1	specific	200478	61	527	2.34512e-145	452.093	cd11339	AmyAc_bac_CMD_like_2	 - 	cl38930	Yes
Q#465 - WP_077796080.1	specific	461022	732	828	1.31961e-32	122.48	pfam03714	PUD	 - 	cl47835	Yes
Q#465 - WP_077796080.1	specific	199215	839	932	5.45053e-30	115.122	cd10315	CBM41_pullulanase	 - 	cl47018	Yes
Q#465 - WP_077796080.1	specific	214749	536	614	2.57904e-05	44.1509	smart00632	Aamy_C	 - 	cl02706	Yes
Q#466 - WP_078600369.1	superfamily	273974	45	879	0.0	965.443	cl37055	pullul_strch superfamily	 - 	 - 	Yes
Q#467 - WP_039655003.1	superfamily	273974	944	1795	0.0	985.858	cl37055	pullul_strch superfamily	 - 	 - 	Yes
Q#467 - WP_039655003.1	specific	200478	60	526	1.49675e-147	458.256	cd11339	AmyAc_bac_CMD_like_2	 - 	cl38930	Yes
Q#467 - WP_039655003.1	specific	461022	731	827	3.6511799999999998e-31	118.242	pfam03714	PUD	 - 	cl47835	Yes
Q#467 - WP_039655003.1	specific	199215	838	930	4.43982e-30	115.122	cd10315	CBM41_pullulanase	 - 	cl47018	Yes
Q#467 - WP_039655003.1	specific	214749	535	612	2.1389e-05	44.5361	smart00632	Aamy_C	 - 	cl02706	Yes
Q#468 - WP_057661165.1	specific	200478	369	906	1.05644e-117	364.652	cd11339	AmyAc_bac_CMD_like_2	 - 	cl38930	Yes
Q#468 - WP_057661165.1	specific	367491	158	259	4.68673e-33	122.98	pfam03423	CBM_25	 - 	cl23798	Yes
Q#468 - WP_057661165.1	specific	198134	53	128	1.41272e-19	83.9448	smart01066	CBM_25	 - 	cl23798	Yes
Q#468 - WP_057661165.1	superfamily	476817	410	643	9.00378e-17	84.2346	cl38930	AmyAc_family superfamily	C	 - 	Yes
Q#468 - WP_057661165.1	superfamily	442628	259	373	7.01359e-10	63.0976	cl27307	FN3 superfamily	NC	 - 	Yes
Q#469 - WP_106414526.1	superfamily	273974	949	1809	0.0	987.014	cl37055	pullul_strch superfamily	 - 	 - 	Yes
Q#469 - WP_106414526.1	specific	200478	61	530	2.99954e-146	454.789	cd11339	AmyAc_bac_CMD_like_2	 - 	cl38930	Yes
Q#469 - WP_106414526.1	specific	199215	735	834	2.0917000000000003e-35	130.53	cd10315	CBM41_pullulanase	 - 	cl47018	Yes
Q#469 - WP_106414526.1	specific	199215	843	936	4.47909e-31	118.204	cd10315	CBM41_pullulanase	 - 	cl47018	Yes
Q#469 - WP_106414526.1	specific	426991	544	620	7.27232e-05	43.097	pfam02806	Alpha-amylase_C	 - 	cl02706	Yes
Q#470 - WP_079152655.1	superfamily	273974	44	871	0.0	950.42	cl37055	pullul_strch superfamily	 - 	 - 	Yes
Q#471 - WP_107475579.1	superfamily	273974	933	1781	0.0	971.991	cl37055	pullul_strch superfamily	 - 	 - 	Yes
Q#471 - WP_107475579.1	specific	200478	49	518	1.02524e-142	444.774	cd11339	AmyAc_bac_CMD_like_2	 - 	cl38930	Yes
Q#471 - WP_107475579.1	specific	461022	720	816	1.41033e-31	119.398	pfam03714	PUD	 - 	cl47835	Yes
Q#471 - WP_107475579.1	specific	199215	827	920	8.6057e-31	117.433	cd10315	CBM41_pullulanase	 - 	cl47018	Yes
Q#472 - WP_094218174.1	specific	200456	34	375	3.51678e-167	473.588	cd11317	AmyAc_bac_euk_AmyA	 - 	cl38930	Yes
Q#472 - WP_094218174.1	specific	214749	382	455	1.36068e-27	105.012	smart00632	Aamy_C	 - 	cl02706	Yes
Q#473 - WP_189277570.1	superfamily	273974	915	1770	0.0	948.879	cl37055	pullul_strch superfamily	 - 	 - 	Yes
Q#473 - WP_189277570.1	specific	200478	52	511	1.51501e-147	457.871	cd11339	AmyAc_bac_CMD_like_2	 - 	cl38930	Yes
Q#473 - WP_189277570.1	specific	461022	811	897	1.6352e-25	102.064	pfam03714	PUD	 - 	cl47835	Yes
Q#473 - WP_189277570.1	specific	199215	713	793	1.54668e-14	70.8241	cd10315	CBM41_pullulanase	 - 	cl47018	Yes
Q#473 - WP_189277570.1	specific	426991	523	599	0.000590161	40.7858	pfam02806	Alpha-amylase_C	 - 	cl02706	Yes
Q#473 - WP_189277570.1	specific	436171	611	674	0.00578588	37.2029	pfam17957	Big_7	 - 	cl40243	Yes
Q#474 - WP_189542060.1	superfamily	273974	915	1768	0.0	956.198	cl37055	pullul_strch superfamily	 - 	 - 	Yes
Q#474 - WP_189542060.1	specific	200478	52	511	6.38916e-146	453.248	cd11339	AmyAc_bac_CMD_like_2	 - 	cl38930	Yes
Q#474 - WP_189542060.1	specific	461022	811	897	9.77528e-26	102.834	pfam03714	PUD	 - 	cl47835	Yes
Q#474 - WP_189542060.1	specific	199215	713	793	6.54975e-16	75.0613	cd10315	CBM41_pullulanase	 - 	cl47018	Yes
Q#475 - WP_127467913.1	superfamily	273974	916	1771	0.0	1002.81	cl37055	pullul_strch superfamily	 - 	 - 	Yes
Q#475 - WP_127467913.1	specific	200478	52	514	6.930039999999999e-147	455.945	cd11339	AmyAc_bac_CMD_like_2	 - 	cl38930	Yes
Q#475 - WP_127467913.1	specific	199215	811	901	5.5157799999999996e-27	106.262	cd10315	CBM41_pullulanase	 - 	cl47018	Yes
Q#475 - WP_127467913.1	superfamily	476817	142	311	0.00010712	46.9909	cl38930	AmyAc_family superfamily	NC	 - 	Yes
Q#476 - WP_190898225.1	specific	200456	32	373	2.25805e-176	496.7	cd11317	AmyAc_bac_euk_AmyA	 - 	cl38930	Yes
Q#476 - WP_190898225.1	specific	214749	379	453	1.7385e-27	104.627	smart00632	Aamy_C	 - 	cl02706	Yes
Q#477 - WP_020939629.1	superfamily	273974	945	1798	0.0	990.866	cl37055	pullul_strch superfamily	 - 	 - 	Yes
Q#477 - WP_020939629.1	specific	200478	61	527	3.4555e-148	459.797	cd11339	AmyAc_bac_CMD_like_2	 - 	cl38930	Yes
Q#477 - WP_020939629.1	specific	461022	732	828	7.9608e-32	120.168	pfam03714	PUD	 - 	cl47835	Yes
Q#477 - WP_020939629.1	specific	461022	840	932	2.29308e-30	115.931	pfam03714	PUD	 - 	cl47835	Yes
Q#477 - WP_020939629.1	specific	214749	536	614	0.000342371	41.0693	smart00632	Aamy_C	 - 	cl02706	Yes
Q#477 - WP_020939629.1	superfamily	468355	541	705	0.0098459	40.7956	cl45606	myxo_dep_M36 superfamily	N	 - 	Yes
Q#478 - WP_198601290.1	superfamily	273974	948	1802	0.0	1001.27	cl37055	pullul_strch superfamily	 - 	 - 	Yes
Q#478 - WP_198601290.1	specific	200478	61	530	2.4425499999999997e-143	446.7	cd11339	AmyAc_bac_CMD_like_2	 - 	cl38930	Yes
Q#478 - WP_198601290.1	specific	199215	734	833	5.931510000000001e-34	126.293	cd10315	CBM41_pullulanase	 - 	cl47018	Yes
Q#478 - WP_198601290.1	specific	199215	843	933	1.57741e-31	119.359	cd10315	CBM41_pullulanase	 - 	cl47018	Yes
Q#478 - WP_198601290.1	specific	426991	545	619	1.61072e-06	48.1046	pfam02806	Alpha-amylase_C	 - 	cl02706	Yes
Q#479 - WP_042157723.1	specific	200456	37	368	4.2104200000000005e-160	455.484	cd11317	AmyAc_bac_euk_AmyA	 - 	cl38930	Yes
Q#479 - WP_042157723.1	specific	214749	374	454	1.24886e-28	107.709	smart00632	Aamy_C	 - 	cl02706	Yes
Q#480 - WP_062756271.1	specific	200456	34	375	1.13363e-160	460.877	cd11317	AmyAc_bac_euk_AmyA	 - 	cl38930	Yes
Q#480 - WP_062756271.1	specific	99883	469	563	7.11408e-46	156.37	cd05808	CBM20_alpha_amylase	 - 	cl15347	Yes
Q#480 - WP_062756271.1	specific	214749	381	457	3.18773e-32	118.88	smart00632	Aamy_C	 - 	cl02706	Yes
Q#481 - WP_079059255.1	superfamily	273974	49	881	0.0	955.813	cl37055	pullul_strch superfamily	 - 	 - 	Yes
Q#482 - WP_190225961.1	specific	200478	362	899	6.259319999999999e-123	378.134	cd11339	AmyAc_bac_CMD_like_2	 - 	cl38930	Yes
Q#482 - WP_190225961.1	specific	367491	151	252	3.5499700000000004e-33	123.365	pfam03423	CBM_25	 - 	cl23798	Yes
Q#482 - WP_190225961.1	specific	367491	48	147	7.250900000000001e-24	96.7862	pfam03423	CBM_25	 - 	cl23798	Yes
Q#482 - WP_190225961.1	superfamily	182849	403	634	4.94963e-13	72.8587	cl32612	PRK10933 superfamily	C	 - 	Yes
Q#482 - WP_190225961.1	specific	238020	257	331	9.44074e-06	45.1799	cd00063	FN3	 - 	cl21522	Yes
Q#483 - WP_073749650.1	specific	200478	362	899	4.3517700000000004e-120	370.816	cd11339	AmyAc_bac_CMD_like_2	 - 	cl38930	Yes
Q#483 - WP_073749650.1	specific	367491	148	252	3.90118e-32	120.669	pfam03423	CBM_25	 - 	cl23798	Yes
Q#483 - WP_073749650.1	specific	367491	48	142	1.03833e-22	93.7046	pfam03423	CBM_25	 - 	cl23798	Yes
Q#483 - WP_073749650.1	superfamily	476817	403	636	3.81242e-14	76.1454	cl38930	AmyAc_family superfamily	C	 - 	Yes
Q#483 - WP_073749650.1	superfamily	442628	248	332	1.14013e-08	58.8604	cl27307	FN3 superfamily	NC	 - 	Yes
Q#484 - WP_164237460.1	specific	200456	40	381	1.48861e-172	491.693	cd11317	AmyAc_bac_euk_AmyA	 - 	cl38930	Yes
Q#484 - WP_164237460.1	specific	99883	482	577	5.91596e-44	151.363	cd05808	CBM20_alpha_amylase	 - 	cl15347	Yes
Q#484 - WP_164237460.1	specific	214749	387	463	1.23756e-30	114.257	smart00632	Aamy_C	 - 	cl02706	Yes
Q#485 - WP_150239541.1	specific	200456	44	385	1.4794100000000001e-174	492.463	cd11317	AmyAc_bac_euk_AmyA	 - 	cl38930	Yes
Q#485 - WP_150239541.1	specific	214749	391	467	1.4866799999999999e-31	115.798	smart00632	Aamy_C	 - 	cl02706	Yes
Q#486 - WP_159532064.1	superfamily	273974	949	1801	0.0	1028.23	cl37055	pullul_strch superfamily	 - 	 - 	Yes
Q#486 - WP_159532064.1	specific	200478	61	530	2.64614e-145	452.093	cd11339	AmyAc_bac_CMD_like_2	 - 	cl38930	Yes
Q#486 - WP_159532064.1	specific	199215	735	834	2.35695e-34	127.448	cd10315	CBM41_pullulanase	 - 	cl47018	Yes
Q#486 - WP_159532064.1	specific	199215	843	936	9.78609e-31	117.048	cd10315	CBM41_pullulanase	 - 	cl47018	Yes
Q#486 - WP_159532064.1	specific	214749	544	618	0.000425198	40.6841	smart00632	Aamy_C	 - 	cl02706	Yes
Q#487 - WP_175432183.1	superfamily	273974	949	1794	0.0	1004.73	cl37055	pullul_strch superfamily	 - 	 - 	Yes
Q#487 - WP_175432183.1	specific	200478	61	527	7.643719999999999e-144	447.855	cd11339	AmyAc_bac_CMD_like_2	 - 	cl38930	Yes
Q#487 - WP_175432183.1	specific	199215	731	830	3.4974e-34	127.063	cd10315	CBM41_pullulanase	 - 	cl47018	Yes
Q#487 - WP_175432183.1	specific	199215	839	932	7.42465e-30	114.737	cd10315	CBM41_pullulanase	 - 	cl47018	Yes
Q#487 - WP_175432183.1	specific	426991	542	617	0.00132136	39.6302	pfam02806	Alpha-amylase_C	 - 	cl02706	Yes
Q#488 - WP_007499459.1	specific	200456	36	377	2.2621300000000002e-174	491.693	cd11317	AmyAc_bac_euk_AmyA	 - 	cl38930	Yes
Q#488 - WP_007499459.1	specific	214749	383	457	6.596809999999999e-27	103.086	smart00632	Aamy_C	 - 	cl02706	Yes
Q#489 - WP_159766959.1	specific	200456	35	376	1.36699e-170	482.063	cd11317	AmyAc_bac_euk_AmyA	 - 	cl38930	Yes
Q#489 - WP_159766959.1	specific	214749	382	456	2.7887100000000003e-28	106.938	smart00632	Aamy_C	 - 	cl02706	Yes
Q#490 - WP_184817297.1	specific	200456	32	373	3.78416e-178	501.323	cd11317	AmyAc_bac_euk_AmyA	 - 	cl38930	Yes
Q#490 - WP_184817297.1	specific	214749	379	453	8.11699e-27	102.701	smart00632	Aamy_C	 - 	cl02706	Yes
Q#491 - WP_184556845.1	specific	200456	32	373	1.4842000000000002e-177	499.782	cd11317	AmyAc_bac_euk_AmyA	 - 	cl38930	Yes
Q#491 - WP_184556845.1	specific	214749	379	453	7.188119999999999e-27	103.086	smart00632	Aamy_C	 - 	cl02706	Yes
Q#492 - WP_135070029.1	superfamily	273974	921	1773	0.0	973.532	cl37055	pullul_strch superfamily	 - 	 - 	Yes
Q#492 - WP_135070029.1	specific	200478	55	516	4.11972e-145	451.322	cd11339	AmyAc_bac_CMD_like_2	 - 	cl38930	Yes
Q#492 - WP_135070029.1	specific	199215	816	905	1.15763e-27	108.574	cd10315	CBM41_pullulanase	 - 	cl47018	Yes
Q#492 - WP_135070029.1	specific	199215	720	802	2.14109e-14	70.4389	cd10315	CBM41_pullulanase	 - 	cl47018	Yes
Q#493 - WP_097216237.1	specific	200456	32	373	2.1119999999999998e-167	473.974	cd11317	AmyAc_bac_euk_AmyA	 - 	cl38930	Yes
Q#493 - WP_097216237.1	specific	214749	379	453	4.32266e-28	106.168	smart00632	Aamy_C	 - 	cl02706	Yes
Q#494 - WP_159532068.1	specific	200456	32	373	9.29476e-180	505.175	cd11317	AmyAc_bac_euk_AmyA	 - 	cl38930	Yes
Q#494 - WP_159532068.1	specific	214749	379	453	4.98391e-28	106.168	smart00632	Aamy_C	 - 	cl02706	Yes
Q#495 - WP_115745517.1	specific	200456	41	382	4.99197e-178	505.56	cd11317	AmyAc_bac_euk_AmyA	 - 	cl38930	Yes
Q#495 - WP_115745517.1	specific	99883	480	573	4.0950499999999995e-42	146.355	cd05808	CBM20_alpha_amylase	 - 	cl15347	Yes
Q#495 - WP_115745517.1	specific	214749	388	464	3.59171e-31	115.798	smart00632	Aamy_C	 - 	cl02706	Yes
Q#496 - WP_189748160.1	specific	200456	41	382	2.59408e-178	506.33	cd11317	AmyAc_bac_euk_AmyA	 - 	cl38930	Yes
Q#496 - WP_189748160.1	specific	99883	480	573	7.125989999999999e-42	145.585	cd05808	CBM20_alpha_amylase	 - 	cl15347	Yes
Q#496 - WP_189748160.1	specific	214749	388	464	3.37355e-30	113.102	smart00632	Aamy_C	 - 	cl02706	Yes
Q#497 - WP_180990295.1	specific	200456	53	385	9.4463e-160	455.099	cd11317	AmyAc_bac_euk_AmyA	 - 	cl38930	Yes
Q#497 - WP_180990295.1	specific	214749	391	469	1.17452e-30	113.487	smart00632	Aamy_C	 - 	cl02706	Yes
Q#498 - WP_030583775.1	specific	200456	39	380	9.571159999999999e-173	492.078	cd11317	AmyAc_bac_euk_AmyA	 - 	cl38930	Yes
Q#498 - WP_030583775.1	specific	99883	479	574	2.19431e-43	149.822	cd05808	CBM20_alpha_amylase	 - 	cl15347	Yes
Q#498 - WP_030583775.1	specific	214749	386	462	6.30222e-32	118.109	smart00632	Aamy_C	 - 	cl02706	Yes
Q#499 - WP_125190731.1	specific	200478	370	907	8.933880000000001e-120	370.045	cd11339	AmyAc_bac_CMD_like_2	 - 	cl38930	Yes
Q#499 - WP_125190731.1	specific	367491	156	260	2.00623e-35	129.913	pfam03423	CBM_25	 - 	cl23798	Yes
Q#499 - WP_125190731.1	superfamily	476817	411	647	1.75417e-24	107.283	cl38930	AmyAc_family superfamily	C	 - 	Yes
Q#499 - WP_125190731.1	specific	367491	59	152	2.58901e-22	92.549	pfam03423	CBM_25	 - 	cl23798	Yes
Q#499 - WP_125190731.1	specific	238020	265	339	4.49458e-05	43.2539	cd00063	FN3	 - 	cl21522	Yes
Q#500 - WP_097263198.1	specific	200456	35	376	7.52384e-176	495.545	cd11317	AmyAc_bac_euk_AmyA	 - 	cl38930	Yes
Q#500 - WP_097263198.1	specific	214749	382	456	2.4233699999999998e-27	104.242	smart00632	Aamy_C	 - 	cl02706	Yes
Q#501 - WP_170251920.1	superfamily	273974	42	876	0.0	977.769	cl37055	pullul_strch superfamily	 - 	 - 	Yes
Q#502 - WP_031179827.1	specific	200456	33	374	3.5975700000000004e-178	501.323	cd11317	AmyAc_bac_euk_AmyA	 - 	cl38930	Yes
Q#502 - WP_031179827.1	specific	214749	381	454	2.0641799999999997e-27	104.627	smart00632	Aamy_C	 - 	cl02706	Yes
Q#503 - WP_109499209.1	superfamily	273974	945	1799	0.0	1018.6	cl37055	pullul_strch superfamily	 - 	 - 	Yes
Q#503 - WP_109499209.1	specific	200478	61	527	2.09787e-148	460.567	cd11339	AmyAc_bac_CMD_like_2	 - 	cl38930	Yes
Q#503 - WP_109499209.1	specific	199215	731	830	7.601520000000001e-32	120.515	cd10315	CBM41_pullulanase	 - 	cl47018	Yes
Q#503 - WP_109499209.1	specific	199215	839	932	2.5567200000000002e-30	115.892	cd10315	CBM41_pullulanase	 - 	cl47018	Yes
Q#503 - WP_109499209.1	specific	426991	546	614	0.00133735	39.6302	pfam02806	Alpha-amylase_C	 - 	cl02706	Yes
Q#504 - WP_189595771.1	specific	200456	32	373	2.50842e-177	499.012	cd11317	AmyAc_bac_euk_AmyA	 - 	cl38930	Yes
Q#504 - WP_189595771.1	specific	214749	379	453	6.30125e-27	103.086	smart00632	Aamy_C	 - 	cl02706	Yes
Q#505 - WP_179232457.1	superfamily	273974	958	1812	0.0	1000.11	cl37055	pullul_strch superfamily	 - 	 - 	Yes
Q#505 - WP_179232457.1	specific	200478	61	530	3.22397e-145	452.093	cd11339	AmyAc_bac_CMD_like_2	 - 	cl38930	Yes
Q#505 - WP_179232457.1	specific	199215	852	945	2.5067700000000003e-32	121.67	cd10315	CBM41_pullulanase	 - 	cl47018	Yes
Q#505 - WP_179232457.1	specific	199215	734	843	1.47957e-29	113.966	cd10315	CBM41_pullulanase	 - 	cl47018	Yes
Q#505 - WP_179232457.1	specific	214749	539	617	0.000165432	41.8397	smart00632	Aamy_C	 - 	cl02706	Yes
Q#506 - WP_079030135.1	specific	200456	32	373	2.7982199999999998e-177	499.012	cd11317	AmyAc_bac_euk_AmyA	 - 	cl38930	Yes
Q#506 - WP_079030135.1	specific	214749	379	453	1.17485e-28	107.709	smart00632	Aamy_C	 - 	cl02706	Yes
Q#507 - WP_019885739.1	superfamily	273974	916	1770	0.0	978.539	cl37055	pullul_strch superfamily	 - 	 - 	Yes
Q#507 - WP_019885739.1	specific	200478	56	513	5.824979999999999e-147	456.33	cd11339	AmyAc_bac_CMD_like_2	 - 	cl38930	Yes
Q#507 - WP_019885739.1	specific	461022	812	904	2.45861e-27	107.457	pfam03714	PUD	 - 	cl47835	Yes
Q#507 - WP_019885739.1	specific	199215	713	794	1.14046e-15	74.2909	cd10315	CBM41_pullulanase	 - 	cl47018	Yes
Q#507 - WP_019885739.1	specific	426991	525	601	0.000467195	40.7858	pfam02806	Alpha-amylase_C	 - 	cl02706	Yes
Q#508 - WP_078885768.1	superfamily	273974	43	879	0.0	930.389	cl37055	pullul_strch superfamily	 - 	 - 	Yes
Q#509 - WP_142233158.1	superfamily	273974	949	1799	0.0	1014.36	cl37055	pullul_strch superfamily	 - 	 - 	Yes
Q#509 - WP_142233158.1	specific	200478	61	530	1.1660000000000002e-143	447.47	cd11339	AmyAc_bac_CMD_like_2	 - 	cl38930	Yes
Q#509 - WP_142233158.1	specific	461022	736	832	3.02482e-34	127.102	pfam03714	PUD	 - 	cl47835	Yes
Q#509 - WP_142233158.1	specific	199215	843	936	8.13058e-30	114.737	cd10315	CBM41_pullulanase	 - 	cl47018	Yes
Q#509 - WP_142233158.1	specific	426991	549	621	0.000213752	41.9414	pfam02806	Alpha-amylase_C	 - 	cl02706	Yes
Q#510 - WP_053930044.1	specific	200478	362	899	1.60234e-116	361.571	cd11339	AmyAc_bac_CMD_like_2	 - 	cl38930	Yes
Q#510 - WP_053930044.1	specific	367491	148	252	1.74258e-32	121.439	pfam03423	CBM_25	 - 	cl23798	Yes
Q#510 - WP_053930044.1	specific	367491	48	142	5.84743e-24	97.1714	pfam03423	CBM_25	 - 	cl23798	Yes
Q#510 - WP_053930044.1	superfamily	476817	403	639	3.21338e-13	73.162	cl38930	AmyAc_family superfamily	C	 - 	Yes
Q#510 - WP_053930044.1	superfamily	442628	248	438	2.04982e-09	61.5568	cl27307	FN3 superfamily	N	 - 	Yes
Q#511 - WP_161362691.1	superfamily	273974	945	1795	0.0	1014.75	cl37055	pullul_strch superfamily	 - 	 - 	Yes
Q#511 - WP_161362691.1	specific	200478	61	527	2.8713e-147	457.485	cd11339	AmyAc_bac_CMD_like_2	 - 	cl38930	Yes
Q#511 - WP_161362691.1	specific	199215	731	830	1.70599e-34	127.834	cd10315	CBM41_pullulanase	 - 	cl47018	Yes
Q#511 - WP_161362691.1	specific	461022	840	932	3.2791600000000004e-30	115.546	pfam03714	PUD	 - 	cl47835	Yes
Q#511 - WP_161362691.1	specific	426991	542	617	0.000230453	41.9414	pfam02806	Alpha-amylase_C	 - 	cl02706	Yes
Q#512 - WP_030212120.1	specific	200478	360	897	2.6162e-122	376.208	cd11339	AmyAc_bac_CMD_like_2	 - 	cl38930	Yes
Q#512 - WP_030212120.1	specific	367491	151	250	1.86369e-32	121.439	pfam03423	CBM_25	 - 	cl23798	Yes
Q#512 - WP_030212120.1	specific	367491	48	145	2.73977e-23	95.2454	pfam03423	CBM_25	 - 	cl23798	Yes
Q#512 - WP_030212120.1	superfamily	476817	401	637	2.62466e-17	85.5861	cl38930	AmyAc_family superfamily	C	 - 	Yes
Q#512 - WP_030212120.1	superfamily	442628	229	364	1.40759e-15	81.202	cl27307	FN3 superfamily	NC	 - 	Yes
Q#513 - WP_141301325.1	specific	200456	34	375	2.24469e-171	488.611	cd11317	AmyAc_bac_euk_AmyA	 - 	cl38930	Yes
Q#513 - WP_141301325.1	specific	99883	476	570	3.58543e-49	165.23	cd05808	CBM20_alpha_amylase	 - 	cl15347	Yes
Q#513 - WP_141301325.1	specific	214749	381	457	7.57527e-29	109.25	smart00632	Aamy_C	 - 	cl02706	Yes
Q#514 - WP_011031383.1	specific	200478	361	898	2.04366e-121	373.897	cd11339	AmyAc_bac_CMD_like_2	 - 	cl38930	Yes
Q#514 - WP_011031383.1	specific	367491	147	251	1.89393e-52	178.449	pfam03423	CBM_25	 - 	cl23798	Yes
Q#514 - WP_011031383.1	specific	198134	41	121	1.73863e-25	100.894	smart01066	CBM_25	 - 	cl23798	Yes
Q#514 - WP_011031383.1	superfamily	476817	402	638	3.76269e-17	85.2009	cl38930	AmyAc_family superfamily	C	 - 	Yes
Q#514 - WP_011031383.1	specific	238020	256	325	1.01968e-05	44.7947	cd00063	FN3	 - 	cl21522	Yes
Q#515 - WP_193433686.1	specific	200456	33	374	6.91424e-176	495.545	cd11317	AmyAc_bac_euk_AmyA	 - 	cl38930	Yes
Q#515 - WP_193433686.1	specific	214749	380	454	1.62969e-26	101.931	smart00632	Aamy_C	 - 	cl02706	Yes
Q#516 - WP_181795081.1	specific	200456	32	373	4.43373e-174	490.922	cd11317	AmyAc_bac_euk_AmyA	 - 	cl38930	Yes
Q#516 - WP_181795081.1	specific	214749	379	438	3.1732e-20	84.5968	smart00632	Aamy_C	C	cl02706	Yes
Q#517 - WP_104784970.1	specific	200456	38	379	7.47547e-172	489.767	cd11317	AmyAc_bac_euk_AmyA	 - 	cl38930	Yes
Q#517 - WP_104784970.1	specific	99883	476	571	2.4937199999999998e-42	146.74	cd05808	CBM20_alpha_amylase	 - 	cl15347	Yes
Q#517 - WP_104784970.1	specific	214749	386	461	3.96156e-31	115.798	smart00632	Aamy_C	 - 	cl02706	Yes
Q#518 - WP_223835729.1	superfamily	273974	939	1788	0.0	975.458	cl37055	pullul_strch superfamily	 - 	 - 	Yes
Q#518 - WP_223835729.1	specific	200478	49	524	4.22324e-142	443.233	cd11339	AmyAc_bac_CMD_like_2	 - 	cl38930	Yes
Q#518 - WP_223835729.1	specific	199215	833	926	6.526320000000001e-32	120.515	cd10315	CBM41_pullulanase	 - 	cl47018	Yes
Q#518 - WP_223835729.1	specific	461022	726	818	6.13739e-31	117.472	pfam03714	PUD	 - 	cl47835	Yes
Q#519 - WP_184817296.1	superfamily	273974	949	1799	0.0	1030.16	cl37055	pullul_strch superfamily	 - 	 - 	Yes
Q#519 - WP_184817296.1	specific	200478	61	530	3.66231e-145	451.707	cd11339	AmyAc_bac_CMD_like_2	 - 	cl38930	Yes
Q#519 - WP_184817296.1	specific	461022	736	832	5.90388e-33	123.25	pfam03714	PUD	 - 	cl47835	Yes
Q#519 - WP_184817296.1	specific	199215	843	936	1.6047e-29	113.581	cd10315	CBM41_pullulanase	 - 	cl47018	Yes
Q#519 - WP_184817296.1	specific	426991	545	620	0.000170776	42.3266	pfam02806	Alpha-amylase_C	 - 	cl02706	Yes
Q#520 - WP_145875464.1	specific	200456	34	375	3.86927e-168	475.9	cd11317	AmyAc_bac_euk_AmyA	 - 	cl38930	Yes
Q#520 - WP_145875464.1	specific	214749	382	455	5.6243199999999995e-27	103.472	smart00632	Aamy_C	 - 	cl02706	Yes
Q#521 - WP_190008087.1	specific	200456	34	375	1.65889e-173	489.382	cd11317	AmyAc_bac_euk_AmyA	 - 	cl38930	Yes
Q#521 - WP_190008087.1	specific	214749	381	456	6.55113e-28	105.783	smart00632	Aamy_C	 - 	cl02706	Yes
Q#522 - WP_043464173.1	specific	200478	387	924	3.7881799999999997e-116	361.186	cd11339	AmyAc_bac_CMD_like_2	 - 	cl38930	Yes
Q#522 - WP_043464173.1	specific	367491	178	277	3.7686400000000003e-32	120.669	pfam03423	CBM_25	 - 	cl23798	Yes
Q#522 - WP_043464173.1	specific	198134	56	136	6.73242e-22	90.4932	smart01066	CBM_25	 - 	cl23798	Yes
Q#522 - WP_043464173.1	superfamily	442628	99	379	6.5854e-15	79.276	cl27307	FN3 superfamily	C	 - 	Yes
Q#522 - WP_043464173.1	superfamily	476817	428	664	8.1e-14	74.8005	cl38930	AmyAc_family superfamily	C	 - 	Yes
Q#523 - WP_171156923.1	specific	200456	33	374	1.4517900000000002e-178	502.093	cd11317	AmyAc_bac_euk_AmyA	 - 	cl38930	Yes
Q#523 - WP_171156923.1	specific	214749	380	454	3.2196e-29	109.25	smart00632	Aamy_C	 - 	cl02706	Yes
Q#524 - WP_037645826.1	superfamily	273974	949	1801	0.0	1012.44	cl37055	pullul_strch superfamily	 - 	 - 	Yes
Q#524 - WP_037645826.1	specific	200478	62	531	7.40239e-151	467.115	cd11339	AmyAc_bac_CMD_like_2	 - 	cl38930	Yes
Q#524 - WP_037645826.1	specific	461022	736	832	5.36056e-33	123.635	pfam03714	PUD	 - 	cl47835	Yes
Q#524 - WP_037645826.1	specific	199215	843	935	5.84726e-30	115.122	cd10315	CBM41_pullulanase	 - 	cl47018	Yes
Q#524 - WP_037645826.1	specific	426991	550	620	0.000358751	41.171	pfam02806	Alpha-amylase_C	 - 	cl02706	Yes
Q#525 - WP_190225153.1	specific	200456	34	375	5.98932e-171	487.456	cd11317	AmyAc_bac_euk_AmyA	 - 	cl38930	Yes
Q#525 - WP_190225153.1	specific	99883	479	570	6.634359999999999e-50	167.156	cd05808	CBM20_alpha_amylase	 - 	cl15347	Yes
Q#525 - WP_190225153.1	specific	214749	381	457	1.0310400000000001e-29	111.946	smart00632	Aamy_C	 - 	cl02706	Yes
Q#526 - WP_100660967.1	superfamily	273974	930	1780	0.0	1005.5	cl37055	pullul_strch superfamily	 - 	 - 	Yes
Q#526 - WP_100660967.1	specific	200478	50	516	1.4640800000000001e-142	444.389	cd11339	AmyAc_bac_CMD_like_2	 - 	cl38930	Yes
Q#526 - WP_100660967.1	specific	461022	717	813	4.2248800000000003e-32	120.939	pfam03714	PUD	 - 	cl47835	Yes
Q#526 - WP_100660967.1	specific	199215	824	913	3.18715e-29	112.811	cd10315	CBM41_pullulanase	 - 	cl47018	Yes
Q#526 - WP_100660967.1	superfamily	445893	530	597	8.71892e-05	42.5345	cl02706	Malt_amylase_C superfamily	 - 	 - 	Yes
Q#527 - WP_170313944.1	specific	200456	46	393	8.64573e-159	460.877	cd11317	AmyAc_bac_euk_AmyA	 - 	cl38930	Yes
Q#527 - WP_170313944.1	specific	99883	599	691	4.8627799999999995e-45	155.6	cd05808	CBM20_alpha_amylase	 - 	cl15347	Yes
Q#527 - WP_170313944.1	specific	214749	399	482	5.93848e-30	113.102	smart00632	Aamy_C	 - 	cl02706	Yes
Q#527 - WP_170313944.1	specific	198134	494	573	6.38305e-21	87.4116	smart01066	CBM_25	 - 	cl23798	Yes
Q#528 - WP_043373688.1	superfamily	273974	948	1803	0.0	1022.07	cl37055	pullul_strch superfamily	 - 	 - 	Yes
Q#528 - WP_043373688.1	specific	200478	61	530	1.09266e-145	453.248	cd11339	AmyAc_bac_CMD_like_2	 - 	cl38930	Yes
Q#528 - WP_043373688.1	specific	199215	734	833	7.920560000000001e-32	120.13	cd10315	CBM41_pullulanase	 - 	cl47018	Yes
Q#528 - WP_043373688.1	specific	199215	842	935	4.86886e-31	118.204	cd10315	CBM41_pullulanase	 - 	cl47018	Yes
Q#528 - WP_043373688.1	specific	214749	539	617	7.15979e-05	42.9953	smart00632	Aamy_C	 - 	cl02706	Yes
Q#529 - WP_069781275.1	superfamily	273974	934	1785	0.0	1013.59	cl37055	pullul_strch superfamily	 - 	 - 	Yes
Q#529 - WP_069781275.1	specific	200478	50	516	6.53799e-143	445.544	cd11339	AmyAc_bac_CMD_like_2	 - 	cl38930	Yes
Q#529 - WP_069781275.1	specific	461022	721	817	3.08381e-33	124.02	pfam03714	PUD	 - 	cl47835	Yes
Q#529 - WP_069781275.1	specific	199215	828	920	1.1669000000000001e-30	117.048	cd10315	CBM41_pullulanase	 - 	cl47018	Yes
Q#529 - WP_069781275.1	superfamily	476817	103	273	5.69866e-07	54.1605	cl38930	AmyAc_family superfamily	C	 - 	Yes
Q#529 - WP_069781275.1	superfamily	445893	525	602	0.00980219	36.8321	cl02706	Malt_amylase_C superfamily	 - 	 - 	Yes
Q#530 - WP_205083949.1	specific	200478	368	905	6.1378e-121	373.127	cd11339	AmyAc_bac_CMD_like_2	 - 	cl38930	Yes
Q#530 - WP_205083949.1	specific	367491	155	258	1.77322e-33	124.521	pfam03423	CBM_25	 - 	cl23798	Yes
Q#530 - WP_205083949.1	superfamily	476817	409	645	1.97278e-27	116.143	cl38930	AmyAc_family superfamily	C	 - 	Yes
Q#530 - WP_205083949.1	specific	198134	52	128	7.35125e-20	84.7152	smart01066	CBM_25	 - 	cl23798	Yes
Q#530 - WP_205083949.1	specific	238020	263	350	9.85578e-08	50.5727	cd00063	FN3	 - 	cl21522	Yes
Q#531 - WP_051746483.1	specific	441132	34	770	0.0	671.784	COG1523	PulA	 - 	cl34294	Yes
Q#532 - WP_055628007.1	specific	200456	32	373	9.31446e-177	497.471	cd11317	AmyAc_bac_euk_AmyA	 - 	cl38930	Yes
Q#532 - WP_055628007.1	specific	214749	379	453	2.10818e-27	104.242	smart00632	Aamy_C	 - 	cl02706	Yes
Q#533 - WP_150264064.1	specific	200478	367	904	2.7134299999999998e-123	379.29	cd11339	AmyAc_bac_CMD_like_2	 - 	cl38930	Yes
Q#533 - WP_150264064.1	specific	367491	157	257	4.54903e-33	123.365	pfam03423	CBM_25	 - 	cl23798	Yes
Q#533 - WP_150264064.1	specific	367491	47	142	5.72115e-23	94.475	pfam03423	CBM_25	 - 	cl23798	Yes
Q#533 - WP_150264064.1	superfamily	476817	408	644	8.01513e-19	90.2085	cl38930	AmyAc_family superfamily	C	 - 	Yes
Q#533 - WP_150264064.1	superfamily	442628	253	443	2.02433e-09	61.5568	cl27307	FN3 superfamily	N	 - 	Yes
Q#534 - WP_194082887.1	specific	200456	35	376	3.21602e-178	501.323	cd11317	AmyAc_bac_euk_AmyA	 - 	cl38930	Yes
Q#534 - WP_194082887.1	specific	214749	382	456	6.35079e-28	105.783	smart00632	Aamy_C	 - 	cl02706	Yes
Q#535 - WP_069742011.1	specific	200478	370	907	3.30108e-117	363.497	cd11339	AmyAc_bac_CMD_like_2	 - 	cl38930	Yes
Q#535 - WP_069742011.1	specific	367491	159	260	3.55236e-35	129.143	pfam03423	CBM_25	 - 	cl23798	Yes
Q#535 - WP_069742011.1	superfamily	476817	411	647	4.4917999999999997e-26	111.905	cl38930	AmyAc_family superfamily	C	 - 	Yes
Q#535 - WP_069742011.1	specific	198134	51	129	3.1893199999999995e-20	85.8708	smart01066	CBM_25	 - 	cl23798	Yes
Q#535 - WP_069742011.1	superfamily	442628	260	374	1.75351e-08	58.4752	cl27307	FN3 superfamily	NC	 - 	Yes
Q#536 - WP_043462127.1	superfamily	273974	934	1789	0.0	1022.07	cl37055	pullul_strch superfamily	 - 	 - 	Yes
Q#536 - WP_043462127.1	specific	200478	59	519	5.75222e-145	450.937	cd11339	AmyAc_bac_CMD_like_2	 - 	cl38930	Yes
Q#536 - WP_043462127.1	specific	199215	829	920	2.9358200000000003e-28	110.114	cd10315	CBM41_pullulanase	 - 	cl47018	Yes
Q#536 - WP_043462127.1	specific	461022	731	812	5.19429e-17	77.7964	pfam03714	PUD	 - 	cl47835	Yes
Q#537 - WP_030588087.1	specific	200456	44	385	9.69222e-174	490.537	cd11317	AmyAc_bac_euk_AmyA	 - 	cl38930	Yes
Q#537 - WP_030588087.1	specific	214749	391	466	1.9552400000000001e-29	110.02	smart00632	Aamy_C	 - 	cl02706	Yes
Q#538 - WP_069764343.1	superfamily	273974	944	1797	0.0	1013.98	cl37055	pullul_strch superfamily	 - 	 - 	Yes
Q#538 - WP_069764343.1	specific	200478	61	528	1.0697299999999999e-147	458.641	cd11339	AmyAc_bac_CMD_like_2	 - 	cl38930	Yes
Q#538 - WP_069764343.1	specific	461022	731	827	7.02406e-34	125.946	pfam03714	PUD	 - 	cl47835	Yes
Q#538 - WP_069764343.1	specific	461022	839	931	2.16225e-31	119.013	pfam03714	PUD	 - 	cl47835	Yes
Q#538 - WP_069764343.1	specific	214749	537	613	0.00203486	38.7581	smart00632	Aamy_C	 - 	cl02706	Yes
Q#539 - WP_051831144.1	specific	200456	55	396	2.10697e-150	435.839	cd11317	AmyAc_bac_euk_AmyA	 - 	cl38930	Yes
Q#539 - WP_051831144.1	specific	99883	493	587	1.1406299999999999e-43	150.592	cd05808	CBM20_alpha_amylase	 - 	cl15347	Yes
Q#539 - WP_051831144.1	specific	214749	402	485	3.47887e-30	113.102	smart00632	Aamy_C	 - 	cl02706	Yes
Q#540 - WP_093478166.1	superfamily	273974	945	1796	0.0	1023.99	cl37055	pullul_strch superfamily	 - 	 - 	Yes
Q#540 - WP_093478166.1	specific	200478	61	527	9.25254e-147	455.945	cd11339	AmyAc_bac_CMD_like_2	 - 	cl38930	Yes
Q#540 - WP_093478166.1	specific	461022	732	828	1.3979900000000002e-32	122.48	pfam03714	PUD	 - 	cl47835	Yes
Q#540 - WP_093478166.1	specific	461022	840	932	3.15599e-30	115.546	pfam03714	PUD	 - 	cl47835	Yes
Q#540 - WP_093478166.1	specific	426991	546	616	1.37409e-05	45.4082	pfam02806	Alpha-amylase_C	 - 	cl02706	Yes
Q#541 - WP_151783696.1	superfamily	273974	945	1799	0.0	1002.04	cl37055	pullul_strch superfamily	 - 	 - 	Yes
Q#541 - WP_151783696.1	specific	200478	61	527	8.52936e-147	455.945	cd11339	AmyAc_bac_CMD_like_2	 - 	cl38930	Yes
Q#541 - WP_151783696.1	specific	199215	731	830	6.06671e-31	117.818	cd10315	CBM41_pullulanase	 - 	cl47018	Yes
Q#541 - WP_151783696.1	specific	461022	840	932	1.52319e-30	116.702	pfam03714	PUD	 - 	cl47835	Yes
Q#541 - WP_151783696.1	specific	214749	536	614	0.00342107	37.9877	smart00632	Aamy_C	 - 	cl02706	Yes
Q#542 - WP_210958789.1	superfamily	273974	948	1803	0.0	1017.06	cl37055	pullul_strch superfamily	 - 	 - 	Yes
Q#542 - WP_210958789.1	specific	200478	61	530	1.2885799999999998e-143	447.47	cd11339	AmyAc_bac_CMD_like_2	 - 	cl38930	Yes
Q#542 - WP_210958789.1	specific	199215	734	833	1.33812e-31	119.744	cd10315	CBM41_pullulanase	 - 	cl47018	Yes
Q#542 - WP_210958789.1	specific	199215	842	935	1.20137e-30	117.048	cd10315	CBM41_pullulanase	 - 	cl47018	Yes
Q#542 - WP_210958789.1	specific	214749	539	617	0.00072965	39.9137	smart00632	Aamy_C	 - 	cl02706	Yes
Q#543 - WP_148004398.1	specific	200456	35	376	1.24334e-168	481.292	cd11317	AmyAc_bac_euk_AmyA	 - 	cl38930	Yes
Q#543 - WP_148004398.1	specific	99883	473	565	5.22235e-49	164.845	cd05808	CBM20_alpha_amylase	 - 	cl15347	Yes
Q#543 - WP_148004398.1	specific	214749	382	458	4.83735e-31	115.413	smart00632	Aamy_C	 - 	cl02706	Yes
Q#544 - WP_020939632.1	specific	200456	33	374	3.16674e-168	475.9	cd11317	AmyAc_bac_euk_AmyA	 - 	cl38930	Yes
Q#544 - WP_020939632.1	specific	214749	380	454	2.8479200000000003e-28	106.938	smart00632	Aamy_C	 - 	cl02706	Yes
Q#545 - WP_094374174.1	superfamily	273974	945	1796	0.0	1019.76	cl37055	pullul_strch superfamily	 - 	 - 	Yes
Q#545 - WP_094374174.1	specific	200478	61	527	7.6446e-148	459.026	cd11339	AmyAc_bac_CMD_like_2	 - 	cl38930	Yes
Q#545 - WP_094374174.1	specific	461022	732	828	8.68656e-33	122.865	pfam03714	PUD	 - 	cl47835	Yes
Q#545 - WP_094374174.1	specific	461022	840	932	2.29048e-30	115.931	pfam03714	PUD	 - 	cl47835	Yes
Q#545 - WP_094374174.1	specific	214749	536	613	9.38659e-05	42.6101	smart00632	Aamy_C	 - 	cl02706	Yes
Q#546 - WP_055547247.1	specific	200456	47	399	1.49663e-148	426.979	cd11317	AmyAc_bac_euk_AmyA	 - 	cl38930	Yes
Q#546 - WP_055547247.1	specific	214749	412	478	2.05386e-14	68.4185	smart00632	Aamy_C	 - 	cl02706	Yes
Q#547 - WP_062667521.1	specific	200456	36	377	1.81908e-167	474.359	cd11317	AmyAc_bac_euk_AmyA	 - 	cl38930	Yes
Q#547 - WP_062667521.1	specific	214749	383	457	4.824870000000001e-28	106.168	smart00632	Aamy_C	 - 	cl02706	Yes
Q#548 - WP_133885149.1	specific	200456	41	382	4.26262e-173	492.848	cd11317	AmyAc_bac_euk_AmyA	 - 	cl38930	Yes
Q#548 - WP_133885149.1	specific	99883	480	573	3.89559e-43	149.052	cd05808	CBM20_alpha_amylase	 - 	cl15347	Yes
Q#548 - WP_133885149.1	specific	214749	388	464	9.11116e-30	111.946	smart00632	Aamy_C	 - 	cl02706	Yes
Q#549 - WP_030325429.1	specific	200456	38	379	8.86287e-179	502.864	cd11317	AmyAc_bac_euk_AmyA	 - 	cl38930	Yes
Q#549 - WP_030325429.1	specific	214749	385	459	2.49016e-27	104.242	smart00632	Aamy_C	 - 	cl02706	Yes
Q#550 - WP_181795454.1	specific	200456	34	375	2.59943e-167	477.826	cd11317	AmyAc_bac_euk_AmyA	 - 	cl38930	Yes
Q#550 - WP_181795454.1	specific	99883	471	565	2.06419e-47	160.608	cd05808	CBM20_alpha_amylase	 - 	cl15347	Yes
Q#550 - WP_181795454.1	specific	214749	381	457	7.87639e-32	117.724	smart00632	Aamy_C	 - 	cl02706	Yes
Q#551 - WP_094218175.1	specific	200456	43	395	4.6864199999999996e-144	423.127	cd11317	AmyAc_bac_euk_AmyA	 - 	cl38930	Yes
Q#551 - WP_094218175.1	specific	99883	597	689	6.90396e-37	132.873	cd05808	CBM20_alpha_amylase	 - 	cl15347	Yes
Q#551 - WP_094218175.1	superfamily	449530	495	588	3.64388e-33	122.473	cl15347	CBM20 superfamily	 - 	 - 	Yes
Q#551 - WP_094218175.1	specific	214749	402	474	4.87872e-11	59.1737	smart00632	Aamy_C	 - 	cl02706	Yes
Q#552 - WP_150491328.1	specific	200478	368	905	9.699860000000001e-120	370.045	cd11339	AmyAc_bac_CMD_like_2	 - 	cl38930	Yes
Q#552 - WP_150491328.1	specific	367491	159	258	2.35373e-34	126.832	pfam03423	CBM_25	 - 	cl23798	Yes
Q#552 - WP_150491328.1	specific	367491	48	142	4.66337e-23	94.475	pfam03423	CBM_25	 - 	cl23798	Yes
Q#552 - WP_150491328.1	superfamily	476817	409	642	8.33753e-13	71.9082	cl38930	AmyAc_family superfamily	C	 - 	Yes
Q#552 - WP_150491328.1	superfamily	442628	237	334	1.73944e-07	55.0084	cl27307	FN3 superfamily	NC	 - 	Yes
Q#553 - WP_014045543.1	specific	200456	39	380	8.03544e-174	494.774	cd11317	AmyAc_bac_euk_AmyA	 - 	cl38930	Yes
Q#553 - WP_014045543.1	specific	99883	478	573	6.90656e-40	140.192	cd05808	CBM20_alpha_amylase	 - 	cl15347	Yes
Q#553 - WP_014045543.1	specific	214749	386	462	4.89205e-31	115.413	smart00632	Aamy_C	 - 	cl02706	Yes
Q#554 - WP_177235121.1	superfamily	273974	934	1787	0.0	1019.37	cl37055	pullul_strch superfamily	 - 	 - 	Yes
Q#554 - WP_177235121.1	specific	200478	50	515	3.89128e-142	443.233	cd11339	AmyAc_bac_CMD_like_2	 - 	cl38930	Yes
Q#554 - WP_177235121.1	specific	461022	721	817	3.7785499999999998e-31	118.242	pfam03714	PUD	 - 	cl47835	Yes
Q#554 - WP_177235121.1	specific	199215	828	921	3.50066e-30	115.507	cd10315	CBM41_pullulanase	 - 	cl47018	Yes
Q#555 - WP_209494476.1	specific	200456	35	376	1.51748e-167	478.596	cd11317	AmyAc_bac_euk_AmyA	 - 	cl38930	Yes
Q#555 - WP_209494476.1	specific	99883	475	569	4.9784499999999996e-49	164.845	cd05808	CBM20_alpha_amylase	 - 	cl15347	Yes
Q#555 - WP_209494476.1	specific	214749	382	458	2.01528e-29	110.79	smart00632	Aamy_C	 - 	cl02706	Yes
Q#556 - WP_040875117.1	specific	200456	41	381	4.95749e-174	495.16	cd11317	AmyAc_bac_euk_AmyA	 - 	cl38930	Yes
Q#556 - WP_040875117.1	specific	99883	472	566	4.054e-44	151.748	cd05808	CBM20_alpha_amylase	 - 	cl15347	Yes
Q#556 - WP_040875117.1	specific	214749	388	464	2.32637e-29	110.79	smart00632	Aamy_C	 - 	cl02706	Yes
Q#557 - WP_087788912.1	specific	200456	34	375	6.05461e-159	456.64	cd11317	AmyAc_bac_euk_AmyA	 - 	cl38930	Yes
Q#557 - WP_087788912.1	specific	99883	470	564	1.16688e-43	150.207	cd05808	CBM20_alpha_amylase	 - 	cl15347	Yes
Q#557 - WP_087788912.1	specific	214749	381	457	3.05258e-32	118.88	smart00632	Aamy_C	 - 	cl02706	Yes
Q#558 - WP_030671066.1	superfamily	273974	945	1794	0.0	1008.2	cl37055	pullul_strch superfamily	 - 	 - 	Yes
Q#558 - WP_030671066.1	specific	200478	61	527	1.25888e-147	458.256	cd11339	AmyAc_bac_CMD_like_2	 - 	cl38930	Yes
Q#558 - WP_030671066.1	specific	461022	732	828	9.86138e-34	125.561	pfam03714	PUD	 - 	cl47835	Yes
Q#558 - WP_030671066.1	specific	199215	839	932	3.12981e-30	115.892	cd10315	CBM41_pullulanase	 - 	cl47018	Yes
Q#558 - WP_030671066.1	specific	214749	536	614	7.4164e-05	42.9953	smart00632	Aamy_C	 - 	cl02706	Yes
Q#559 - WP_071382527.1	specific	200456	44	396	1.19511e-146	429.676	cd11317	AmyAc_bac_euk_AmyA	 - 	cl38930	Yes
Q#559 - WP_071382527.1	superfamily	449530	598	690	1.09564e-31	118.236	cl15347	CBM20 superfamily	 - 	 - 	Yes
Q#559 - WP_071382527.1	superfamily	449530	496	589	1.84035e-31	117.85	cl15347	CBM20 superfamily	 - 	 - 	Yes
Q#559 - WP_071382527.1	specific	214749	403	473	3.64373e-12	62.2553	smart00632	Aamy_C	 - 	cl02706	Yes
Q#560 - WP_142171221.1	specific	200456	32	373	2.31818e-180	506.716	cd11317	AmyAc_bac_euk_AmyA	 - 	cl38930	Yes
Q#560 - WP_142171221.1	specific	214749	379	453	1.5672e-26	101.931	smart00632	Aamy_C	 - 	cl02706	Yes
Q#561 - WP_142172532.1	specific	200478	365	902	2.0227100000000002e-121	374.282	cd11339	AmyAc_bac_CMD_like_2	 - 	cl38930	Yes
Q#561 - WP_142172532.1	specific	367491	151	255	1.63566e-45	158.803	pfam03423	CBM_25	 - 	cl23798	Yes
Q#561 - WP_142172532.1	specific	198134	50	125	1.92692e-21	89.3376	smart01066	CBM_25	 - 	cl23798	Yes
Q#561 - WP_142172532.1	superfamily	476817	406	642	2.81098e-15	79.4229	cl38930	AmyAc_family superfamily	C	 - 	Yes
Q#561 - WP_142172532.1	superfamily	442628	255	441	4.66243e-08	56.9344	cl27307	FN3 superfamily	N	 - 	Yes
Q#562 - WP_079187168.1	specific	200456	32	373	1.42251e-174	492.078	cd11317	AmyAc_bac_euk_AmyA	 - 	cl38930	Yes
Q#562 - WP_079187168.1	specific	214749	379	453	2.39394e-29	109.635	smart00632	Aamy_C	 - 	cl02706	Yes
Q#563 - WP_161362689.1	specific	200456	32	373	1.6266700000000003e-176	497.086	cd11317	AmyAc_bac_euk_AmyA	 - 	cl38930	Yes
Q#563 - WP_161362689.1	specific	214749	379	453	5.99003e-27	103.086	smart00632	Aamy_C	 - 	cl02706	Yes
Q#564 - WP_107454571.1	specific	200456	32	373	1.0974300000000002e-176	497.471	cd11317	AmyAc_bac_euk_AmyA	 - 	cl38930	Yes
Q#564 - WP_107454571.1	specific	214749	379	453	1.3083899999999999e-27	105.012	smart00632	Aamy_C	 - 	cl02706	Yes
Q#565 - WP_212672365.1	superfamily	273974	944	1797	0.0	1009.74	cl37055	pullul_strch superfamily	 - 	 - 	Yes
Q#565 - WP_212672365.1	specific	200478	61	528	5.68994e-148	459.411	cd11339	AmyAc_bac_CMD_like_2	 - 	cl38930	Yes
Q#565 - WP_212672365.1	specific	199215	730	829	4.6331700000000004e-33	123.982	cd10315	CBM41_pullulanase	 - 	cl47018	Yes
Q#565 - WP_212672365.1	specific	461022	839	931	3.83504e-31	118.242	pfam03714	PUD	 - 	cl47835	Yes
Q#565 - WP_212672365.1	specific	426991	547	615	0.000165472	42.3266	pfam02806	Alpha-amylase_C	 - 	cl02706	Yes
Q#566 - WP_145875460.1	superfamily	273974	945	1798	0.0	1017.06	cl37055	pullul_strch superfamily	 - 	 - 	Yes
Q#566 - WP_145875460.1	specific	200478	61	527	8.2176e-149	461.723	cd11339	AmyAc_bac_CMD_like_2	 - 	cl38930	Yes
Q#566 - WP_145875460.1	specific	199215	731	830	5.68758e-33	123.596	cd10315	CBM41_pullulanase	 - 	cl47018	Yes
Q#566 - WP_145875460.1	specific	199215	839	932	3.65981e-29	112.811	cd10315	CBM41_pullulanase	 - 	cl47018	Yes
Q#566 - WP_145875460.1	specific	214749	536	614	7.87856e-05	42.6101	smart00632	Aamy_C	 - 	cl02706	Yes
Q#567 - WP_055537584.1	specific	200456	35	376	3.17219e-161	458.18	cd11317	AmyAc_bac_euk_AmyA	 - 	cl38930	Yes
Q#567 - WP_055537584.1	specific	214749	382	456	9.77954e-29	108.094	smart00632	Aamy_C	 - 	cl02706	Yes
Q#568 - WP_128510568.1	specific	200456	37	368	4.5948200000000006e-160	455.099	cd11317	AmyAc_bac_euk_AmyA	 - 	cl38930	Yes
Q#568 - WP_128510568.1	specific	214749	374	454	1.6013300000000002e-26	101.931	smart00632	Aamy_C	 - 	cl02706	Yes
Q#569 - WP_150503288.1	superfamily	273974	950	1803	0.0	1012.82	cl37055	pullul_strch superfamily	 - 	 - 	Yes
Q#569 - WP_150503288.1	specific	200478	61	530	1.0007499999999999e-143	447.855	cd11339	AmyAc_bac_CMD_like_2	 - 	cl38930	Yes
Q#569 - WP_150503288.1	specific	461022	735	831	2.0081e-32	121.709	pfam03714	PUD	 - 	cl47835	Yes
Q#569 - WP_150503288.1	specific	461022	845	937	2.68494e-31	118.628	pfam03714	PUD	 - 	cl47835	Yes
Q#570 - WP_086867122.1	specific	200456	36	377	2.51768e-168	476.285	cd11317	AmyAc_bac_euk_AmyA	 - 	cl38930	Yes
Q#570 - WP_086867122.1	specific	214749	383	457	4.74539e-29	108.864	smart00632	Aamy_C	 - 	cl02706	Yes
Q#571 - WP_053556671.1	specific	200478	364	900	1.78025e-119	368.89	cd11339	AmyAc_bac_CMD_like_2	 - 	cl38930	Yes
Q#571 - WP_053556671.1	specific	367491	152	254	1.02343e-37	136.462	pfam03423	CBM_25	 - 	cl23798	Yes
Q#571 - WP_053556671.1	specific	367491	47	140	1.0501e-23	96.401	pfam03423	CBM_25	 - 	cl23798	Yes
Q#571 - WP_053556671.1	superfamily	476817	405	640	7.05719e-14	74.8005	cl38930	AmyAc_family superfamily	C	 - 	Yes
Q#571 - WP_053556671.1	superfamily	442628	254	440	2.55953e-07	54.6232	cl27307	FN3 superfamily	N	 - 	Yes
Q#572 - WP_073761856.1	specific	200456	44	385	1.20599e-173	490.152	cd11317	AmyAc_bac_euk_AmyA	 - 	cl38930	Yes
Q#572 - WP_073761856.1	specific	214749	391	467	1.69404e-30	113.102	smart00632	Aamy_C	 - 	cl02706	Yes
Q#573 - WP_217136748.1	specific	200456	32	373	0.0	509.797	cd11317	AmyAc_bac_euk_AmyA	 - 	cl38930	Yes
Q#573 - WP_217136748.1	specific	214749	379	453	2.42991e-27	104.242	smart00632	Aamy_C	 - 	cl02706	Yes
Q#574 - WP_234314470.1	superfamily	273974	939	1788	0.0	973.147	cl37055	pullul_strch superfamily	 - 	 - 	Yes
Q#574 - WP_234314470.1	specific	200478	49	524	4.43501e-144	448.626	cd11339	AmyAc_bac_CMD_like_2	 - 	cl38930	Yes
Q#574 - WP_234314470.1	specific	461022	726	818	1.0079399999999999e-31	119.783	pfam03714	PUD	 - 	cl47835	Yes
Q#574 - WP_234314470.1	specific	199215	833	926	6.63787e-29	112.04	cd10315	CBM41_pullulanase	 - 	cl47018	Yes
Q#574 - WP_234314470.1	superfamily	445893	537	599	0.00808102	36.7565	cl02706	Malt_amylase_C superfamily	 - 	 - 	Yes
Q#575 - WP_125209859.1	superfamily	273975	276	857	5.24548e-146	444.452	cl37056	pulA_typeI superfamily	 - 	 - 	Yes
Q#575 - WP_125209859.1	specific	240568	67	161	5.44723e-38	136.605	cd12962	X25_BaPul_like	 - 	cl46869	Yes
Q#575 - WP_125209859.1	specific	240568	167	263	1.1337300000000001e-23	95.7741	cd12962	X25_BaPul_like	 - 	cl46869	Yes
Q#576 - WP_073893273.1	superfamily	273974	945	1796	0.0	1014.75	cl37055	pullul_strch superfamily	 - 	 - 	Yes
Q#576 - WP_073893273.1	specific	200478	61	527	1.17948e-144	450.167	cd11339	AmyAc_bac_CMD_like_2	 - 	cl38930	Yes
Q#576 - WP_073893273.1	specific	461022	732	828	1.16244e-32	122.48	pfam03714	PUD	 - 	cl47835	Yes
Q#576 - WP_073893273.1	specific	461022	840	932	5.49023e-30	114.776	pfam03714	PUD	 - 	cl47835	Yes
Q#576 - WP_073893273.1	specific	426991	546	615	0.001672	39.245	pfam02806	Alpha-amylase_C	 - 	cl02706	Yes
Q#577 - WP_019064454.1	superfamily	273974	949	1802	0.0	995.488	cl37055	pullul_strch superfamily	 - 	 - 	Yes
Q#577 - WP_019064454.1	specific	200478	61	530	2.19438e-146	455.174	cd11339	AmyAc_bac_CMD_like_2	 - 	cl38930	Yes
Q#577 - WP_019064454.1	specific	461022	736	832	3.2318200000000004e-32	121.324	pfam03714	PUD	 - 	cl47835	Yes
Q#577 - WP_019064454.1	specific	461022	844	936	5.3999e-30	114.776	pfam03714	PUD	 - 	cl47835	Yes
Q#577 - WP_019064454.1	specific	426991	549	620	6.3769e-05	43.4822	pfam02806	Alpha-amylase_C	 - 	cl02706	Yes
Q#578 - WP_098024061.1	specific	200456	39	380	4.64021e-175	498.241	cd11317	AmyAc_bac_euk_AmyA	 - 	cl38930	Yes
Q#578 - WP_098024061.1	specific	99883	481	576	4.16753e-43	149.052	cd05808	CBM20_alpha_amylase	 - 	cl15347	Yes
Q#578 - WP_098024061.1	specific	214749	386	462	2.6830699999999997e-31	116.183	smart00632	Aamy_C	 - 	cl02706	Yes
Q#579 - WP_148002309.1	specific	200478	374	911	8.804839999999999e-123	378.134	cd11339	AmyAc_bac_CMD_like_2	 - 	cl38930	Yes
Q#579 - WP_148002309.1	specific	367491	162	264	5.42276e-35	128.758	pfam03423	CBM_25	 - 	cl23798	Yes
Q#579 - WP_148002309.1	specific	198134	55	135	3.54298e-22	91.2636	smart01066	CBM_25	 - 	cl23798	Yes
Q#579 - WP_148002309.1	superfamily	476817	415	651	6.95558e-16	81.3489	cl38930	AmyAc_family superfamily	C	 - 	Yes
Q#579 - WP_148002309.1	specific	238020	269	356	2.55935e-08	52.4987	cd00063	FN3	 - 	cl21522	Yes
Q#580 - WP_188286335.1	specific	200456	37	378	4.21481e-178	501.323	cd11317	AmyAc_bac_euk_AmyA	 - 	cl38930	Yes
Q#580 - WP_188286335.1	specific	214749	384	460	1.48466e-29	110.405	smart00632	Aamy_C	 - 	cl02706	Yes
Q#581 - WP_382499790.1	superfamily	273974	42	896	0.0	1002.42	cl37055	pullul_strch superfamily	 - 	 - 	Yes
Q#582 - WP_129262378.1	specific	200456	37	378	7.16971e-172	489.767	cd11317	AmyAc_bac_euk_AmyA	 - 	cl38930	Yes
Q#582 - WP_129262378.1	specific	99883	477	572	2.30038e-43	149.822	cd05808	CBM20_alpha_amylase	 - 	cl15347	Yes
Q#582 - WP_129262378.1	specific	214749	385	460	5.9368699999999994e-31	115.413	smart00632	Aamy_C	 - 	cl02706	Yes
Q#583 - WP_109167095.1	specific	200478	367	904	1.10169e-119	370.045	cd11339	AmyAc_bac_CMD_like_2	 - 	cl38930	Yes
Q#583 - WP_109167095.1	specific	367491	153	257	1.61637e-36	132.995	pfam03423	CBM_25	 - 	cl23798	Yes
Q#583 - WP_109167095.1	specific	198134	52	127	1.9735199999999997e-20	86.256	smart01066	CBM_25	 - 	cl23798	Yes
Q#583 - WP_109167095.1	superfamily	476817	408	644	2.60702e-16	82.5045	cl38930	AmyAc_family superfamily	C	 - 	Yes
Q#583 - WP_109167095.1	superfamily	442628	257	371	6.92188e-12	69.2608	cl27307	FN3 superfamily	NC	 - 	Yes
Q#584 - WP_246430326.1	superfamily	273974	31	853	0.0	978.539	cl37055	pullul_strch superfamily	 - 	 - 	Yes
Q#585 - WP_184765485.1	superfamily	273974	949	1799	0.0	1013.98	cl37055	pullul_strch superfamily	 - 	 - 	Yes
Q#585 - WP_184765485.1	specific	200478	61	530	1.7141699999999998e-143	447.085	cd11339	AmyAc_bac_CMD_like_2	 - 	cl38930	Yes
Q#585 - WP_184765485.1	specific	461022	736	832	1.7538e-33	124.791	pfam03714	PUD	 - 	cl47835	Yes
Q#585 - WP_184765485.1	specific	199215	843	936	2.46436e-31	118.974	cd10315	CBM41_pullulanase	 - 	cl47018	Yes
Q#585 - WP_184765485.1	specific	426991	549	621	0.000201595	41.9414	pfam02806	Alpha-amylase_C	 - 	cl02706	Yes
Q#586 - WP_187279042.1(Warning: this sequence record may be obsolete or preliminary)	specific	200456	32	373	2.68162e-174	491.308	cd11317	AmyAc_bac_euk_AmyA	 - 	cl38930	Yes
Q#586 - WP_187279042.1(Warning: this sequence record may be obsolete or preliminary)	specific	214749	380	453	4.9350600000000005e-24	94.9972	smart00632	Aamy_C	 - 	cl02706	Yes
Q#587 - WP_073769448.1	superfamily	273974	916	1769	0.0	965.443	cl37055	pullul_strch superfamily	 - 	 - 	Yes
Q#587 - WP_073769448.1	specific	200478	52	514	2.37871e-146	454.404	cd11339	AmyAc_bac_CMD_like_2	 - 	cl38930	Yes
Q#587 - WP_073769448.1	specific	199215	811	900	2.1705e-27	107.418	cd10315	CBM41_pullulanase	 - 	cl47018	Yes
Q#587 - WP_073769448.1	specific	461022	717	796	6.29528e-15	72.0184	pfam03714	PUD	 - 	cl47835	Yes
Q#587 - WP_073769448.1	superfamily	476817	142	311	0.000121833	46.6057	cl38930	AmyAc_family superfamily	NC	 - 	Yes
Q#588 - WP_184983055.1	superfamily	273974	945	1795	0.0	1014.36	cl37055	pullul_strch superfamily	 - 	 - 	Yes
Q#588 - WP_184983055.1	specific	200478	61	527	1.3034400000000002e-141	442.077	cd11339	AmyAc_bac_CMD_like_2	 - 	cl38930	Yes
Q#588 - WP_184983055.1	specific	199215	731	830	2.63666e-33	124.367	cd10315	CBM41_pullulanase	 - 	cl47018	Yes
Q#588 - WP_184983055.1	specific	461022	840	932	1.86678e-30	116.316	pfam03714	PUD	 - 	cl47835	Yes
Q#588 - WP_184983055.1	specific	426991	542	616	0.000361036	41.171	pfam02806	Alpha-amylase_C	 - 	cl02706	Yes
Q#589 - WP_147872720.1	superfamily	273974	921	1773	0.0	997.414	cl37055	pullul_strch superfamily	 - 	 - 	Yes
Q#589 - WP_147872720.1	specific	200478	56	517	8.706e-144	447.47	cd11339	AmyAc_bac_CMD_like_2	 - 	cl38930	Yes
Q#589 - WP_147872720.1	specific	461022	817	909	7.839250000000001e-28	108.612	pfam03714	PUD	 - 	cl47835	Yes
Q#589 - WP_147872720.1	specific	199215	720	797	1.43665e-14	71.2093	cd10315	CBM41_pullulanase	 - 	cl47018	Yes
Q#589 - WP_147872720.1	specific	426991	530	603	0.000748944	40.4006	pfam02806	Alpha-amylase_C	 - 	cl02706	Yes
Q#590 - WP_133885150.1	specific	200478	365	902	5.270240000000001e-122	375.823	cd11339	AmyAc_bac_CMD_like_2	 - 	cl38930	Yes
Q#590 - WP_133885150.1	specific	367491	151	255	2.3239e-45	158.418	pfam03423	CBM_25	 - 	cl23798	Yes
Q#590 - WP_133885150.1	specific	198134	49	124	4.1460299999999997e-22	91.2636	smart01066	CBM_25	 - 	cl23798	Yes
Q#590 - WP_133885150.1	superfamily	476817	406	642	4.23413e-19	91.4717	cl38930	AmyAc_family superfamily	C	 - 	Yes
Q#590 - WP_133885150.1	superfamily	442628	181	331	4.12155e-09	60.4012	cl27307	FN3 superfamily	NC	 - 	Yes
Q#591 - WP_030807766.1	superfamily	273974	945	1798	0.0	1023.22	cl37055	pullul_strch superfamily	 - 	 - 	Yes
Q#591 - WP_030807766.1	specific	200478	61	527	8.29249e-148	459.026	cd11339	AmyAc_bac_CMD_like_2	 - 	cl38930	Yes
Q#591 - WP_030807766.1	specific	199215	731	830	2.27931e-33	124.752	cd10315	CBM41_pullulanase	 - 	cl47018	Yes
Q#591 - WP_030807766.1	specific	199215	839	932	2.8427099999999997e-31	118.589	cd10315	CBM41_pullulanase	 - 	cl47018	Yes
Q#591 - WP_030807766.1	specific	426991	546	614	0.00465609	38.0894	pfam02806	Alpha-amylase_C	 - 	cl02706	Yes
Q#592 - WP_096627637.1	superfamily	273974	919	1772	0.0	987.784	cl37055	pullul_strch superfamily	 - 	 - 	Yes
Q#592 - WP_096627637.1	specific	200478	52	514	5.77486e-146	453.633	cd11339	AmyAc_bac_CMD_like_2	 - 	cl38930	Yes
Q#592 - WP_096627637.1	specific	199215	815	905	2.1329700000000003e-28	110.5	cd10315	CBM41_pullulanase	 - 	cl47018	Yes
Q#592 - WP_096627637.1	superfamily	476817	140	239	0.00268535	42.482	cl38930	AmyAc_family superfamily	C	 - 	Yes
Q#593 - WP_268257555.1	specific	200478	75	503	4.765499999999999e-134	391.616	cd11339	AmyAc_bac_CMD_like_2	 - 	cl38930	Yes
Q#594 - WP_030618910.1	superfamily	273974	948	1809	0.0	1000.88	cl37055	pullul_strch superfamily	 - 	 - 	Yes
Q#594 - WP_030618910.1	specific	200478	61	530	3.30693e-147	457.485	cd11339	AmyAc_bac_CMD_like_2	 - 	cl38930	Yes
Q#594 - WP_030618910.1	specific	461022	735	831	9.743170000000001e-34	125.561	pfam03714	PUD	 - 	cl47835	Yes
Q#594 - WP_030618910.1	specific	199215	842	935	1.1483200000000001e-30	117.048	cd10315	CBM41_pullulanase	 - 	cl47018	Yes
Q#594 - WP_030618910.1	specific	214749	539	617	0.00291559	38.3729	smart00632	Aamy_C	 - 	cl02706	Yes
Q#595 - WP_030276421.1	superfamily	273974	916	1769	0.0	954.272	cl37055	pullul_strch superfamily	 - 	 - 	Yes
Q#595 - WP_030276421.1	specific	200478	52	514	6.02791e-149	461.723	cd11339	AmyAc_bac_CMD_like_2	 - 	cl38930	Yes
Q#595 - WP_030276421.1	specific	199215	812	902	7.2438e-29	111.655	cd10315	CBM41_pullulanase	 - 	cl47018	Yes
Q#596 - WP_077796430.1	superfamily	273974	913	1767	0.0	961.976	cl37055	pullul_strch superfamily	 - 	 - 	Yes
Q#596 - WP_077796430.1	specific	200478	46	507	9.97175e-137	428.21	cd11339	AmyAc_bac_CMD_like_2	 - 	cl38930	Yes
Q#596 - WP_077796430.1	specific	199215	809	897	3.5527900000000003e-28	109.729	cd10315	CBM41_pullulanase	 - 	cl47018	Yes
Q#596 - WP_077796430.1	specific	199215	712	791	5.46775e-17	77.7577	cd10315	CBM41_pullulanase	 - 	cl47018	Yes
Q#597 - WP_189277568.1	specific	200456	34	375	4.56478e-178	505.175	cd11317	AmyAc_bac_euk_AmyA	 - 	cl38930	Yes
Q#597 - WP_189277568.1	specific	99883	472	567	3.99843e-41	143.659	cd05808	CBM20_alpha_amylase	 - 	cl15347	Yes
Q#597 - WP_189277568.1	specific	214749	381	457	4.95179e-28	106.938	smart00632	Aamy_C	 - 	cl02706	Yes
Q#598 - WP_030804513.1	specific	200456	37	368	6.27262e-156	444.698	cd11317	AmyAc_bac_euk_AmyA	 - 	cl38930	Yes
Q#598 - WP_030804513.1	specific	214749	374	455	1.5178299999999999e-31	115.798	smart00632	Aamy_C	 - 	cl02706	Yes
Q#599 - WP_164438052.1	superfamily	273974	949	1799	0.0	1020.14	cl37055	pullul_strch superfamily	 - 	 - 	Yes
Q#599 - WP_164438052.1	specific	200478	61	530	3.07905e-142	443.618	cd11339	AmyAc_bac_CMD_like_2	 - 	cl38930	Yes
Q#599 - WP_164438052.1	specific	199215	735	834	6.79127e-34	126.293	cd10315	CBM41_pullulanase	 - 	cl47018	Yes
Q#599 - WP_164438052.1	specific	199215	843	936	1.93133e-30	116.278	cd10315	CBM41_pullulanase	 - 	cl47018	Yes
Q#600 - WP_064455463.1	superfamily	273974	916	1772	0.0	1005.89	cl37055	pullul_strch superfamily	 - 	 - 	Yes
Q#600 - WP_064455463.1	specific	200478	56	513	3.3259599999999998e-134	421.277	cd11339	AmyAc_bac_CMD_like_2	 - 	cl38930	Yes
Q#600 - WP_064455463.1	specific	199215	810	900	1.51813e-29	113.581	cd10315	CBM41_pullulanase	 - 	cl47018	Yes
Q#600 - WP_064455463.1	specific	426991	529	599	2.18496e-05	44.6378	pfam02806	Alpha-amylase_C	 - 	cl02706	Yes
Q#600 - WP_064455463.1	superfamily	476817	145	305	0.00186339	42.7537	cl38930	AmyAc_family superfamily	NC	 - 	Yes
Q#601 - WP_016826592.1	superfamily	273974	949	1799	0.0	1020.14	cl37055	pullul_strch superfamily	 - 	 - 	Yes
Q#601 - WP_016826592.1	specific	200478	61	530	6.87398e-143	445.544	cd11339	AmyAc_bac_CMD_like_2	 - 	cl38930	Yes
Q#601 - WP_016826592.1	specific	461022	736	832	9.8894e-34	125.561	pfam03714	PUD	 - 	cl47835	Yes
Q#601 - WP_016826592.1	specific	461022	844	936	7.36837e-31	117.472	pfam03714	PUD	 - 	cl47835	Yes
Q#601 - WP_016826592.1	specific	426991	542	621	5.55941e-05	43.4822	pfam02806	Alpha-amylase_C	 - 	cl02706	Yes
Q#602 - WP_216716060.1	specific	200456	32	373	1.01444e-179	505.175	cd11317	AmyAc_bac_euk_AmyA	 - 	cl38930	Yes
Q#602 - WP_216716060.1	specific	214749	379	453	5.35994e-29	108.864	smart00632	Aamy_C	 - 	cl02706	Yes
Q#603 - WP_176985747.1	specific	200456	33	374	1.30346e-165	469.351	cd11317	AmyAc_bac_euk_AmyA	 - 	cl38930	Yes
Q#603 - WP_176985747.1	specific	214749	381	454	2.4195100000000001e-29	109.635	smart00632	Aamy_C	 - 	cl02706	Yes
Q#604 - WP_039640301.1	specific	200456	31	363	1.0170500000000001e-157	448.936	cd11317	AmyAc_bac_euk_AmyA	 - 	cl38930	Yes
Q#604 - WP_039640301.1	specific	214749	369	449	2.51333e-31	115.028	smart00632	Aamy_C	 - 	cl02706	Yes
Q#605 - WP_205081741.1	specific	200456	39	380	6.913749999999999e-172	490.152	cd11317	AmyAc_bac_euk_AmyA	 - 	cl38930	Yes
Q#605 - WP_205081741.1	specific	99883	481	576	2.7062999999999997e-43	149.437	cd05808	CBM20_alpha_amylase	 - 	cl15347	Yes
Q#605 - WP_205081741.1	specific	214749	386	462	6.77709e-24	95.3824	smart00632	Aamy_C	 - 	cl02706	Yes
Q#606 - WP_104632697.1	specific	200456	41	382	3.3317699999999997e-177	503.249	cd11317	AmyAc_bac_euk_AmyA	 - 	cl38930	Yes
Q#606 - WP_104632697.1	specific	99883	480	573	9.70886e-41	142.503	cd05808	CBM20_alpha_amylase	 - 	cl15347	Yes
Q#606 - WP_104632697.1	specific	214749	388	464	2.6050400000000002e-30	113.487	smart00632	Aamy_C	 - 	cl02706	Yes
Q#607 - WP_030205849.1	specific	200456	34	375	9.146739999999999e-173	491.693	cd11317	AmyAc_bac_euk_AmyA	 - 	cl38930	Yes
Q#607 - WP_030205849.1	specific	99883	468	562	3.71646e-45	154.444	cd05808	CBM20_alpha_amylase	 - 	cl15347	Yes
Q#607 - WP_030205849.1	specific	214749	381	457	2.29706e-32	119.265	smart00632	Aamy_C	 - 	cl02706	Yes
Q#608 - WP_062024942.1	specific	200456	38	379	1.0036699999999999e-177	500.167	cd11317	AmyAc_bac_euk_AmyA	 - 	cl38930	Yes
Q#608 - WP_062024942.1	specific	214749	385	459	1.38117e-28	107.709	smart00632	Aamy_C	 - 	cl02706	Yes
Q#609 - WP_164234970.1	specific	200478	369	906	4.71014e-121	373.512	cd11339	AmyAc_bac_CMD_like_2	 - 	cl38930	Yes
Q#609 - WP_164234970.1	specific	367491	155	259	3.35443e-36	132.225	pfam03423	CBM_25	 - 	cl23798	Yes
Q#609 - WP_164234970.1	specific	367491	60	149	1.4649100000000001e-18	81.7635	pfam03423	CBM_25	 - 	cl23798	Yes
Q#609 - WP_164234970.1	superfamily	182849	410	641	1.76469e-14	77.4811	cl32612	PRK10933 superfamily	C	 - 	Yes
Q#609 - WP_164234970.1	superfamily	442628	255	445	1.45496e-09	61.942	cl27307	FN3 superfamily	N	 - 	Yes
Q#610 - WP_172624853.1	specific	200456	32	373	2.17109e-172	486.685	cd11317	AmyAc_bac_euk_AmyA	 - 	cl38930	Yes
Q#610 - WP_172624853.1	specific	214749	380	453	1.07246e-24	96.9232	smart00632	Aamy_C	 - 	cl02706	Yes
Q#611 - WP_188286334.1	superfamily	273974	945	1795	0.0	1006.27	cl37055	pullul_strch superfamily	 - 	 - 	Yes
Q#611 - WP_188286334.1	specific	200478	61	527	2.2719e-147	457.485	cd11339	AmyAc_bac_CMD_like_2	 - 	cl38930	Yes
Q#611 - WP_188286334.1	specific	461022	732	828	5.38591e-32	120.554	pfam03714	PUD	 - 	cl47835	Yes
Q#611 - WP_188286334.1	specific	199215	840	932	7.64417e-30	114.737	cd10315	CBM41_pullulanase	 - 	cl47018	Yes
Q#611 - WP_188286334.1	specific	426991	546	617	0.00180572	39.245	pfam02806	Alpha-amylase_C	 - 	cl02706	Yes
Q#612 - WP_159766958.1	superfamily	273974	953	1806	0.0	1034.01	cl37055	pullul_strch superfamily	 - 	 - 	Yes
Q#612 - WP_159766958.1	specific	200478	64	533	1.62173e-145	452.863	cd11339	AmyAc_bac_CMD_like_2	 - 	cl38930	Yes
Q#612 - WP_159766958.1	specific	461022	738	834	1.18931e-30	116.702	pfam03714	PUD	 - 	cl47835	Yes
Q#612 - WP_159766958.1	specific	199215	848	940	4.21235e-30	115.507	cd10315	CBM41_pullulanase	 - 	cl47018	Yes
Q#612 - WP_159766958.1	specific	214749	542	620	1.82126e-05	44.5361	smart00632	Aamy_C	 - 	cl02706	Yes
Q#613 - WP_053927277.1	specific	200456	47	378	4.68829e-157	448.165	cd11317	AmyAc_bac_euk_AmyA	 - 	cl38930	Yes
Q#613 - WP_053927277.1	specific	214749	384	467	7.3216e-31	113.872	smart00632	Aamy_C	 - 	cl02706	Yes
Q#614 - WP_135069971.1	specific	200456	34	375	1.6685899999999998e-177	504.019	cd11317	AmyAc_bac_euk_AmyA	 - 	cl38930	Yes
Q#614 - WP_135069971.1	specific	99883	470	566	1.27388e-43	150.207	cd05808	CBM20_alpha_amylase	 - 	cl15347	Yes
Q#614 - WP_135069971.1	specific	214749	381	457	1.65865e-28	108.479	smart00632	Aamy_C	 - 	cl02706	Yes
Q#615 - WP_042173507.1	specific	200456	32	373	9.56472e-173	487.456	cd11317	AmyAc_bac_euk_AmyA	 - 	cl38930	Yes
Q#615 - WP_042173507.1	specific	214749	379	453	4.39491e-26	100.775	smart00632	Aamy_C	 - 	cl02706	Yes
Q#616 - WP_194082886.1	specific	200456	41	392	4.7470299999999995e-144	423.127	cd11317	AmyAc_bac_euk_AmyA	 - 	cl38930	Yes
Q#616 - WP_194082886.1	superfamily	449530	596	688	1.74154e-36	132.103	cl15347	CBM20 superfamily	 - 	 - 	Yes
Q#616 - WP_194082886.1	superfamily	449530	494	587	1.04802e-31	118.621	cl15347	CBM20 superfamily	 - 	 - 	Yes
Q#616 - WP_194082886.1	specific	214749	399	473	5.74738e-13	64.5665	smart00632	Aamy_C	 - 	cl02706	Yes
Q#617 - WP_164337175.1	specific	200456	32	373	0.0	509.412	cd11317	AmyAc_bac_euk_AmyA	 - 	cl38930	Yes
Q#617 - WP_164337175.1	specific	214749	379	453	6.045730000000001e-28	105.783	smart00632	Aamy_C	 - 	cl02706	Yes
Q#618 - WP_130334110.1	specific	200456	33	374	1.13523e-174	492.463	cd11317	AmyAc_bac_euk_AmyA	 - 	cl38930	Yes
Q#618 - WP_130334110.1	specific	214749	381	454	5.8044099999999994e-27	103.086	smart00632	Aamy_C	 - 	cl02706	Yes
Q#619 - WP_053849686.1	specific	200456	40	381	3.47576e-162	460.877	cd11317	AmyAc_bac_euk_AmyA	 - 	cl38930	Yes
Q#619 - WP_053849686.1	specific	214749	387	461	5.113210000000001e-28	106.168	smart00632	Aamy_C	 - 	cl02706	Yes
Q#620 - WP_176711921.1	specific	200456	33	374	6.29116e-175	493.234	cd11317	AmyAc_bac_euk_AmyA	 - 	cl38930	Yes
Q#620 - WP_176711921.1	specific	214749	381	454	1.46195e-27	105.012	smart00632	Aamy_C	 - 	cl02706	Yes
Q#621 - WP_152889002.1	specific	200478	368	905	3.00685e-122	376.594	cd11339	AmyAc_bac_CMD_like_2	 - 	cl38930	Yes
Q#621 - WP_152889002.1	specific	367491	154	258	7.54154e-38	136.847	pfam03423	CBM_25	 - 	cl23798	Yes
Q#621 - WP_152889002.1	superfamily	236543	251	652	1.21583e-21	100.897	cl35845	malS superfamily	C	 - 	Yes
Q#621 - WP_152889002.1	specific	367491	64	150	1.38853e-21	90.2378	pfam03423	CBM_25	 - 	cl23798	Yes
Q#622 - WP_150270944.1	superfamily	273974	906	1760	0.0	1001.65	cl37055	pullul_strch superfamily	 - 	 - 	Yes
Q#622 - WP_150270944.1	specific	200478	49	509	1.38347e-145	452.478	cd11339	AmyAc_bac_CMD_like_2	 - 	cl38930	Yes
Q#622 - WP_150270944.1	specific	461022	802	894	2.4489700000000002e-29	113.235	pfam03714	PUD	 - 	cl47835	Yes
Q#622 - WP_150270944.1	specific	199215	706	792	2.78964e-17	78.9133	cd10315	CBM41_pullulanase	 - 	cl47018	Yes
Q#623 - WP_069920038.1	specific	200456	38	379	1.71836e-169	483.604	cd11317	AmyAc_bac_euk_AmyA	 - 	cl38930	Yes
Q#623 - WP_069920038.1	specific	99883	475	569	1.31016e-43	150.207	cd05808	CBM20_alpha_amylase	 - 	cl15347	Yes
Q#623 - WP_069920038.1	specific	214749	385	461	5.544400000000001e-29	109.635	smart00632	Aamy_C	 - 	cl02706	Yes
Q#624 - WP_184961069.1	specific	200456	34	375	1.44329e-165	469.351	cd11317	AmyAc_bac_euk_AmyA	 - 	cl38930	Yes
Q#624 - WP_184961069.1	specific	214749	381	455	2.22123e-25	98.8492	smart00632	Aamy_C	 - 	cl02706	Yes
Q#625 - WP_030121623.1	specific	200456	39	380	4.87684e-173	492.848	cd11317	AmyAc_bac_euk_AmyA	 - 	cl38930	Yes
Q#625 - WP_030121623.1	specific	99883	482	575	3.17429e-44	152.133	cd05808	CBM20_alpha_amylase	 - 	cl15347	Yes
Q#625 - WP_030121623.1	specific	214749	386	462	3.70648e-31	115.798	smart00632	Aamy_C	 - 	cl02706	Yes
Q#626 - WP_150270942.1	specific	200456	34	375	2.34832e-168	480.907	cd11317	AmyAc_bac_euk_AmyA	 - 	cl38930	Yes
Q#626 - WP_150270942.1	specific	99883	474	568	1.52458e-50	168.697	cd05808	CBM20_alpha_amylase	 - 	cl15347	Yes
Q#626 - WP_150270942.1	specific	214749	381	457	8.69847e-32	117.724	smart00632	Aamy_C	 - 	cl02706	Yes
Q#627 - WP_244949998.1	superfamily	273974	951	1805	0.0	1007.04	cl37055	pullul_strch superfamily	 - 	 - 	Yes
Q#627 - WP_244949998.1	specific	200478	68	532	7.44916e-138	431.677	cd11339	AmyAc_bac_CMD_like_2	 - 	cl38930	Yes
Q#627 - WP_244949998.1	specific	199215	736	835	5.75613e-33	123.596	cd10315	CBM41_pullulanase	 - 	cl47018	Yes
Q#627 - WP_244949998.1	specific	199215	846	937	5.25775e-30	115.122	cd10315	CBM41_pullulanase	 - 	cl47018	Yes
Q#627 - WP_244949998.1	specific	214749	546	618	0.00074409	39.9137	smart00632	Aamy_C	 - 	cl02706	Yes
Q#628 - WP_184765484.1	specific	200456	32	373	2.4976700000000004e-178	501.708	cd11317	AmyAc_bac_euk_AmyA	 - 	cl38930	Yes
Q#628 - WP_184765484.1	specific	214749	379	453	1.2436299999999999e-27	105.012	smart00632	Aamy_C	 - 	cl02706	Yes
Q#629 - WP_043268051.1	specific	200456	37	369	1.35315e-153	438.92	cd11317	AmyAc_bac_euk_AmyA	 - 	cl38930	Yes
Q#629 - WP_043268051.1	specific	214749	375	455	1.59469e-28	107.324	smart00632	Aamy_C	 - 	cl02706	Yes
Q#630 - WP_141204615.1	superfamily	273974	948	1801	0.0	1017.83	cl37055	pullul_strch superfamily	 - 	 - 	Yes
Q#630 - WP_141204615.1	specific	200478	61	530	8.1029e-147	456.33	cd11339	AmyAc_bac_CMD_like_2	 - 	cl38930	Yes
Q#630 - WP_141204615.1	specific	199215	734	833	1.90072e-33	124.752	cd10315	CBM41_pullulanase	 - 	cl47018	Yes
Q#630 - WP_141204615.1	specific	461022	843	935	1.32062e-31	119.398	pfam03714	PUD	 - 	cl47835	Yes
Q#631 - WP_078948723.1	superfamily	273974	44	891	0.0	921.915	cl37055	pullul_strch superfamily	 - 	 - 	Yes
Q#632 - WP_010987383.1	specific	200456	35	376	2.1841899999999999e-162	461.262	cd11317	AmyAc_bac_euk_AmyA	 - 	cl38930	Yes
Q#632 - WP_010987383.1	specific	214749	382	456	1.23565e-25	99.6196	smart00632	Aamy_C	 - 	cl02706	Yes
Q#633 - WP_031012671.1	specific	200456	34	375	3.95026e-170	485.144	cd11317	AmyAc_bac_euk_AmyA	 - 	cl38930	Yes
Q#633 - WP_031012671.1	specific	99883	476	570	6.70386e-50	167.156	cd05808	CBM20_alpha_amylase	 - 	cl15347	Yes
Q#633 - WP_031012671.1	specific	214749	382	457	1.11054e-30	114.642	smart00632	Aamy_C	 - 	cl02706	Yes
Q#634 - WP_059143198.1	specific	200456	37	378	5.17474e-174	490.922	cd11317	AmyAc_bac_euk_AmyA	 - 	cl38930	Yes
Q#634 - WP_059143198.1	specific	214749	384	460	6.48156e-33	119.265	smart00632	Aamy_C	 - 	cl02706	Yes
Q#635 - WP_078659932.1	superfamily	273974	33	867	0.0	950.805	cl37055	pullul_strch superfamily	 - 	 - 	Yes
Q#636 - WP_208783599.1	specific	200456	43	395	6.7293e-147	430.446	cd11317	AmyAc_bac_euk_AmyA	 - 	cl38930	Yes
Q#636 - WP_208783599.1	superfamily	449530	496	589	1.4712500000000002e-32	120.932	cl15347	CBM20 superfamily	 - 	 - 	Yes
Q#636 - WP_208783599.1	superfamily	449530	598	690	4.14443e-31	116.695	cl15347	CBM20 superfamily	 - 	 - 	Yes
Q#636 - WP_208783599.1	specific	214749	402	474	4.83544e-12	61.8701	smart00632	Aamy_C	 - 	cl02706	Yes
Q#637 - WP_145825410.1	specific	200456	32	373	1.82252e-180	507.101	cd11317	AmyAc_bac_euk_AmyA	 - 	cl38930	Yes
Q#637 - WP_145825410.1	specific	214749	379	453	3.00672e-27	103.857	smart00632	Aamy_C	 - 	cl02706	Yes
Q#638 - WP_136230596.1	specific	200456	37	383	4.04366e-172	490.152	cd11317	AmyAc_bac_euk_AmyA	 - 	cl38930	Yes
Q#638 - WP_136230596.1	specific	99883	477	569	5.1319899999999997e-45	154.059	cd05808	CBM20_alpha_amylase	 - 	cl15347	Yes
Q#638 - WP_136230596.1	specific	214749	390	465	2.3857500000000001e-29	110.79	smart00632	Aamy_C	 - 	cl02706	Yes
Q#639 - WP_087788630.1	specific	200478	371	908	4.5643099999999995e-123	378.52	cd11339	AmyAc_bac_CMD_like_2	 - 	cl38930	Yes
Q#639 - WP_087788630.1	specific	367491	157	261	3.54922e-46	160.729	pfam03423	CBM_25	 - 	cl23798	Yes
Q#639 - WP_087788630.1	specific	198134	56	131	3.4229699999999995e-20	85.8708	smart01066	CBM_25	 - 	cl23798	Yes
Q#639 - WP_087788630.1	superfamily	476817	412	648	2.35106e-17	85.5861	cl38930	AmyAc_family superfamily	C	 - 	Yes
Q#639 - WP_087788630.1	specific	238020	266	336	5.05035e-07	48.6467	cd00063	FN3	 - 	cl21522	Yes
Q#640 - WP_166661914.1	superfamily	273974	948	1802	0.0	1004.35	cl37055	pullul_strch superfamily	 - 	 - 	Yes
Q#640 - WP_166661914.1	specific	200478	61	530	2.25227e-143	446.7	cd11339	AmyAc_bac_CMD_like_2	 - 	cl38930	Yes
Q#640 - WP_166661914.1	specific	199215	734	833	8.01456e-34	125.908	cd10315	CBM41_pullulanase	 - 	cl47018	Yes
Q#640 - WP_166661914.1	specific	199215	842	935	1.28641e-31	119.744	cd10315	CBM41_pullulanase	 - 	cl47018	Yes
Q#640 - WP_166661914.1	superfamily	476817	151	323	0.000102894	46.9909	cl38930	AmyAc_family superfamily	NC	 - 	Yes
Q#640 - WP_166661914.1	specific	214749	539	617	0.00279245	38.3729	smart00632	Aamy_C	 - 	cl02706	Yes
Q#641 - WP_209498125.1	specific	200478	375	912	2.14117e-125	384.683	cd11339	AmyAc_bac_CMD_like_2	 - 	cl38930	Yes
Q#641 - WP_209498125.1	specific	367491	163	265	9.01e-36	131.069	pfam03423	CBM_25	 - 	cl23798	Yes
Q#641 - WP_209498125.1	specific	198134	56	136	2.91947e-22	91.6488	smart01066	CBM_25	 - 	cl23798	Yes
Q#641 - WP_209498125.1	superfamily	476817	416	652	4.73537e-18	87.8973	cl38930	AmyAc_family superfamily	C	 - 	Yes
Q#641 - WP_209498125.1	specific	238020	270	357	2.82451e-08	52.1135	cd00063	FN3	 - 	cl21522	Yes
Q#642 - WP_051747604.1	specific	200456	32	373	0.0	512.108	cd11317	AmyAc_bac_euk_AmyA	 - 	cl38930	Yes
Q#642 - WP_051747604.1	specific	214749	379	453	1.00837e-28	108.094	smart00632	Aamy_C	 - 	cl02706	Yes
Q#643 - WP_044381149.1	specific	200456	33	374	3.46962e-162	460.877	cd11317	AmyAc_bac_euk_AmyA	 - 	cl38930	Yes
Q#643 - WP_044381149.1	specific	214749	380	454	1.93537e-26	101.931	smart00632	Aamy_C	 - 	cl02706	Yes
Q#644 - WP_044386215.1	specific	200478	364	901	2.2100400000000003e-120	371.586	cd11339	AmyAc_bac_CMD_like_2	 - 	cl38930	Yes
Q#644 - WP_044386215.1	specific	367491	151	254	5.41148e-35	128.758	pfam03423	CBM_25	 - 	cl23798	Yes
Q#644 - WP_044386215.1	specific	367491	48	144	5.474290000000001e-24	97.1714	pfam03423	CBM_25	 - 	cl23798	Yes
Q#644 - WP_044386215.1	superfamily	182849	405	636	1.15501e-14	78.2515	cl32612	PRK10933 superfamily	C	 - 	Yes
Q#644 - WP_044386215.1	specific	238020	259	333	1.88922e-05	44.0243	cd00063	FN3	 - 	cl21522	Yes
Q#645 - WP_072483329.1	superfamily	273974	915	1768	0.0	952.346	cl37055	pullul_strch superfamily	 - 	 - 	Yes
Q#645 - WP_072483329.1	specific	200478	52	511	7.1467599999999995e-146	453.248	cd11339	AmyAc_bac_CMD_like_2	 - 	cl38930	Yes
Q#645 - WP_072483329.1	specific	461022	811	897	4.58071e-26	103.605	pfam03714	PUD	 - 	cl47835	Yes
Q#645 - WP_072483329.1	specific	199215	713	793	8.40832e-17	77.3725	cd10315	CBM41_pullulanase	 - 	cl47018	Yes
Q#1 - WP_014055567.1	specific	274114	3	541	0.0	784.99	TIGR02402	trehalose_TreZ	 - 	cl38930	No
Q#2 - WP_242440507.1	specific	235445	102	822	0.0	1232.35	PRK05402	PRK05402	 - 	cl38930	No
Q#2 - WP_242440507.1	superfamily	223065	3	97	0.00271719	41.5912	cl33729	PHA03378 superfamily	N	 - 	No
Q#3 - WP_194278918.1	specific	235445	28	738	0.0	1248.92	PRK05402	PRK05402	 - 	cl38930	No
Q#4 - WP_078904812.1	specific	200475	22	634	0.0	761.262	cd11336	AmyAc_MTSase	 - 	cl38930	No
Q#5 - WP_119991539.1	specific	200482	195	556	0.0	663.147	cd11344	AmyAc_GlgE_like	 - 	cl38930	No
Q#5 - WP_119991539.1	specific	463388	3	190	3.64732e-86	267.878	pfam11896	GlgE_dom_N_S	 - 	cl13354	No
Q#5 - WP_119991539.1	superfamily	445893	564	640	0.000287877	39.8381	cl02706	Malt_amylase_C superfamily	 - 	 - 	No
Q#6 - WP_190904084.1	specific	235445	23	732	0.0	1263.55	PRK05402	PRK05402	 - 	cl38930	No
Q#7 - WP_210960397.1	specific	274140	23	562	0.0	1032.39	TIGR02456	treS_nterm	 - 	cl37116	No
Q#8 - WP_125816166.1	specific	235445	45	761	0.0	1269.72	PRK05402	PRK05402	 - 	cl38930	No
Q#9 - WP_118083180.1	specific	441132	1	690	0.0	1326.62	COG1523	PulA	 - 	cl34294	No
Q#10 - WP_052029993.1	specific	200475	22	654	0.0	752.402	cd11336	AmyAc_MTSase	 - 	cl38930	No
Q#11 - WP_115745670.1	specific	200482	202	558	0.0	713.994	cd11344	AmyAc_GlgE_like	 - 	cl38930	No
Q#11 - WP_115745670.1	specific	463388	10	197	1.25758e-82	258.633	pfam11896	GlgE_dom_N_S	 - 	cl13354	No
Q#11 - WP_115745670.1	superfamily	445893	566	607	0.00122806	37.9121	cl02706	Malt_amylase_C superfamily	C	 - 	No
Q#12 - WP_063730883.1	specific	274114	3	536	0.0	759.952	TIGR02402	trehalose_TreZ	 - 	cl38930	No
Q#13 - WP_042165727.1	specific	441132	13	706	0.0	1292.73	COG1523	PulA	 - 	cl34294	No
Q#14 - WP_189560134.1	specific	441132	13	706	0.0	1317.38	COG1523	PulA	 - 	cl34294	No
Q#15 - WP_164439007.1	specific	441132	46	747	0.0	1135.56	COG1523	PulA	 - 	cl34294	No
Q#16 - WP_189881450.1	specific	441132	1	701	0.0	1303.13	COG1523	PulA	 - 	cl34294	No
Q#17 - WP_210959579.1	specific	200471	11	474	0.0	711.353	cd11332	AmyAc_OligoGlu_TS	 - 	cl38930	No
Q#17 - WP_210959579.1	specific	432205	455	532	7.72158e-05	41.5415	pfam11941	DUF3459	 - 	cl02706	No
Q#18 - WP_189731026.1	specific	200471	18	492	0.0	732.539	cd11332	AmyAc_OligoGlu_TS	 - 	cl38930	No
Q#18 - WP_189731026.1	specific	432205	473	549	2.65468e-05	43.0823	pfam11941	DUF3459	 - 	cl02706	No
Q#19 - WP_398780603.1	specific	274114	16	551	0.0	751.478	TIGR02402	trehalose_TreZ	 - 	cl38930	No
Q#20 - WP_123456005.1	specific	441132	1	704	0.0	1285.02	COG1523	PulA	 - 	cl34294	No
Q#21 - WP_374200252.1	specific	200482	42	398	0.0	700.126	cd11344	AmyAc_GlgE_like	 - 	cl38930	No
Q#21 - WP_374200252.1	superfamily	463388	1	37	1.13404e-09	57.1736	cl13354	GlgE_dom_N_S superfamily	N	 - 	No
Q#22 - WP_073897363.1	specific	274114	2	544	0.0	805.021	TIGR02402	trehalose_TreZ	 - 	cl38930	No
Q#23 - WP_175434821.1	specific	235445	229	948	0.0	1291.67	PRK05402	PRK05402	 - 	cl38930	No
Q#24 - WP_159746825.1	specific	235445	2	723	0.0	1244.29	PRK05402	PRK05402	 - 	cl38930	No
Q#25 - WP_053852014.1	specific	200471	21	501	0.0	792.63	cd11332	AmyAc_OligoGlu_TS	 - 	cl38930	No
Q#25 - WP_053852014.1	specific	432205	482	556	0.000367225	39.6155	pfam11941	DUF3459	 - 	cl02706	No
Q#26 - WP_106415632.1	specific	200482	200	556	0.0	712.068	cd11344	AmyAc_GlgE_like	 - 	cl38930	No
Q#26 - WP_106415632.1	specific	463388	8	195	2.95688e-74	236.677	pfam11896	GlgE_dom_N_S	 - 	cl13354	No
Q#26 - WP_106415632.1	superfamily	440065	530	594	0.0047639	40.1212	cl43092	GlgB superfamily	N	 - 	No
Q#27 - WP_180989888.1	specific	200471	22	503	0.0	774.911	cd11332	AmyAc_OligoGlu_TS	 - 	cl38930	No
Q#27 - WP_180989888.1	specific	432205	484	558	1.87863e-05	43.4675	pfam11941	DUF3459	 - 	cl02706	No
Q#28 - WP_191093701.1	specific	200482	247	603	0.0	688.57	cd11344	AmyAc_GlgE_like	 - 	cl38930	No
Q#28 - WP_191093701.1	specific	463388	55	242	3.73574e-81	256.322	pfam11896	GlgE_dom_N_S	 - 	cl13354	No
Q#28 - WP_191093701.1	superfamily	476867	2	89	0.00181975	41.7998	cl39092	kgd superfamily	C	 - 	No
Q#28 - WP_191093701.1	superfamily	445893	615	690	0.00488258	36.3713	cl02706	Malt_amylase_C superfamily	 - 	 - 	No
Q#29 - WP_088800561.1	specific	274114	3	552	0.0	720.277	TIGR02402	trehalose_TreZ	 - 	cl38930	No
Q#30 - WP_164764710.1	specific	274114	3	549	0.0	749.552	TIGR02402	trehalose_TreZ	 - 	cl38930	No
Q#31 - WP_055598780.1	specific	274140	23	562	0.0	1009.66	TIGR02456	treS_nterm	 - 	cl37116	No
Q#32 - WP_030026068.1	specific	274140	23	562	0.0	1010.82	TIGR02456	treS_nterm	 - 	cl37116	No
Q#33 - WP_042164181.1	specific	274114	2	544	0.0	816.191	TIGR02402	trehalose_TreZ	 - 	cl38930	No
Q#34 - WP_119984995.1	specific	200471	12	470	0.0	683.234	cd11332	AmyAc_OligoGlu_TS	 - 	cl38930	No
Q#34 - WP_119984995.1	specific	432205	453	530	0.0001159	41.1563	pfam11941	DUF3459	 - 	cl02706	No
Q#35 - WP_046084347.1	specific	200482	195	556	0.0	632.716	cd11344	AmyAc_GlgE_like	 - 	cl38930	No
Q#35 - WP_046084347.1	specific	463388	3	190	1.36329e-87	271.345	pfam11896	GlgE_dom_N_S	 - 	cl13354	No
Q#35 - WP_046084347.1	superfamily	445893	564	640	0.000745839	38.6825	cl02706	Malt_amylase_C superfamily	 - 	 - 	No
Q#36 - WP_062674635.1	specific	200471	6	480	0.0	740.628	cd11332	AmyAc_OligoGlu_TS	 - 	cl38930	No
Q#36 - WP_062674635.1	specific	432205	461	537	5.20739e-05	41.9267	pfam11941	DUF3459	 - 	cl02706	No
Q#37 - WP_093768104.1	specific	441132	42	747	0.0	1166.38	COG1523	PulA	 - 	cl34294	No
Q#38 - WP_189847157.1	specific	200482	210	581	0.0	670.851	cd11344	AmyAc_GlgE_like	 - 	cl38930	No
Q#38 - WP_189847157.1	specific	463388	15	205	2.97704e-68	221.269	pfam11896	GlgE_dom_N_S	 - 	cl13354	No
Q#38 - WP_189847157.1	superfamily	440065	569	619	0.000120182	45.1288	cl43092	GlgB superfamily	N	 - 	No
Q#38 - WP_189847157.1	superfamily	445893	586	660	0.00148831	37.9121	cl02706	Malt_amylase_C superfamily	 - 	 - 	No
Q#39 - WP_030280619.1	specific	274140	23	568	0.0	1013.52	TIGR02456	treS_nterm	 - 	cl37116	No
Q#40 - WP_194275446.1	superfamily	274113	18	828	0.0	890.215	cl30297	trehalose_TreY superfamily	 - 	 - 	No
Q#41 - WP_126916156.1	specific	200482	195	556	0.0	673.933	cd11344	AmyAc_GlgE_like	 - 	cl38930	No
Q#41 - WP_126916156.1	specific	463388	3	190	1.6053399999999999e-81	255.551	pfam11896	GlgE_dom_N_S	 - 	cl13354	No
Q#41 - WP_126916156.1	superfamily	445893	564	640	0.00390843	36.3713	cl02706	Malt_amylase_C superfamily	 - 	 - 	No
Q#42 - WP_153543785.1	superfamily	274113	11	787	0.0	842.835	cl30297	trehalose_TreY superfamily	 - 	 - 	No
Q#43 - WP_031006131.1	specific	274140	23	562	0.0	1009.66	TIGR02456	treS_nterm	 - 	cl37116	No
Q#44 - WP_079030405.1	specific	200482	223	579	0.0	701.282	cd11344	AmyAc_GlgE_like	 - 	cl38930	No
Q#44 - WP_079030405.1	specific	463388	31	218	4.0676500000000002e-84	262.87	pfam11896	GlgE_dom_N_S	 - 	cl13354	No
Q#45 - WP_129769181.1	specific	274140	23	568	0.0	1025.84	TIGR02456	treS_nterm	 - 	cl37116	No
Q#46 - WP_009316221.1	specific	200482	200	556	0.0	688.57	cd11344	AmyAc_GlgE_like	 - 	cl38930	No
Q#46 - WP_009316221.1	specific	463388	8	195	6.84692e-81	254.011	pfam11896	GlgE_dom_N_S	 - 	cl13354	No
Q#46 - WP_009316221.1	superfamily	445893	564	628	5.20519e-05	41.7641	cl02706	Malt_amylase_C superfamily	C	 - 	No
Q#47 - WP_268253094.1	superfamily	274140	22	329	0.0	602.509	cl37116	treS_nterm superfamily	C	 - 	No
Q#48 - WP_088797362.1	specific	200471	12	463	0.0	793.401	cd11332	AmyAc_OligoGlu_TS	 - 	cl38930	No
Q#48 - WP_088797362.1	specific	432205	445	526	8.22022e-07	47.3195	pfam11941	DUF3459	 - 	cl02706	No
Q#49 - WP_030837471.1	superfamily	273974	2	462	0.0	654.586	cl37055	pullul_strch superfamily	N	 - 	No
Q#50 - WP_159685305.1	specific	441132	1	705	0.0	1280.4	COG1523	PulA	 - 	cl34294	No
Q#51 - WP_120754332.1	specific	200471	26	485	0.0	789.164	cd11332	AmyAc_OligoGlu_TS	 - 	cl38930	No
Q#51 - WP_120754332.1	specific	432205	466	545	8.06551e-06	44.2379	pfam11941	DUF3459	 - 	cl02706	No
Q#52 - WP_030815054.1	specific	235445	25	735	0.0	1240.06	PRK05402	PRK05402	 - 	cl38930	No
Q#53 - WP_039632655.1	specific	200482	195	556	0.0	638.88	cd11344	AmyAc_GlgE_like	 - 	cl38930	No
Q#53 - WP_039632655.1	specific	463388	3	190	5.72317e-77	243.995	pfam11896	GlgE_dom_N_S	 - 	cl13354	No
Q#53 - WP_039632655.1	superfamily	440065	526	598	0.00470096	40.1212	cl43092	GlgB superfamily	N	 - 	No
Q#54 - WP_217463264.1	specific	274114	2	544	0.0	826.206	TIGR02402	trehalose_TreZ	 - 	cl38930	No
Q#55 - WP_059083587.1	superfamily	274113	6	777	0.0	919.49	cl30297	trehalose_TreY superfamily	 - 	 - 	No
Q#56 - WP_161371231.1	specific	200473	10	460	0.0	663.878	cd11334	AmyAc_TreS	 - 	cl38930	No
Q#56 - WP_161371231.1	specific	435493	470	548	3.4256e-08	50.6237	pfam16657	Malt_amylase_C	 - 	cl02706	No
Q#57 - WP_129293669.1	specific	441132	1	746	0.0	1255.75	COG1523	PulA	 - 	cl34294	No
Q#58 - WP_086721899.1	specific	441132	21	748	0.0	1160.99	COG1523	PulA	 - 	cl34294	No
Q#59 - WP_189747315.1	superfamily	274113	15	800	0.0	884.822	cl30297	trehalose_TreY superfamily	 - 	 - 	No
Q#60 - WP_244190482.1	superfamily	274113	11	780	0.0	899.845	cl30297	trehalose_TreY superfamily	 - 	 - 	No
Q#61 - WP_161372490.1	superfamily	274113	17	784	0.0	806.241	cl30297	trehalose_TreY superfamily	 - 	 - 	No
Q#62 - WP_093629194.1	specific	235445	88	805	0.0	1307.85	PRK05402	PRK05402	 - 	cl38930	No
Q#63 - WP_208035534.1	specific	200471	12	467	0.0	679.382	cd11332	AmyAc_OligoGlu_TS	 - 	cl38930	No
Q#63 - WP_208035534.1	specific	432205	459	533	3.12001e-05	42.6971	pfam11941	DUF3459	 - 	cl02706	No
Q#64 - WP_019434532.1	specific	200471	13	493	0.0	762.2	cd11332	AmyAc_OligoGlu_TS	 - 	cl38930	No
Q#65 - WP_073745367.1	specific	274140	23	562	0.0	1028.54	TIGR02456	treS_nterm	 - 	cl37116	No
Q#66 - WP_150473278.1	specific	441132	1	703	0.0	1272.7	COG1523	PulA	 - 	cl34294	No
Q#67 - WP_175433670.1	specific	200471	22	503	0.0	769.133	cd11332	AmyAc_OligoGlu_TS	 - 	cl38930	No
Q#67 - WP_175433670.1	specific	432205	484	558	8.50103e-08	50.0159	pfam11941	DUF3459	 - 	cl02706	No
Q#68 - WP_030317071.1	specific	200471	11	474	0.0	705.575	cd11332	AmyAc_OligoGlu_TS	 - 	cl38930	No
Q#68 - WP_030317071.1	specific	432205	457	534	0.000585456	39.2303	pfam11941	DUF3459	 - 	cl02706	No
Q#69 - WP_127153098.1	specific	441132	21	749	0.0	1184.48	COG1523	PulA	 - 	cl34294	No
Q#70 - WP_107503580.1	specific	200482	50	421	0.0	668.925	cd11344	AmyAc_GlgE_like	 - 	cl38930	No
Q#70 - WP_107503580.1	superfamily	445893	428	505	0.000403118	39.0677	cl02706	Malt_amylase_C superfamily	 - 	 - 	No
Q#70 - WP_107503580.1	superfamily	463388	23	45	0.00156498	39.8396	cl13354	GlgE_dom_N_S superfamily	N	 - 	No
Q#71 - WP_189749212.1	specific	441132	11	707	0.0	1319.3	COG1523	PulA	 - 	cl34294	No
Q#72 - WP_046089260.1	superfamily	442511	7	806	0.0	850.638	cl30295	TreY superfamily	 - 	 - 	No
Q#73 - WP_115746657.1	specific	441132	1	700	0.0	1291.19	COG1523	PulA	 - 	cl34294	No
Q#74 - WP_043236982.1	specific	200471	22	491	0.0	775.296	cd11332	AmyAc_OligoGlu_TS	 - 	cl38930	No
Q#74 - WP_043236982.1	specific	432205	472	551	2.09879e-07	48.8603	pfam11941	DUF3459	 - 	cl02706	No
Q#75 - WP_212669949.1	specific	200482	236	588	0.0	710.142	cd11344	AmyAc_GlgE_like	 - 	cl38930	No
Q#75 - WP_212669949.1	specific	463388	44	231	1.03388e-75	241.299	pfam11896	GlgE_dom_N_S	 - 	cl13354	No
Q#75 - WP_212669949.1	superfamily	445893	595	672	4.33575e-05	42.1493	cl02706	Malt_amylase_C superfamily	 - 	 - 	No
Q#76 - WP_051831681.1	specific	200471	15	490	0.0	745.251	cd11332	AmyAc_OligoGlu_TS	 - 	cl38930	No
Q#77 - WP_071385517.1	specific	200471	12	466	0.0	684.775	cd11332	AmyAc_OligoGlu_TS	 - 	cl38930	No
Q#77 - WP_071385517.1	superfamily	445893	458	532	0.000904964	38.4599	cl02706	Malt_amylase_C superfamily	 - 	 - 	No
Q#78 - WP_106415629.1	specific	235445	28	738	0.0	1253.92	PRK05402	PRK05402	 - 	cl38930	No
Q#79 - WP_062030560.1	specific	274140	23	561	0.0	1021.22	TIGR02456	treS_nterm	 - 	cl37116	No
Q#80 - WP_073764116.1	superfamily	442511	19	817	0.0	829.838	cl30295	TreY superfamily	 - 	 - 	No
Q#81 - WP_184766733.1	specific	441132	13	706	0.0	1307.75	COG1523	PulA	 - 	cl34294	No
Q#82 - WP_088574904.1	specific	274114	2	544	0.0	809.643	TIGR02402	trehalose_TreZ	 - 	cl38930	No
Q#83 - WP_128437196.1	specific	200471	26	498	0.0	819.98	cd11332	AmyAc_OligoGlu_TS	 - 	cl38930	No
Q#83 - WP_128437196.1	specific	432205	480	560	1.10435e-05	43.8527	pfam11941	DUF3459	 - 	cl02706	No
Q#84 - WP_037903243.1	specific	200471	21	488	0.0	800.334	cd11332	AmyAc_OligoGlu_TS	 - 	cl38930	No
Q#84 - WP_037903243.1	specific	432205	470	550	2.65545e-06	45.7787	pfam11941	DUF3459	 - 	cl02706	No
Q#85 - WP_055689275.1	specific	441132	1	716	0.0	1277.7	COG1523	PulA	 - 	cl34294	No
Q#86 - WP_150235744.1	specific	441132	1	704	0.0	1281.56	COG1523	PulA	 - 	cl34294	No
Q#87 - WP_208680507.1	specific	441132	1	726	0.0	1274.62	COG1523	PulA	 - 	cl34294	No
Q#88 - WP_187278958.1(Warning: this sequence record may be obsolete or preliminary)	superfamily	274113	11	785	0.0	854.391	cl30297	trehalose_TreY superfamily	 - 	 - 	No
Q#89 - WP_009308329.1	specific	441132	1	708	0.0	1283.48	COG1523	PulA	 - 	cl34294	No
Q#90 - WP_179764199.1	specific	235445	81	803	0.0	1248.92	PRK05402	PRK05402	 - 	cl38930	No
Q#91 - WP_164395516.1(Warning: this sequence record may be obsolete or preliminary)	superfamily	273974	912	1758	0.0	1025.53	cl37055	pullul_strch superfamily	 - 	 - 	No
Q#91 - WP_164395516.1(Warning: this sequence record may be obsolete or preliminary)	specific	200478	19	488	4.55236e-145	450.937	cd11339	AmyAc_bac_CMD_like_2	 - 	cl38930	No
Q#91 - WP_164395516.1(Warning: this sequence record may be obsolete or preliminary)	specific	199215	692	791	1.46888e-33	125.137	cd10315	CBM41_pullulanase	 - 	cl47018	No
Q#91 - WP_164395516.1(Warning: this sequence record may be obsolete or preliminary)	specific	199215	803	894	2.5513100000000003e-32	121.67	cd10315	CBM41_pullulanase	 - 	cl47018	No
Q#91 - WP_164395516.1(Warning: this sequence record may be obsolete or preliminary)	specific	214749	497	575	2.26337e-05	44.1509	smart00632	Aamy_C	 - 	cl02706	No
Q#92 - WP_078878218.1	specific	235445	105	825	0.0	1265.87	PRK05402	PRK05402	 - 	cl38930	No
Q#93 - WP_127467247.1	specific	274114	2	544	0.0	815.806	TIGR02402	trehalose_TreZ	 - 	cl38930	No
Q#94 - WP_133887441.1	specific	274140	23	562	0.0	1034.7	TIGR02456	treS_nterm	 - 	cl37116	No
Q#95 - WP_030368082.1	specific	200482	195	557	0.0	677.4	cd11344	AmyAc_GlgE_like	 - 	cl38930	No
Q#95 - WP_030368082.1	specific	463388	3	190	1.2670200000000001e-70	227.047	pfam11896	GlgE_dom_N_S	 - 	cl13354	No
Q#95 - WP_030368082.1	superfamily	445893	565	641	0.00117341	37.9121	cl02706	Malt_amylase_C superfamily	 - 	 - 	No
Q#96 - WP_043267410.1	specific	200471	21	494	0.0	730.613	cd11332	AmyAc_OligoGlu_TS	 - 	cl38930	No
Q#96 - WP_043267410.1	specific	432205	475	551	2.42229e-06	45.7787	pfam11941	DUF3459	 - 	cl02706	No
Q#97 - WP_181143747.1	specific	441132	53	769	0.0	1172.93	COG1523	PulA	 - 	cl34294	No
Q#98 - WP_150474142.1	specific	200482	200	556	0.0	695.119	cd11344	AmyAc_GlgE_like	 - 	cl38930	No
Q#98 - WP_150474142.1	specific	463388	8	195	1.4396300000000001e-77	245.151	pfam11896	GlgE_dom_N_S	 - 	cl13354	No
Q#98 - WP_150474142.1	superfamily	445893	564	604	0.000176085	40.2233	cl02706	Malt_amylase_C superfamily	C	 - 	No
Q#99 - WP_208840219.1	specific	235445	21	731	0.0	1248.53	PRK05402	PRK05402	 - 	cl38930	No
Q#100 - WP_043459720.1	specific	200482	195	556	0.0	677.014	cd11344	AmyAc_GlgE_like	 - 	cl38930	No
Q#100 - WP_043459720.1	specific	463388	3	190	2.9822e-81	254.781	pfam11896	GlgE_dom_N_S	 - 	cl13354	No
Q#100 - WP_043459720.1	superfamily	445893	563	638	2.00169e-05	42.9197	cl02706	Malt_amylase_C superfamily	 - 	 - 	No
Q#101 - WP_073726271.1	specific	200471	19	499	0.0	763.74	cd11332	AmyAc_OligoGlu_TS	 - 	cl38930	No
Q#101 - WP_073726271.1	superfamily	445893	480	554	0.00151071	38.0747	cl02706	Malt_amylase_C superfamily	 - 	 - 	No
Q#102 - WP_129768873.1	superfamily	442511	1	784	0.0	903.026	cl30295	TreY superfamily	 - 	 - 	No
Q#103 - WP_104784647.1	specific	441132	1	716	0.0	1266.15	COG1523	PulA	 - 	cl34294	No
Q#104 - WP_217212041.1	specific	274140	23	562	0.0	1031.62	TIGR02456	treS_nterm	 - 	cl37116	No
Q#105 - WP_052856653.1	specific	441132	1	733	0.0	1257.29	COG1523	PulA	 - 	cl34294	No
Q#106 - WP_107459087.1	specific	441132	13	706	0.0	1329.32	COG1523	PulA	 - 	cl34294	No
Q#107 - WP_189275706.1	superfamily	274113	3	788	0.0	869.029	cl30297	trehalose_TreY superfamily	 - 	 - 	No
Q#108 - WP_145866092.1	specific	200471	11	466	0.0	676.685	cd11332	AmyAc_OligoGlu_TS	 - 	cl38930	No
Q#108 - WP_145866092.1	specific	432205	452	526	0.000537942	39.2303	pfam11941	DUF3459	 - 	cl02706	No
Q#109 - WP_062024946.1	specific	200471	21	488	0.0	797.253	cd11332	AmyAc_OligoGlu_TS	 - 	cl38930	No
Q#109 - WP_062024946.1	specific	432205	470	550	2.1008e-06	46.1639	pfam11941	DUF3459	 - 	cl02706	No
Q#110 - WP_254664770.1	superfamily	274140	23	257	3.67514e-164	465.378	cl37116	treS_nterm superfamily	C	 - 	No
Q#111 - WP_109493722.1	specific	200482	200	552	0.0	715.534	cd11344	AmyAc_GlgE_like	 - 	cl38930	No
Q#111 - WP_109493722.1	specific	463388	8	195	1.92926e-83	260.559	pfam11896	GlgE_dom_N_S	 - 	cl13354	No
Q#111 - WP_109493722.1	superfamily	445893	560	601	0.000256395	39.8381	cl02706	Malt_amylase_C superfamily	C	 - 	No
Q#112 - WP_142195785.1	specific	200471	27	499	0.0	821.135	cd11332	AmyAc_OligoGlu_TS	 - 	cl38930	No
Q#112 - WP_142195785.1	specific	432205	481	561	5.7629e-05	41.9267	pfam11941	DUF3459	 - 	cl02706	No
Q#113 - WP_062155495.1	specific	274140	23	562	0.0	1018.52	TIGR02456	treS_nterm	 - 	cl37116	No
Q#114 - WP_148023052.1	specific	441132	1	700	0.0	1289.26	COG1523	PulA	 - 	cl34294	No
Q#115 - WP_164390214.1(Warning: this sequence record may be obsolete or preliminary)	specific	274140	22	561	0.0	1028.54	TIGR02456	treS_nterm	 - 	cl37116	No
Q#116 - WP_181793641.1	superfamily	274113	11	785	0.0	880.2	cl30297	trehalose_TreY superfamily	 - 	 - 	No
Q#117 - WP_159510156.1(Warning: this sequence record may be obsolete or preliminary)	specific	200471	6	483	0.0	717.131	cd11332	AmyAc_OligoGlu_TS	 - 	cl38930	No
Q#117 - WP_159510156.1(Warning: this sequence record may be obsolete or preliminary)	specific	432205	464	539	1.65212e-06	46.1639	pfam11941	DUF3459	 - 	cl02706	No
Q#118 - WP_055692094.1	superfamily	273974	921	1772	0.0	992.407	cl37055	pullul_strch superfamily	 - 	 - 	No
Q#118 - WP_055692094.1	specific	200478	29	498	2.33001e-145	452.093	cd11339	AmyAc_bac_CMD_like_2	 - 	cl38930	No
Q#118 - WP_055692094.1	specific	461022	708	804	9.09819e-34	125.561	pfam03714	PUD	 - 	cl47835	No
Q#118 - WP_055692094.1	specific	461022	816	908	6.9791e-31	117.472	pfam03714	PUD	 - 	cl47835	No
Q#118 - WP_055692094.1	specific	214749	507	590	7.54237e-05	42.6101	smart00632	Aamy_C	 - 	cl02706	No
Q#119 - WP_053137303.1	specific	274140	23	562	0.0	1040.87	TIGR02456	treS_nterm	 - 	cl37116	No
Q#120 - WP_030360319.1	specific	274114	2	544	0.0	813.88	TIGR02402	trehalose_TreZ	 - 	cl38930	No
Q#121 - WP_031151282.1	specific	200475	22	662	0.0	765.884	cd11336	AmyAc_MTSase	 - 	cl38930	No
Q#122 - WP_240528162.1	specific	200471	23	400	0.0	652.033	cd11332	AmyAc_OligoGlu_TS	 - 	cl38930	No
Q#122 - WP_240528162.1	superfamily	476817	677	749	2.86273e-26	113.524	cl38930	AmyAc_family superfamily	N	 - 	No
Q#122 - WP_240528162.1	superfamily	236090	506	738	1.83893e-11	67.7037	cl35613	PRK07764 superfamily	N	 - 	No
Q#122 - WP_240528162.1	specific	432205	731	819	1.21873e-05	44.2379	pfam11941	DUF3459	 - 	cl02706	No
Q#123 - WP_374005686.1	specific	200456	17	358	2.58608e-178	500.938	cd11317	AmyAc_bac_euk_AmyA	 - 	cl38930	No
Q#123 - WP_374005686.1	specific	214749	364	438	4.01908e-28	106.168	smart00632	Aamy_C	 - 	cl02706	No
Q#124 - WP_078599717.1	specific	200471	32	511	0.0	794.942	cd11332	AmyAc_OligoGlu_TS	 - 	cl38930	No
Q#125 - WP_042167811.1	superfamily	274140	1	325	0.0	604.05	cl37116	treS_nterm superfamily	N	 - 	No
Q#126 - WP_030803625.1	specific	441132	1	741	0.0	1264.99	COG1523	PulA	 - 	cl34294	No
Q#127 - WP_030760739.1	specific	200482	195	555	0.0	686.259	cd11344	AmyAc_GlgE_like	 - 	cl38930	No
Q#127 - WP_030760739.1	specific	463388	2	190	6.915290000000001e-76	240.914	pfam11896	GlgE_dom_N_S	 - 	cl13354	No
Q#127 - WP_030760739.1	superfamily	445893	563	639	0.000126917	40.6085	cl02706	Malt_amylase_C superfamily	 - 	 - 	No
Q#128 - WP_208030805.1	specific	200471	6	498	0.0	787.623	cd11332	AmyAc_OligoGlu_TS	 - 	cl38930	No
Q#128 - WP_208030805.1	specific	432205	479	555	3.42184e-05	42.6971	pfam11941	DUF3459	 - 	cl02706	No
Q#129 - WP_217134591.1	superfamily	274113	11	784	0.0	894.452	cl30297	trehalose_TreY superfamily	 - 	 - 	No
Q#130 - WP_189848015.1	specific	441132	21	730	0.0	1119.77	COG1523	PulA	 - 	cl34294	No
Q#131 - WP_031021454.1	specific	200471	11	472	0.0	716.746	cd11332	AmyAc_OligoGlu_TS	 - 	cl38930	No
Q#131 - WP_031021454.1	specific	432205	455	532	5.6316e-07	47.7047	pfam11941	DUF3459	 - 	cl02706	No
Q#132 - WP_115742971.1	specific	200471	19	499	0.0	732.924	cd11332	AmyAc_OligoGlu_TS	 - 	cl38930	No
Q#132 - WP_115742971.1	specific	432205	480	554	0.000547027	39.2303	pfam11941	DUF3459	 - 	cl02706	No
Q#133 - WP_308286447.1	specific	235445	335	1057	0.0	1289.75	PRK05402	PRK05402	 - 	cl38930	No
Q#133 - WP_308286447.1	superfamily	465521	238	334	0.000228142	44.9507	cl39316	DUF5585 superfamily	NC	 - 	No
Q#134 - WP_030412429.1	specific	441132	21	747	0.0	1175.24	COG1523	PulA	 - 	cl34294	No
Q#135 - WP_141207871.1	specific	200471	10	465	0.0	681.308	cd11332	AmyAc_OligoGlu_TS	 - 	cl38930	No
Q#135 - WP_141207871.1	superfamily	445893	457	530	0.00736108	35.7635	cl02706	Malt_amylase_C superfamily	 - 	 - 	No
Q#136 - WP_063728048.1	specific	200482	195	556	0.0	672.392	cd11344	AmyAc_GlgE_like	 - 	cl38930	No
Q#136 - WP_063728048.1	specific	463388	3	190	4.2347399999999996e-86	267.493	pfam11896	GlgE_dom_N_S	 - 	cl13354	No
Q#136 - WP_063728048.1	superfamily	445893	564	640	1.61088e-05	43.3049	cl02706	Malt_amylase_C superfamily	 - 	 - 	No
Q#137 - WP_030364581.1	specific	200471	26	485	0.0	786.467	cd11332	AmyAc_OligoGlu_TS	 - 	cl38930	No
Q#137 - WP_030364581.1	specific	432205	466	545	3.41586e-06	45.3935	pfam11941	DUF3459	 - 	cl02706	No
Q#138 - WP_190097944.1	specific	441132	42	750	0.0	1206.83	COG1523	PulA	 - 	cl34294	No
Q#139 - WP_182472440.1	specific	200471	12	470	0.0	682.849	cd11332	AmyAc_OligoGlu_TS	 - 	cl38930	No
Q#139 - WP_182472440.1	specific	432205	453	530	3.66109e-05	42.3119	pfam11941	DUF3459	 - 	cl02706	No
Q#140 - WP_125822945.1	specific	200475	22	654	0.0	738.535	cd11336	AmyAc_MTSase	 - 	cl38930	No
Q#141 - WP_190201293.1	specific	441132	39	746	0.0	1158.68	COG1523	PulA	 - 	cl34294	No
Q#142 - WP_030316142.1	specific	441132	33	745	0.0	1168.69	COG1523	PulA	 - 	cl34294	No
Q#143 - WP_073894334.1	specific	274140	23	561	0.0	1028.92	TIGR02456	treS_nterm	 - 	cl37116	No
Q#144 - WP_030179000.1	specific	441132	29	739	0.0	1199.89	COG1523	PulA	 - 	cl34294	No
Q#145 - WP_244177251.1	specific	235445	138	881	0.0	1290.52	PRK05402	PRK05402	 - 	cl38930	No
Q#145 - WP_244177251.1	superfamily	236090	3	173	0.0020809	41.8953	cl35613	PRK07764 superfamily	N	 - 	No
Q#146 - WP_052856371.1	specific	441132	47	775	0.0	1150.2	COG1523	PulA	 - 	cl34294	No
Q#147 - WP_245002473.1	superfamily	274140	23	306	0.0	548.196	cl37116	treS_nterm superfamily	C	 - 	No
Q#148 - WP_030838966.1	specific	274114	2	544	0.0	825.436	TIGR02402	trehalose_TreZ	 - 	cl38930	No
Q#149 - WP_069922009.1	specific	200482	195	557	0.0	670.466	cd11344	AmyAc_GlgE_like	 - 	cl38930	No
Q#149 - WP_069922009.1	specific	463388	3	190	6.37671e-78	246.307	pfam11896	GlgE_dom_N_S	 - 	cl13354	No
Q#149 - WP_069922009.1	superfamily	440065	526	595	0.000481938	43.2028	cl43092	GlgB superfamily	N	 - 	No
Q#149 - WP_069922009.1	superfamily	445893	564	641	0.00736426	35.6009	cl02706	Malt_amylase_C superfamily	 - 	 - 	No
Q#150 - WP_189724664.1	specific	200471	20	487	0.0	801.49	cd11332	AmyAc_OligoGlu_TS	 - 	cl38930	No
Q#151 - WP_234478272.1	specific	200482	236	592	0.0	683.563	cd11344	AmyAc_GlgE_like	 - 	cl38930	No
Q#151 - WP_234478272.1	specific	463388	43	231	3.79553e-81	255.551	pfam11896	GlgE_dom_N_S	 - 	cl13354	No
Q#151 - WP_234478272.1	superfamily	445893	599	676	0.000369555	39.4529	cl02706	Malt_amylase_C superfamily	 - 	 - 	No
Q#152 - WP_136229629.1	specific	441132	1	702	0.0	1265.76	COG1523	PulA	 - 	cl34294	No
Q#153 - WP_179764405.1	superfamily	273974	899	1753	0.0	938.093	cl37055	pullul_strch superfamily	 - 	 - 	No
Q#153 - WP_179764405.1	specific	200478	34	495	2.96269e-144	448.626	cd11339	AmyAc_bac_CMD_like_2	 - 	cl38930	No
Q#153 - WP_179764405.1	specific	199215	794	883	3.23013e-27	107.033	cd10315	CBM41_pullulanase	 - 	cl47018	No
Q#153 - WP_179764405.1	specific	199215	697	777	6.19884e-15	71.9797	cd10315	CBM41_pullulanase	 - 	cl47018	No
Q#154 - WP_194078581.1	specific	200471	25	506	0.0	802.646	cd11332	AmyAc_OligoGlu_TS	 - 	cl38930	No
Q#155 - WP_004983230.1	specific	441132	38	750	0.0	1169.46	COG1523	PulA	 - 	cl34294	No
Q#156 - WP_150469719.1	specific	200485	2	390	0.0	579.964	cd11347	AmyAc_1	 - 	cl38930	No
Q#157 - WP_259670686.1	specific	200471	42	522	0.0	732.154	cd11332	AmyAc_OligoGlu_TS	 - 	cl38930	No
Q#157 - WP_259670686.1	superfamily	445893	503	579	0.00678527	36.1487	cl02706	Malt_amylase_C superfamily	 - 	 - 	No
Q#158 - WP_150260088.1	specific	274114	2	542	0.0	750.707	TIGR02402	trehalose_TreZ	 - 	cl38930	No
Q#159 - WP_073730294.1	specific	441132	12	707	0.0	1306.59	COG1523	PulA	 - 	cl34294	No
Q#160 - WP_064457303.1	specific	235445	7	730	0.0	1245.45	PRK05402	PRK05402	 - 	cl38930	No
Q#161 - WP_161362837.1	specific	200471	23	504	0.0	811.89	cd11332	AmyAc_OligoGlu_TS	 - 	cl38930	No
Q#162 - WP_062229856.1	specific	235445	23	732	0.0	1268.95	PRK05402	PRK05402	 - 	cl38930	No
Q#163 - WP_009308273.1	specific	274114	2	544	0.0	822.354	TIGR02402	trehalose_TreZ	 - 	cl38930	No
Q#164 - WP_125667674.1	specific	274140	22	568	0.0	1010.82	TIGR02456	treS_nterm	 - 	cl37116	No
Q#165 - WP_093629213.1	specific	441132	49	760	0.0	1154.82	COG1523	PulA	 - 	cl34294	No
Q#166 - WP_037645654.1	specific	200471	22	494	0.0	766.437	cd11332	AmyAc_OligoGlu_TS	 - 	cl38930	No
Q#166 - WP_037645654.1	specific	432205	476	557	3.50283e-05	42.6971	pfam11941	DUF3459	 - 	cl02706	No
Q#167 - WP_030682362.1	specific	200471	5	476	0.0	781.074	cd11332	AmyAc_OligoGlu_TS	 - 	cl38930	No
Q#167 - WP_030682362.1	specific	432205	457	533	7.48933e-07	47.3195	pfam11941	DUF3459	 - 	cl02706	No
Q#168 - WP_032779052.1	specific	441132	59	760	0.0	1146.35	COG1523	PulA	 - 	cl34294	No
Q#169 - WP_037641659.1	specific	274140	23	562	0.0	1039.33	TIGR02456	treS_nterm	 - 	cl37116	No
Q#170 - WP_257233990.1	specific	200471	10	484	0.0	742.169	cd11332	AmyAc_OligoGlu_TS	 - 	cl38930	No
Q#170 - WP_257233990.1	specific	432205	465	541	0.000299714	40.0007	pfam11941	DUF3459	 - 	cl02706	No
Q#171 - WP_126276829.1	specific	441132	1	690	0.0	1322.39	COG1523	PulA	 - 	cl34294	No
Q#172 - WP_055599184.1	specific	200478	375	912	1.73198e-125	385.068	cd11339	AmyAc_bac_CMD_like_2	 - 	cl38930	No
Q#172 - WP_055599184.1	specific	367491	163	265	1.00456e-36	133.765	pfam03423	CBM_25	 - 	cl23798	No
Q#172 - WP_055599184.1	specific	367491	57	156	1.16057e-23	96.401	pfam03423	CBM_25	 - 	cl23798	No
Q#172 - WP_055599184.1	superfamily	476817	416	652	2.36837e-18	88.6677	cl38930	AmyAc_family superfamily	C	 - 	No
Q#172 - WP_055599184.1	specific	238020	270	344	4.55759e-06	45.9503	cd00063	FN3	 - 	cl21522	No
Q#173 - WP_073893277.1	specific	200471	23	495	0.0	815.357	cd11332	AmyAc_OligoGlu_TS	 - 	cl38930	No
Q#173 - WP_073893277.1	specific	432205	477	557	0.000181399	40.7711	pfam11941	DUF3459	 - 	cl02706	No
Q#174 - WP_087789163.1	specific	274114	2	544	0.0	828.518	TIGR02402	trehalose_TreZ	 - 	cl38930	No
Q#175 - WP_216724945.1	specific	441132	12	707	0.0	1314.3	COG1523	PulA	 - 	cl34294	No
Q#176 - WP_129857710.1	specific	235445	217	946	0.0	1276.27	PRK05402	PRK05402	 - 	cl38930	No
Q#176 - WP_129857710.1	superfamily	223021	3	221	2.30079e-08	58.4113	cl33720	PHA03247 superfamily	N	 - 	No
Q#177 - WP_030661235.1	specific	200485	2	390	0.0	565.711	cd11347	AmyAc_1	 - 	cl38930	No
Q#178 - WP_039631797.1	superfamily	442511	9	855	0.0	827.912	cl30295	TreY superfamily	 - 	 - 	No
Q#179 - WP_044381150.1	specific	200471	31	503	0.0	825.372	cd11332	AmyAc_OligoGlu_TS	 - 	cl38930	No
Q#179 - WP_044381150.1	specific	432205	485	565	1.13906e-05	43.8527	pfam11941	DUF3459	 - 	cl02706	No
Q#180 - WP_014050006.1	specific	200472	15	490	0.0	764.693	cd11333	AmyAc_SI_OligoGlu_DGase	 - 	cl38930	No
Q#180 - WP_014050006.1	specific	432205	481	570	3.00557e-06	45.7787	pfam11941	DUF3459	 - 	cl02706	No
Q#181 - WP_102925800.1	specific	274114	3	558	0.0	738.381	TIGR02402	trehalose_TreZ	 - 	cl38930	No
Q#182 - WP_210964553.1	specific	274114	2	544	0.0	837.762	TIGR02402	trehalose_TreZ	 - 	cl38930	No
Q#183 - WP_268250126.1	superfamily	274140	1	264	0.0	508.135	cl37116	treS_nterm superfamily	N	 - 	No
Q#184 - WP_094374913.1	specific	235445	22	733	0.0	1261.24	PRK05402	PRK05402	 - 	cl38930	No
Q#185 - WP_148023612.1(Warning: this sequence record may be obsolete or preliminary)	specific	274140	23	562	0.0	1032.78	TIGR02456	treS_nterm	 - 	cl37116	No
Q#186 - WP_043376219.1	specific	235445	28	737	0.0	1260.47	PRK05402	PRK05402	 - 	cl38930	No
Q#187 - WP_030320481.1	specific	274140	23	568	0.0	1005.43	TIGR02456	treS_nterm	 - 	cl37116	No
Q#188 - WP_062026413.1	specific	200485	2	390	0.0	577.653	cd11347	AmyAc_1	 - 	cl38930	No
Q#189 - WP_126276954.1	specific	200471	21	494	0.0	809.194	cd11332	AmyAc_OligoGlu_TS	 - 	cl38930	No
Q#189 - WP_126276954.1	specific	432205	476	556	3.29783e-06	45.3935	pfam11941	DUF3459	 - 	cl02706	No
Q#190 - WP_033266772.1	specific	274140	23	568	0.0	1029.7	TIGR02456	treS_nterm	 - 	cl37116	No
Q#191 - WP_086871372.1	specific	200482	14	370	0.0	692.808	cd11344	AmyAc_GlgE_like	 - 	cl38930	No
Q#191 - WP_086871372.1	superfamily	445893	378	419	0.000209407	39.8381	cl02706	Malt_amylase_C superfamily	C	 - 	No
Q#192 - WP_142168133.1	specific	274114	2	544	0.0	825.821	TIGR02402	trehalose_TreZ	 - 	cl38930	No
Q#193 - WP_109493723.1	specific	274140	23	561	0.0	1027.0	TIGR02456	treS_nterm	 - 	cl37116	No
Q#194 - WP_030549505.1	specific	274114	3	545	0.0	786.531	TIGR02402	trehalose_TreZ	 - 	cl38930	No
Q#195 - WP_055692210.1	specific	200471	1	442	0.0	673.604	cd11332	AmyAc_OligoGlu_TS	 - 	cl38930	No
Q#195 - WP_055692210.1	specific	432205	423	497	1.08959e-05	43.8527	pfam11941	DUF3459	 - 	cl02706	No
Q#196 - WP_115745667.1	specific	235445	28	738	0.0	1262.78	PRK05402	PRK05402	 - 	cl38930	No
Q#197 - WP_129293670.1	superfamily	442511	9	819	0.0	878.758	cl30295	TreY superfamily	 - 	 - 	No
Q#198 - WP_037913490.1	specific	274140	23	562	0.0	1023.92	TIGR02456	treS_nterm	 - 	cl37116	No
Q#199 - WP_128981126.1	specific	274114	3	541	0.0	773.819	TIGR02402	trehalose_TreZ	 - 	cl38930	No
Q#200 - WP_194079032.1	specific	441132	12	700	0.0	1325.08	COG1523	PulA	 - 	cl34294	No
Q#201 - WP_242437992.1	superfamily	442511	7	900	0.0	825.215	cl30295	TreY superfamily	 - 	 - 	No
Q#201 - WP_242437992.1	superfamily	185219	312	371	0.00177186	42.3779	cl33126	PRK15319 superfamily	N	 - 	No
Q#202 - WP_190201906.1	superfamily	476817	200	339	4.67651e-100	299.134	cl38930	AmyAc_family superfamily	C	 - 	No
Q#202 - WP_190201906.1	specific	463388	8	195	2.46963e-80	242.455	pfam11896	GlgE_dom_N_S	 - 	cl13354	No
Q#203 - WP_012378527.1	specific	274114	2	544	0.0	766.886	TIGR02402	trehalose_TreZ	 - 	cl38930	No
Q#204 - WP_215212094.1	specific	200471	11	458	0.0	700.953	cd11332	AmyAc_OligoGlu_TS	 - 	cl38930	No
Q#205 - WP_059083586.1	specific	441132	1	706	0.0	1265.76	COG1523	PulA	 - 	cl34294	No
Q#206 - WP_194079906.1	specific	200482	229	581	0.0	708.601	cd11344	AmyAc_GlgE_like	 - 	cl38930	No
Q#206 - WP_194079906.1	specific	463388	38	224	3.50918e-77	244.766	pfam11896	GlgE_dom_N_S	 - 	cl13354	No
Q#206 - WP_194079906.1	superfamily	445893	588	665	0.000393785	39.4529	cl02706	Malt_amylase_C superfamily	 - 	 - 	No
Q#207 - WP_100455026.1	specific	441132	36	752	0.0	1192.19	COG1523	PulA	 - 	cl34294	No
Q#207 - WP_100455026.1	superfamily	464609	14	53	0.00232863	40.9531	cl25880	SOBP superfamily	N	 - 	No
Q#208 - WP_007502630.1	specific	200471	10	465	0.0	662.818	cd11332	AmyAc_OligoGlu_TS	 - 	cl38930	No
Q#208 - WP_007502630.1	specific	432205	457	531	0.000216184	40.3859	pfam11941	DUF3459	 - 	cl02706	No
Q#209 - WP_145879209.1	specific	200471	10	491	0.0	761.429	cd11332	AmyAc_OligoGlu_TS	 - 	cl38930	No
Q#209 - WP_145879209.1	specific	432205	472	547	7.06244e-05	41.5415	pfam11941	DUF3459	 - 	cl02706	No
Q#210 - WP_159469973.1	specific	441132	21	748	0.0	1161.37	COG1523	PulA	 - 	cl34294	No
Q#211 - WP_031051705.1	specific	274140	23	562	0.0	1028.15	TIGR02456	treS_nterm	 - 	cl37116	No
Q#212 - WP_205019745.1	specific	200471	23	495	0.0	800.72	cd11332	AmyAc_OligoGlu_TS	 - 	cl38930	No
Q#212 - WP_205019745.1	specific	432205	476	556	2.76566e-05	43.0823	pfam11941	DUF3459	 - 	cl02706	No
Q#213 - WP_018386038.1	specific	200482	195	558	0.0	686.259	cd11344	AmyAc_GlgE_like	 - 	cl38930	No
Q#213 - WP_018386038.1	specific	463388	3	190	8.799880000000001e-82	256.322	pfam11896	GlgE_dom_N_S	 - 	cl13354	No
Q#214 - WP_121828726.1	specific	274140	23	562	0.0	1013.52	TIGR02456	treS_nterm	 - 	cl37116	No
Q#215 - WP_087792810.1	specific	441132	1	700	0.0	1289.64	COG1523	PulA	 - 	cl34294	No
Q#216 - WP_084992122.1	specific	200482	195	566	0.0	675.474	cd11344	AmyAc_GlgE_like	 - 	cl38930	No
Q#216 - WP_084992122.1	specific	463388	3	190	2.4424000000000002e-71	228.973	pfam11896	GlgE_dom_N_S	 - 	cl13354	No
Q#216 - WP_084992122.1	superfamily	445893	573	650	0.00144369	37.9121	cl02706	Malt_amylase_C superfamily	 - 	 - 	No
Q#217 - WP_141207474.1	specific	441132	1	706	0.0	1266.92	COG1523	PulA	 - 	cl34294	No
Q#218 - WP_199808230.1	superfamily	274113	11	787	0.0	854.006	cl30297	trehalose_TreY superfamily	 - 	 - 	No
Q#219 - WP_030799713.1	specific	200482	195	556	0.0	669.31	cd11344	AmyAc_GlgE_like	 - 	cl38930	No
Q#219 - WP_030799713.1	specific	463388	3	190	5.06126e-74	235.906	pfam11896	GlgE_dom_N_S	 - 	cl13354	No
Q#219 - WP_030799713.1	superfamily	440065	530	598	0.0025568	40.8916	cl43092	GlgB superfamily	N	 - 	No
Q#220 - WP_312023453.1	specific	441132	1	686	0.0	1257.29	COG1523	PulA	 - 	cl34294	No
Q#221 - WP_030833005.1	specific	441132	13	706	0.0	1307.36	COG1523	PulA	 - 	cl34294	No
Q#222 - WP_150480470.1	specific	200471	25	497	0.0	817.668	cd11332	AmyAc_OligoGlu_TS	 - 	cl38930	No
Q#223 - WP_125666957.1	specific	235445	49	776	0.0	1245.45	PRK05402	PRK05402	 - 	cl38930	No
Q#224 - WP_189850302.1	specific	200471	20	491	0.0	821.135	cd11332	AmyAc_OligoGlu_TS	 - 	cl38930	No
Q#224 - WP_189850302.1	specific	432205	473	553	0.000847336	38.8451	pfam11941	DUF3459	 - 	cl02706	No
Q#225 - WP_200712375.1	specific	200485	8	399	0.0	629.269	cd11347	AmyAc_1	 - 	cl38930	No
Q#226 - WP_151787468.1	specific	274140	23	561	0.0	1023.92	TIGR02456	treS_nterm	 - 	cl37116	No
Q#227 - WP_094213065.1	specific	274114	2	544	0.0	816.191	TIGR02402	trehalose_TreZ	 - 	cl38930	No
Q#228 - WP_185944013.1	specific	441132	1	706	0.0	1271.15	COG1523	PulA	 - 	cl34294	No
Q#229 - WP_014058448.1	specific	200471	12	470	0.0	682.463	cd11332	AmyAc_OligoGlu_TS	 - 	cl38930	No
Q#229 - WP_014058448.1	specific	432205	453	530	0.00065936	38.8451	pfam11941	DUF3459	 - 	cl02706	No
Q#230 - WP_175435512.1	specific	200471	6	491	0.0	775.296	cd11332	AmyAc_OligoGlu_TS	 - 	cl38930	No
Q#230 - WP_175435512.1	specific	432205	472	548	0.000231146	40.3859	pfam11941	DUF3459	 - 	cl02706	No
Q#231 - WP_173313091.1	specific	200471	7	477	0.0	744.866	cd11332	AmyAc_OligoGlu_TS	 - 	cl38930	No
Q#231 - WP_173313091.1	specific	432205	458	536	6.35353e-05	41.9267	pfam11941	DUF3459	 - 	cl02706	No
Q#232 - WP_133889585.1	specific	441132	54	766	0.0	1161.37	COG1523	PulA	 - 	cl34294	No
Q#233 - WP_042162979.1	superfamily	274140	23	236	9.5378e-151	430.324	cl37116	treS_nterm superfamily	C	 - 	No
Q#234 - WP_208034500.1	specific	274140	23	562	0.0	1043.18	TIGR02456	treS_nterm	 - 	cl37116	No
Q#235 - WP_078959343.1	specific	200471	21	496	0.0	699.797	cd11332	AmyAc_OligoGlu_TS	 - 	cl38930	No
Q#235 - WP_078959343.1	specific	432205	477	553	1.54727e-07	49.2455	pfam11941	DUF3459	 - 	cl02706	No
Q#236 - WP_043476456.1	specific	200482	243	599	0.0	702.438	cd11344	AmyAc_GlgE_like	 - 	cl38930	No
Q#236 - WP_043476456.1	specific	463388	52	238	2.11384e-78	248.618	pfam11896	GlgE_dom_N_S	 - 	cl13354	No
Q#236 - WP_043476456.1	superfamily	445893	606	678	1.48451e-05	43.3049	cl02706	Malt_amylase_C superfamily	 - 	 - 	No
Q#237 - WP_062148297.1	specific	200471	10	459	0.0	682.849	cd11332	AmyAc_OligoGlu_TS	 - 	cl38930	No
Q#237 - WP_062148297.1	superfamily	445893	451	525	0.00587729	36.1487	cl02706	Malt_amylase_C superfamily	 - 	 - 	No
Q#238 - WP_225976963.1	superfamily	442511	1	784	0.0	889.929	cl30295	TreY superfamily	 - 	 - 	No
Q#239 - WP_159746418.1	specific	200471	17	477	0.0	779.148	cd11332	AmyAc_OligoGlu_TS	 - 	cl38930	No
Q#239 - WP_159746418.1	specific	432205	459	540	2.37754e-07	48.8603	pfam11941	DUF3459	 - 	cl02706	No
Q#240 - WP_176743573.1	specific	441132	50	784	0.0	1223.0	COG1523	PulA	 - 	cl34294	No
Q#241 - WP_217132749.1	specific	441132	13	706	0.0	1310.45	COG1523	PulA	 - 	cl34294	No
Q#242 - WP_053850805.1	specific	200485	2	390	0.0	572.26	cd11347	AmyAc_1	 - 	cl38930	No
Q#243 - WP_073724018.1	specific	235445	75	798	0.0	1273.95	PRK05402	PRK05402	 - 	cl38930	No
Q#244 - WP_115741777.1	specific	200471	23	495	0.0	793.786	cd11332	AmyAc_OligoGlu_TS	 - 	cl38930	No
Q#244 - WP_115741777.1	specific	432205	477	557	3.43577e-06	45.3935	pfam11941	DUF3459	 - 	cl02706	No
Q#245 - WP_209496876.1	specific	274140	23	562	0.0	1010.05	TIGR02456	treS_nterm	 - 	cl37116	No
Q#246 - WP_202510959.1	specific	200471	18	492	0.0	744.866	cd11332	AmyAc_OligoGlu_TS	 - 	cl38930	No
Q#246 - WP_202510959.1	specific	432205	473	547	3.87075e-06	45.3935	pfam11941	DUF3459	 - 	cl02706	No
Q#247 - WP_078893669.1	specific	200471	41	491	0.0	804.957	cd11332	AmyAc_OligoGlu_TS	 - 	cl38930	No
Q#248 - WP_005481983.1	superfamily	274113	6	779	0.0	921.031	cl30297	trehalose_TreY superfamily	 - 	 - 	No
Q#249 - WP_073748660.1	specific	200471	11	474	0.0	717.902	cd11332	AmyAc_OligoGlu_TS	 - 	cl38930	No
Q#249 - WP_073748660.1	specific	432205	455	532	6.35155e-05	41.9267	pfam11941	DUF3459	 - 	cl02706	No
Q#250 - WP_216721825.1	specific	200471	25	505	0.0	736.006	cd11332	AmyAc_OligoGlu_TS	 - 	cl38930	No
Q#250 - WP_216721825.1	specific	432205	486	560	4.85392e-06	45.0083	pfam11941	DUF3459	 - 	cl02706	No
Q#251 - WP_133885157.1	specific	200471	11	472	0.0	718.672	cd11332	AmyAc_OligoGlu_TS	 - 	cl38930	No
Q#251 - WP_133885157.1	specific	432205	455	532	2.36492e-06	45.7787	pfam11941	DUF3459	 - 	cl02706	No
Q#252 - WP_030338689.1	specific	274114	2	544	0.0	817.732	TIGR02402	trehalose_TreZ	 - 	cl38930	No
Q#253 - WP_097221551.1	specific	274114	2	544	0.0	821.969	TIGR02402	trehalose_TreZ	 - 	cl38930	No
Q#254 - WP_003952356.1	specific	274140	23	562	0.0	1020.84	TIGR02456	treS_nterm	 - 	cl37116	No
Q#255 - WP_184817298.1	specific	200471	27	499	0.0	820.365	cd11332	AmyAc_OligoGlu_TS	 - 	cl38930	No
Q#255 - WP_184817298.1	specific	432205	481	561	8.57235e-07	47.3195	pfam11941	DUF3459	 - 	cl02706	No
Q#256 - WP_106416890.1	specific	441132	65	780	0.0	1155.21	COG1523	PulA	 - 	cl34294	No
Q#256 - WP_106416890.1	superfamily	223021	7	83	0.00305209	41.4625	cl33720	PHA03247 superfamily	N	 - 	No
Q#257 - WP_159468843.1	specific	441132	1	730	0.0	1263.84	COG1523	PulA	 - 	cl34294	No
Q#258 - WP_171154485.1	specific	200471	14	495	0.0	741.399	cd11332	AmyAc_OligoGlu_TS	 - 	cl38930	No
Q#258 - WP_171154485.1	specific	432205	476	551	3.35579e-05	42.6971	pfam11941	DUF3459	 - 	cl02706	No
Q#259 - WP_037913491.1	specific	200482	195	556	0.0	663.532	cd11344	AmyAc_GlgE_like	 - 	cl38930	No
Q#259 - WP_037913491.1	specific	463388	3	190	8.25111e-81	253.625	pfam11896	GlgE_dom_N_S	 - 	cl13354	No
Q#259 - WP_037913491.1	superfamily	445893	563	640	6.20272e-05	41.7641	cl02706	Malt_amylase_C superfamily	 - 	 - 	No
Q#260 - WP_030681529.1	specific	441132	1	703	0.0	1266.53	COG1523	PulA	 - 	cl34294	No
Q#261 - WP_240501239.1	superfamily	476817	14	334	0.0	552.266	cl38930	AmyAc_family superfamily	C	 - 	No
Q#262 - WP_189307721.1	specific	200471	6	473	0.0	725.991	cd11332	AmyAc_OligoGlu_TS	 - 	cl38930	No
Q#262 - WP_189307721.1	specific	432205	456	532	0.000149156	40.7711	pfam11941	DUF3459	 - 	cl02706	No
Q#263 - WP_084995998.1	specific	200471	23	512	0.0	794.942	cd11332	AmyAc_OligoGlu_TS	 - 	cl38930	No
Q#263 - WP_084995998.1	specific	432205	493	573	0.000197518	40.3859	pfam11941	DUF3459	 - 	cl02706	No
Q#264 - WP_133886297.1	specific	274114	2	544	0.0	822.354	TIGR02402	trehalose_TreZ	 - 	cl38930	No
Q#265 - WP_194275899.1	specific	274140	23	568	0.0	1021.61	TIGR02456	treS_nterm	 - 	cl37116	No
Q#266 - WP_007506544.1	superfamily	274140	21	371	0.0	683.401	cl37116	treS_nterm superfamily	C	 - 	No
Q#267 - WP_179080642.1	specific	200471	24	483	0.0	762.585	cd11332	AmyAc_OligoGlu_TS	 - 	cl38930	No
Q#267 - WP_179080642.1	specific	432205	464	543	1.97263e-05	43.4675	pfam11941	DUF3459	 - 	cl02706	No
Q#268 - WP_015657714.1	specific	441132	34	744	0.0	1165.61	COG1523	PulA	 - 	cl34294	No
Q#269 - WP_125819094.1	specific	200471	19	468	0.0	758.348	cd11332	AmyAc_OligoGlu_TS	 - 	cl38930	No
Q#269 - WP_125819094.1	specific	432205	450	527	9.45646e-06	44.2379	pfam11941	DUF3459	 - 	cl02706	No
Q#270 - WP_030837677.1	superfamily	274140	1	159	6.50965e-106	312.453	cl37116	treS_nterm superfamily	C	 - 	No
Q#271 - WP_129296735.1	specific	200471	23	495	0.0	747.562	cd11332	AmyAc_OligoGlu_TS	 - 	cl38930	No
Q#271 - WP_129296735.1	specific	432205	476	555	0.000592632	39.2303	pfam11941	DUF3459	 - 	cl02706	No
Q#272 - WP_125814987.1	specific	200475	22	646	0.0	732.372	cd11336	AmyAc_MTSase	 - 	cl38930	No
Q#273 - WP_033300166.1	specific	274114	2	544	0.0	811.184	TIGR02402	trehalose_TreZ	 - 	cl38930	No
Q#274 - WP_043266757.1	superfamily	442511	9	858	0.0	876.062	cl30295	TreY superfamily	 - 	 - 	No
Q#275 - WP_208030281.1	specific	235445	21	732	0.0	1252.38	PRK05402	PRK05402	 - 	cl38930	No
Q#276 - WP_103531457.1	specific	441132	1	707	0.0	1276.55	COG1523	PulA	 - 	cl34294	No
Q#277 - WP_123991725.1	specific	274140	23	562	0.0	1042.02	TIGR02456	treS_nterm	 - 	cl37116	No
Q#278 - WP_050362332.1	specific	441132	41	749	0.0	1142.88	COG1523	PulA	 - 	cl34294	No
Q#279 - WP_244374722.1	superfamily	476817	1	237	7.18128e-117	345.028	cl38930	AmyAc_family superfamily	N	 - 	No
Q#280 - WP_033218928.1	specific	235445	47	764	0.0	1293.6	PRK05402	PRK05402	 - 	cl38930	No
Q#281 - WP_046417724.1	specific	200471	10	488	0.0	774.911	cd11332	AmyAc_OligoGlu_TS	 - 	cl38930	No
Q#281 - WP_046417724.1	specific	432205	472	547	2.95215e-08	51.1715	pfam11941	DUF3459	 - 	cl02706	No
Q#282 - WP_093479806.1	specific	235445	26	734	0.0	1229.27	PRK05402	PRK05402	 - 	cl38930	No
Q#283 - WP_037642324.1	superfamily	274113	11	782	0.0	890.6	cl30297	trehalose_TreY superfamily	 - 	 - 	No
Q#284 - WP_166661812.1	specific	235445	129	848	0.0	1288.59	PRK05402	PRK05402	 - 	cl38930	No
Q#284 - WP_166661812.1	superfamily	369339	4	92	1.89754e-09	57.8662	cl22465	HC2 superfamily	N	 - 	No
Q#285 - WP_185009964.1	specific	200471	18	492	0.0	742.554	cd11332	AmyAc_OligoGlu_TS	 - 	cl38930	No
Q#285 - WP_185009964.1	specific	432205	473	547	0.00014212	40.7711	pfam11941	DUF3459	 - 	cl02706	No
Q#286 - WP_189739433.1	specific	274114	2	542	0.0	758.411	TIGR02402	trehalose_TreZ	 - 	cl38930	No
Q#287 - WP_031006129.1	specific	200482	195	555	0.0	682.792	cd11344	AmyAc_GlgE_like	 - 	cl38930	No
Q#287 - WP_031006129.1	specific	463388	2	190	4.68686e-73	233.595	pfam11896	GlgE_dom_N_S	 - 	cl13354	No
Q#287 - WP_031006129.1	superfamily	445893	563	639	0.00169339	37.5269	cl02706	Malt_amylase_C superfamily	 - 	 - 	No
Q#288 - WP_055620633.1	specific	200471	22	494	0.0	802.646	cd11332	AmyAc_OligoGlu_TS	 - 	cl38930	No
Q#288 - WP_055620633.1	specific	432205	487	556	0.000259861	40.0007	pfam11941	DUF3459	 - 	cl02706	No
Q#289 - WP_173456715.1	superfamily	274113	11	787	0.0	848.613	cl30297	trehalose_TreY superfamily	 - 	 - 	No
Q#290 - WP_136229575.1	specific	274114	2	543	0.0	773.819	TIGR02402	trehalose_TreZ	 - 	cl38930	No
Q#291 - WP_030057467.1	specific	274140	22	562	0.0	996.568	TIGR02456	treS_nterm	 - 	cl37116	No
Q#292 - WP_190201380.1	specific	235445	245	968	0.0	1298.99	PRK05402	PRK05402	 - 	cl38930	No
Q#293 - WP_043266186.1	specific	274140	23	568	0.0	1024.3	TIGR02456	treS_nterm	 - 	cl37116	No
Q#294 - WP_004949354.1	specific	274114	3	543	0.0	759.182	TIGR02402	trehalose_TreZ	 - 	cl38930	No
Q#295 - WP_103532277.1	specific	441132	50	757	0.0	1152.9	COG1523	PulA	 - 	cl34294	No
Q#296 - WP_093629197.1	specific	200482	236	592	0.0	692.808	cd11344	AmyAc_GlgE_like	 - 	cl38930	No
Q#296 - WP_093629197.1	specific	463388	43	231	5.50608e-75	239.373	pfam11896	GlgE_dom_N_S	 - 	cl13354	No
Q#296 - WP_093629197.1	superfamily	445893	600	676	0.000242347	39.8381	cl02706	Malt_amylase_C superfamily	 - 	 - 	No
Q#297 - WP_102925797.1	superfamily	442511	9	836	0.0	833.304	cl30295	TreY superfamily	 - 	 - 	No
Q#298 - WP_069763646.1	superfamily	274113	11	780	0.0	889.83	cl30297	trehalose_TreY superfamily	 - 	 - 	No
Q#299 - WP_237293360.1	specific	441132	22	731	0.0	1152.13	COG1523	PulA	 - 	cl34294	No
Q#300 - WP_067431375.1	specific	200471	23	490	0.0	781.46	cd11332	AmyAc_OligoGlu_TS	 - 	cl38930	No
Q#300 - WP_067431375.1	specific	432205	472	552	0.000213772	40.3859	pfam11941	DUF3459	 - 	cl02706	No
Q#301 - WP_128429585.1	specific	235445	29	735	0.0	1250.46	PRK05402	PRK05402	 - 	cl38930	No
Q#302 - WP_030360326.1	specific	441132	1	700	0.0	1298.12	COG1523	PulA	 - 	cl34294	No
Q#303 - WP_042493825.1	specific	200471	19	493	0.0	744.095	cd11332	AmyAc_OligoGlu_TS	 - 	cl38930	No
Q#303 - WP_042493825.1	specific	432205	474	550	0.000323436	40.0007	pfam11941	DUF3459	 - 	cl02706	No
Q#304 - WP_010033282.1	specific	235445	23	573	0.0	1037.44	PRK05402	PRK05402	C	cl38930	No
Q#305 - WP_041969203.1(Warning: this sequence record may be obsolete or preliminary)	specific	200471	3	440	0.0	715.59	cd11332	AmyAc_OligoGlu_TS	 - 	cl38930	No
Q#306 - WP_151783454.1	specific	200471	6	480	0.0	746.021	cd11332	AmyAc_OligoGlu_TS	 - 	cl38930	No
Q#306 - WP_151783454.1	specific	432205	461	537	3.42179e-05	42.6971	pfam11941	DUF3459	 - 	cl02706	No
Q#307 - WP_003982832.1	specific	200471	16	467	0.0	757.962	cd11332	AmyAc_OligoGlu_TS	 - 	cl38930	No
Q#307 - WP_003982832.1	specific	432205	449	532	9.17402e-10	55.4087	pfam11941	DUF3459	 - 	cl02706	No
Q#308 - WP_109495970.1	specific	441132	32	743	0.0	1172.54	COG1523	PulA	 - 	cl34294	No
Q#309 - WP_200716725.1	specific	200482	201	557	0.0	688.956	cd11344	AmyAc_GlgE_like	 - 	cl38930	No
Q#309 - WP_200716725.1	specific	463388	9	196	4.28381e-71	228.202	pfam11896	GlgE_dom_N_S	 - 	cl13354	No
Q#309 - WP_200716725.1	superfamily	445893	564	641	0.00076813	38.6825	cl02706	Malt_amylase_C superfamily	 - 	 - 	No
Q#310 - WP_245936755.1	specific	200482	9	358	0.0	687.415	cd11344	AmyAc_GlgE_like	 - 	cl38930	No
Q#311 - WP_159504203.1	specific	200471	23	484	0.0	736.776	cd11332	AmyAc_OligoGlu_TS	 - 	cl38930	No
Q#312 - WP_126916563.1	specific	441132	1	713	0.0	1276.16	COG1523	PulA	 - 	cl34294	No
Q#313 - WP_044382563.1	specific	200471	19	500	0.0	767.978	cd11332	AmyAc_OligoGlu_TS	 - 	cl38930	No
Q#313 - WP_044382563.1	specific	432205	481	555	0.000136937	40.7711	pfam11941	DUF3459	 - 	cl02706	No
Q#314 - WP_087790197.1	specific	200471	22	502	0.0	732.924	cd11332	AmyAc_OligoGlu_TS	 - 	cl38930	No
Q#314 - WP_087790197.1	specific	432205	483	557	0.00016712	40.7711	pfam11941	DUF3459	 - 	cl02706	No
Q#315 - WP_164337176.1	specific	200471	24	496	0.0	824.217	cd11332	AmyAc_OligoGlu_TS	 - 	cl38930	No
Q#315 - WP_164337176.1	superfamily	445893	479	558	0.00409101	36.9191	cl02706	Malt_amylase_C superfamily	 - 	 - 	No
Q#316 - WP_189999836.1	specific	235445	22	733	0.0	1252.0	PRK05402	PRK05402	 - 	cl38930	No
Q#317 - WP_086559308.1	specific	235445	231	952	0.0	1285.51	PRK05402	PRK05402	 - 	cl38930	No
Q#318 - WP_097250936.1	specific	200482	202	558	0.0	689.341	cd11344	AmyAc_GlgE_like	 - 	cl38930	No
Q#318 - WP_097250936.1	specific	463388	10	197	1.52566e-82	258.633	pfam11896	GlgE_dom_N_S	 - 	cl13354	No
Q#318 - WP_097250936.1	superfamily	440065	529	596	0.00275963	40.8916	cl43092	GlgB superfamily	N	 - 	No
Q#319 - WP_244291011.1	specific	441132	23	704	0.0	989.574	COG1523	PulA	 - 	cl34294	No
Q#320 - WP_194275901.1	specific	235445	91	814	0.0	1287.82	PRK05402	PRK05402	 - 	cl38930	No
Q#321 - WP_145866514.1	specific	274114	2	544	0.0	814.651	TIGR02402	trehalose_TreZ	 - 	cl38930	No
Q#322 - WP_079151795.1	specific	235445	26	745	0.0	1248.15	PRK05402	PRK05402	 - 	cl38930	No
Q#323 - WP_217460483.1	specific	200471	23	495	0.0	783.0	cd11332	AmyAc_OligoGlu_TS	 - 	cl38930	No
Q#323 - WP_217460483.1	specific	432205	477	557	4.13128e-07	48.0899	pfam11941	DUF3459	 - 	cl02706	No
Q#324 - WP_217236706.1	specific	441132	1	703	0.0	1267.69	COG1523	PulA	 - 	cl34294	No
Q#325 - WP_097251482.1	specific	441132	11	701	0.0	1291.96	COG1523	PulA	 - 	cl34294	No
Q#326 - WP_123451631.1	specific	200471	20	491	0.0	809.579	cd11332	AmyAc_OligoGlu_TS	 - 	cl38930	No
Q#326 - WP_123451631.1	specific	432205	473	555	0.000153964	40.7711	pfam11941	DUF3459	 - 	cl02706	No
Q#327 - WP_210964241.1	specific	200471	19	499	0.0	732.539	cd11332	AmyAc_OligoGlu_TS	 - 	cl38930	No
Q#327 - WP_210964241.1	specific	432205	480	554	5.18786e-06	45.0083	pfam11941	DUF3459	 - 	cl02706	No
Q#328 - WP_244950147.1	specific	235445	14	736	0.0	1233.89	PRK05402	PRK05402	 - 	cl38930	No
Q#329 - WP_012378520.1	superfamily	442511	1	790	0.0	890.314	cl30295	TreY superfamily	 - 	 - 	No
Q#330 - WP_164438089.1	specific	200482	200	554	0.0	698.2	cd11344	AmyAc_GlgE_like	 - 	cl38930	No
Q#330 - WP_164438089.1	specific	463388	8	195	2.06381e-80	249.773	pfam11896	GlgE_dom_N_S	 - 	cl13354	No
Q#331 - WP_093722368.1	specific	200471	22	494	0.0	806.883	cd11332	AmyAc_OligoGlu_TS	 - 	cl38930	No
Q#331 - WP_093722368.1	specific	432205	476	556	6.08905e-08	50.4011	pfam11941	DUF3459	 - 	cl02706	No
Q#332 - WP_159532070.1	specific	200471	27	499	0.0	821.906	cd11332	AmyAc_OligoGlu_TS	 - 	cl38930	No
Q#332 - WP_159532070.1	specific	432205	481	561	1.31713e-06	46.5491	pfam11941	DUF3459	 - 	cl02706	No
Q#333 - WP_089513001.1	specific	274140	23	568	0.0	1023.15	TIGR02456	treS_nterm	 - 	cl37116	No
Q#334 - WP_030596281.1	specific	200482	195	556	0.0	675.859	cd11344	AmyAc_GlgE_like	 - 	cl38930	No
Q#334 - WP_030596281.1	specific	463388	3	190	1.6687600000000002e-76	242.455	pfam11896	GlgE_dom_N_S	 - 	cl13354	No
Q#334 - WP_030596281.1	superfamily	440065	544	598	0.00316835	40.5064	cl43092	GlgB superfamily	N	 - 	No
Q#335 - WP_125054164.1	specific	200482	195	556	0.0	672.777	cd11344	AmyAc_GlgE_like	 - 	cl38930	No
Q#335 - WP_125054164.1	specific	463388	3	190	3.86667e-77	244.381	pfam11896	GlgE_dom_N_S	 - 	cl13354	No
Q#335 - WP_125054164.1	superfamily	445893	563	639	0.000445418	39.0677	cl02706	Malt_amylase_C superfamily	 - 	 - 	No
Q#336 - WP_019060812.1	specific	274140	22	562	0.0	1028.54	TIGR02456	treS_nterm	 - 	cl37116	No
Q#337 - WP_189892835.1	specific	441132	37	748	0.0	1158.29	COG1523	PulA	 - 	cl34294	No
Q#338 - WP_079430310.1	specific	274114	2	546	0.0	732.988	TIGR02402	trehalose_TreZ	 - 	cl38930	No
Q#339 - WP_159507994.1	specific	274140	23	568	0.0	1024.3	TIGR02456	treS_nterm	 - 	cl37116	No
Q#340 - WP_043462102.1	specific	200471	34	499	0.0	772.985	cd11332	AmyAc_OligoGlu_TS	 - 	cl38930	No
Q#340 - WP_043462102.1	specific	432205	480	583	4.0048e-07	48.0899	pfam11941	DUF3459	 - 	cl02706	No
Q#341 - WP_256982302.1	specific	441132	1	731	0.0	1148.66	COG1523	PulA	 - 	cl34294	No
Q#342 - WP_030577637.1	specific	200472	15	490	0.0	789.731	cd11333	AmyAc_SI_OligoGlu_DGase	 - 	cl38930	No
Q#342 - WP_030577637.1	specific	432205	481	573	9.30831e-09	52.7123	pfam11941	DUF3459	 - 	cl02706	No
Q#343 - WP_184992622.1	specific	235445	23	732	0.0	1257.01	PRK05402	PRK05402	 - 	cl38930	No
Q#344 - WP_171160064.1	specific	200471	22	489	0.0	769.518	cd11332	AmyAc_OligoGlu_TS	 - 	cl38930	No
Q#345 - WP_037681273.1	specific	200471	29	494	0.0	725.606	cd11332	AmyAc_OligoGlu_TS	 - 	cl38930	No
Q#345 - WP_037681273.1	specific	432205	475	551	1.85321e-05	43.4675	pfam11941	DUF3459	 - 	cl02706	No
Q#346 - WP_183953273.1	specific	235445	29	753	0.0	1237.36	PRK05402	PRK05402	 - 	cl38930	No
Q#347 - WP_086867597.1	specific	274114	2	544	0.0	815.806	TIGR02402	trehalose_TreZ	 - 	cl38930	No
Q#348 - WP_162469343.1	specific	441132	36	750	0.0	1167.92	COG1523	PulA	 - 	cl34294	No
Q#349 - WP_194079029.1	specific	200482	200	552	0.0	715.149	cd11344	AmyAc_GlgE_like	 - 	cl38930	No
Q#349 - WP_194079029.1	specific	463388	8	195	8.37324e-76	240.529	pfam11896	GlgE_dom_N_S	 - 	cl13354	No
Q#349 - WP_194079029.1	superfamily	445893	560	601	0.000308941	39.4529	cl02706	Malt_amylase_C superfamily	C	 - 	No
Q#350 - WP_020868325.1	specific	200482	195	556	0.0	659.68	cd11344	AmyAc_GlgE_like	 - 	cl38930	No
Q#350 - WP_020868325.1	specific	463388	3	190	1.16637e-85	266.337	pfam11896	GlgE_dom_N_S	 - 	cl13354	No
Q#350 - WP_020868325.1	superfamily	445893	564	640	0.000847358	38.2973	cl02706	Malt_amylase_C superfamily	 - 	 - 	No
Q#351 - WP_159535865.1	specific	235445	139	862	0.0	1288.98	PRK05402	PRK05402	 - 	cl38930	No
Q#352 - WP_190099280.1	specific	441132	13	706	0.0	1311.6	COG1523	PulA	 - 	cl34294	No
Q#353 - WP_121831378.1	specific	200471	11	474	0.0	717.516	cd11332	AmyAc_OligoGlu_TS	 - 	cl38930	No
Q#353 - WP_121831378.1	specific	432205	455	532	2.76185e-07	48.4751	pfam11941	DUF3459	 - 	cl02706	No
Q#354 - WP_030874097.1	specific	200471	5	457	0.0	671.293	cd11332	AmyAc_OligoGlu_TS	 - 	cl38930	No
Q#354 - WP_030874097.1	specific	432205	441	522	0.00062378	38.8451	pfam11941	DUF3459	 - 	cl02706	No
Q#355 - WP_175432186.1	specific	200471	23	512	0.0	796.097	cd11332	AmyAc_OligoGlu_TS	 - 	cl38930	No
Q#355 - WP_175432186.1	specific	432205	494	574	0.000344496	40.0007	pfam11941	DUF3459	 - 	cl02706	No
Q#356 - WP_126274950.1	superfamily	274113	11	780	0.0	879.429	cl30297	trehalose_TreY superfamily	 - 	 - 	No
Q#357 - WP_018383129.1	superfamily	476817	3	428	3.4099e-175	498.774	cl38930	AmyAc_family superfamily	 - 	 - 	No
Q#358 - WP_088795945.1	specific	200471	44	523	0.0	772.215	cd11332	AmyAc_OligoGlu_TS	 - 	cl38930	No
Q#359 - WP_125509331.1	specific	200482	200	556	0.0	708.216	cd11344	AmyAc_GlgE_like	 - 	cl38930	No
Q#359 - WP_125509331.1	specific	463388	8	195	2.16089e-78	247.462	pfam11896	GlgE_dom_N_S	 - 	cl13354	No
Q#359 - WP_125509331.1	superfamily	445893	564	640	3.53451e-05	42.1493	cl02706	Malt_amylase_C superfamily	 - 	 - 	No
Q#360 - WP_030684132.1	superfamily	476817	54	349	0.0	607.293	cl38930	AmyAc_family superfamily	 - 	 - 	No
Q#360 - WP_030684132.1	superfamily	463388	1	49	5.86436e-07	49.0844	cl13354	GlgE_dom_N_S superfamily	N	 - 	No
Q#361 - WP_229895963.1	specific	440065	8	599	4.0173500000000003e-178	518.154	COG0296	GlgB	 - 	cl43092	No
Q#362 - WP_030887774.1	specific	274114	2	543	0.0	786.531	TIGR02402	trehalose_TreZ	 - 	cl38930	No
Q#363 - WP_078851335.1	specific	200471	21	494	0.0	725.991	cd11332	AmyAc_OligoGlu_TS	 - 	cl38930	No
Q#363 - WP_078851335.1	specific	432205	477	543	0.00047614	39.2303	pfam11941	DUF3459	 - 	cl02706	No
Q#364 - WP_159510349.1(Warning: this sequence record may be obsolete or preliminary)	specific	235445	7	730	0.0	1226.96	PRK05402	PRK05402	 - 	cl38930	No
Q#365 - WP_234314405.1	specific	441132	23	704	0.0	988.418	COG1523	PulA	 - 	cl34294	No
Q#366 - WP_048820392.1	specific	441132	44	754	0.0	1198.74	COG1523	PulA	 - 	cl34294	No
Q#367 - WP_028798001.1	specific	441132	31	739	0.0	1193.73	COG1523	PulA	 - 	cl34294	No
Q#368 - WP_078892380.1	specific	235445	95	790	0.0	1245.83	PRK05402	PRK05402	 - 	cl38930	No
Q#368 - WP_078892380.1	superfamily	369339	31	94	0.000591045	41.6879	cl22465	HC2 superfamily	N	 - 	No
Q#369 - WP_244204310.1	specific	441132	1	492	0.0	893.274	COG1523	PulA	N	cl34294	No
Q#370 - WP_189543982.1	superfamily	442511	1	790	0.0	881.069	cl30295	TreY superfamily	 - 	 - 	No
Q#371 - WP_030837381.1	specific	200471	21	493	0.0	816.128	cd11332	AmyAc_OligoGlu_TS	 - 	cl38930	No
Q#371 - WP_030837381.1	superfamily	445893	475	550	0.00485782	36.5339	cl02706	Malt_amylase_C superfamily	 - 	 - 	No
Q#372 - WP_145871075.1	specific	274140	22	561	0.0	1027.77	TIGR02456	treS_nterm	 - 	cl37116	No
Q#373 - WP_205023005.1	specific	274140	23	562	0.0	1025.07	TIGR02456	treS_nterm	 - 	cl37116	No
Q#374 - WP_093474586.1	specific	274140	23	562	0.0	1035.47	TIGR02456	treS_nterm	 - 	cl37116	No
Q#375 - WP_229917341.1	specific	440065	243	833	0.0	551.666	COG0296	GlgB	 - 	cl43092	No
Q#376 - WP_087792381.1	specific	235445	28	738	0.0	1251.23	PRK05402	PRK05402	 - 	cl38930	No
Q#377 - WP_069920041.1	specific	200471	19	468	0.0	750.644	cd11332	AmyAc_OligoGlu_TS	 - 	cl38930	No
Q#377 - WP_069920041.1	specific	432205	450	527	2.68381e-06	45.7787	pfam11941	DUF3459	 - 	cl02706	No
Q#378 - WP_039655005.1	specific	200471	23	496	0.0	813.046	cd11332	AmyAc_OligoGlu_TS	 - 	cl38930	No
Q#378 - WP_039655005.1	specific	432205	477	557	9.6904e-05	41.5415	pfam11941	DUF3459	 - 	cl02706	No
Q#379 - WP_031133885.1	specific	441132	1	708	0.0	1272.31	COG1523	PulA	 - 	cl34294	No
Q#380 - WP_030023347.1	specific	441132	3	662	0.0	1070.47	COG1523	PulA	 - 	cl34294	No
Q#381 - WP_030313639.1	specific	274114	2	544	0.0	808.102	TIGR02402	trehalose_TreZ	 - 	cl38930	No
Q#382 - WP_200712369.1	specific	441132	49	760	0.0	1155.21	COG1523	PulA	 - 	cl34294	No
Q#383 - WP_010057702.1	specific	200471	23	495	0.0	814.587	cd11332	AmyAc_OligoGlu_TS	 - 	cl38930	No
Q#383 - WP_010057702.1	specific	432205	476	556	2.99037e-05	42.6971	pfam11941	DUF3459	 - 	cl02706	No
Q#384 - WP_097250935.1	specific	274140	23	567	0.0	1030.85	TIGR02456	treS_nterm	 - 	cl37116	No
Q#385 - WP_126913835.1	specific	200471	26	487	0.0	788.008	cd11332	AmyAc_OligoGlu_TS	 - 	cl38930	No
Q#385 - WP_126913835.1	superfamily	445893	468	554	0.00957089	35.7635	cl02706	Malt_amylase_C superfamily	 - 	 - 	No
Q#386 - WP_199806255.1	superfamily	274113	11	789	0.0	848.228	cl30297	trehalose_TreY superfamily	 - 	 - 	No
Q#387 - WP_069744463.1	specific	200482	195	566	0.0	671.236	cd11344	AmyAc_GlgE_like	 - 	cl38930	No
Q#387 - WP_069744463.1	specific	463388	3	190	3.0696e-79	249.773	pfam11896	GlgE_dom_N_S	 - 	cl13354	No
Q#387 - WP_069744463.1	superfamily	445893	573	650	0.00100394	38.2973	cl02706	Malt_amylase_C superfamily	 - 	 - 	No
Q#388 - WP_097220734.1	specific	235445	281	1004	0.0	1297.84	PRK05402	PRK05402	 - 	cl38930	No
Q#388 - WP_097220734.1	superfamily	369339	216	263	1.68093e-06	49.7771	cl22465	HC2 superfamily	NC	 - 	No
Q#389 - WP_228123345.1	specific	200482	237	593	0.0	702.438	cd11344	AmyAc_GlgE_like	 - 	cl38930	No
Q#389 - WP_228123345.1	specific	463388	2	232	5.39396e-78	247.462	pfam11896	GlgE_dom_N_S	 - 	cl13354	No
Q#389 - WP_228123345.1	superfamily	445893	601	677	0.00770408	35.6009	cl02706	Malt_amylase_C superfamily	 - 	 - 	No
Q#390 - WP_098026002.1	specific	200471	12	474	0.0	707.501	cd11332	AmyAc_OligoGlu_TS	 - 	cl38930	No
Q#390 - WP_098026002.1	specific	432205	455	532	0.000111913	41.1563	pfam11941	DUF3459	 - 	cl02706	No
Q#391 - WP_175431878.1	specific	200471	18	492	0.0	743.71	cd11332	AmyAc_OligoGlu_TS	 - 	cl38930	No
Q#391 - WP_175431878.1	specific	432205	473	548	5.10695e-05	42.3119	pfam11941	DUF3459	 - 	cl02706	No
Q#392 - WP_059141744.1	specific	274114	3	541	0.0	761.108	TIGR02402	trehalose_TreZ	 - 	cl38930	No
Q#393 - WP_076974050.1	specific	200471	23	495	0.0	817.283	cd11332	AmyAc_OligoGlu_TS	 - 	cl38930	No
Q#393 - WP_076974050.1	specific	432205	477	557	9.21042e-06	44.2379	pfam11941	DUF3459	 - 	cl02706	No
Q#394 - WP_179083149.1	superfamily	442511	7	807	0.0	873.75	cl30295	TreY superfamily	 - 	 - 	No
Q#395 - WP_030549513.1	superfamily	274113	8	775	0.0	809.323	cl30297	trehalose_TreY superfamily	 - 	 - 	No
Q#396 - WP_106980681.1	specific	441132	11	706	0.0	1330.86	COG1523	PulA	 - 	cl34294	No
Q#397 - WP_323376056.1	specific	441132	10	706	0.0	1330.48	COG1523	PulA	 - 	cl34294	No
Q#398 - WP_043226401.1	specific	441132	1	704	0.0	1298.89	COG1523	PulA	 - 	cl34294	No
Q#399 - WP_081522404.1	specific	200482	195	557	0.0	677.014	cd11344	AmyAc_GlgE_like	 - 	cl38930	No
Q#399 - WP_081522404.1	specific	463388	3	190	5.26802e-78	246.307	pfam11896	GlgE_dom_N_S	 - 	cl13354	No
Q#399 - WP_081522404.1	superfamily	440065	528	595	0.00217819	41.2768	cl43092	GlgB superfamily	N	 - 	No
Q#399 - WP_081522404.1	superfamily	445893	564	641	0.0081119	35.6009	cl02706	Malt_amylase_C superfamily	 - 	 - 	No
Q#400 - WP_141301329.1	specific	200471	20	491	0.0	816.513	cd11332	AmyAc_OligoGlu_TS	 - 	cl38930	No
Q#401 - WP_189306039.1	specific	200482	238	594	0.0	698.971	cd11344	AmyAc_GlgE_like	 - 	cl38930	No
Q#401 - WP_189306039.1	specific	463388	47	233	1.1842100000000001e-83	262.1	pfam11896	GlgE_dom_N_S	 - 	cl13354	No
Q#401 - WP_189306039.1	superfamily	445893	601	666	0.000105741	40.9937	cl02706	Malt_amylase_C superfamily	C	 - 	No
Q#402 - WP_185013229.1	specific	274140	22	568	0.0	1033.93	TIGR02456	treS_nterm	 - 	cl37116	No
Q#403 - WP_125056717.1	specific	200471	28	478	0.0	757.577	cd11332	AmyAc_OligoGlu_TS	 - 	cl38930	No
Q#403 - WP_125056717.1	specific	432205	460	543	1.95468e-11	60.4163	pfam11941	DUF3459	 - 	cl02706	No
Q#404 - WP_210974634.1	specific	235445	83	806	0.0	1273.95	PRK05402	PRK05402	 - 	cl38930	No
Q#405 - WP_173310698.1	specific	200472	15	482	0.0	778.175	cd11333	AmyAc_SI_OligoGlu_DGase	 - 	cl38930	No
Q#405 - WP_173310698.1	specific	435493	489	561	2.79984e-08	51.0089	pfam16657	Malt_amylase_C	 - 	cl02706	No
Q#406 - WP_023538559.1	specific	274140	23	568	0.0	1013.9	TIGR02456	treS_nterm	 - 	cl37116	No
Q#407 - WP_084991403.1	specific	274114	2	544	0.0	817.732	TIGR02402	trehalose_TreZ	 - 	cl38930	No
Q#408 - WP_208853323.1	specific	274114	3	585	0.0	773.434	TIGR02402	trehalose_TreZ	 - 	cl38930	No
Q#409 - WP_051131151.1	specific	274114	2	544	0.0	727.981	TIGR02402	trehalose_TreZ	 - 	cl38930	No
Q#410 - WP_189818892.1	specific	200471	14	495	0.0	765.281	cd11332	AmyAc_OligoGlu_TS	 - 	cl38930	No
Q#410 - WP_189818892.1	specific	432205	476	551	1.00968e-05	44.2379	pfam11941	DUF3459	 - 	cl02706	No
Q#411 - WP_189750171.1	specific	235445	28	738	0.0	1252.77	PRK05402	PRK05402	 - 	cl38930	No
Q#412 - WP_190010710.1	superfamily	274113	14	785	0.0	830.124	cl30297	trehalose_TreY superfamily	 - 	 - 	No
Q#413 - WP_067441853.1	superfamily	274113	11	780	0.0	891.756	cl30297	trehalose_TreY superfamily	 - 	 - 	No
Q#414 - WP_171152652.1	specific	441132	37	745	0.0	1169.46	COG1523	PulA	 - 	cl34294	No
Q#415 - WP_189745325.1	specific	200471	2	461	0.0	700.183	cd11332	AmyAc_OligoGlu_TS	 - 	cl38930	No
Q#415 - WP_189745325.1	specific	432205	442	522	9.20863e-06	44.2379	pfam11941	DUF3459	 - 	cl02706	No
Q#416 - WP_020939633.1	specific	200471	23	495	0.0	793.786	cd11332	AmyAc_OligoGlu_TS	 - 	cl38930	No
Q#416 - WP_020939633.1	specific	432205	477	557	1.91936e-05	43.4675	pfam11941	DUF3459	 - 	cl02706	No
Q#417 - WP_004954225.1	specific	441132	42	765	0.0	1186.41	COG1523	PulA	 - 	cl34294	No
Q#418 - WP_175434823.1	specific	274140	23	562	0.0	1038.55	TIGR02456	treS_nterm	 - 	cl37116	No
Q#419 - WP_059144783.1	specific	200471	12	470	0.0	667.441	cd11332	AmyAc_OligoGlu_TS	 - 	cl38930	No
Q#419 - WP_059144783.1	specific	432205	453	530	7.99665e-05	41.5415	pfam11941	DUF3459	 - 	cl02706	No
Q#420 - WP_019057034.1	specific	235445	65	776	0.0	1276.65	PRK05402	PRK05402	 - 	cl38930	No
Q#421 - WP_241843516.1	specific	274140	23	568	0.0	1025.84	TIGR02456	treS_nterm	 - 	cl37116	No
Q#422 - WP_031179826.1	specific	200471	23	512	0.0	774.141	cd11332	AmyAc_OligoGlu_TS	 - 	cl38930	No
Q#422 - WP_031179826.1	specific	432205	494	574	2.26451e-06	46.1639	pfam11941	DUF3459	 - 	cl02706	No
Q#423 - WP_010982745.1	specific	200486	15	449	0.0	721.401	cd11348	AmyAc_2	 - 	cl38930	No
Q#424 - WP_126916155.1	specific	274140	23	562	0.0	1030.47	TIGR02456	treS_nterm	 - 	cl37116	No
Q#425 - WP_030320478.1	specific	200482	195	558	0.0	680.096	cd11344	AmyAc_GlgE_like	 - 	cl38930	No
Q#425 - WP_030320478.1	specific	463388	2	190	8.05445e-75	238.217	pfam11896	GlgE_dom_N_S	 - 	cl13354	No
Q#425 - WP_030320478.1	superfamily	445893	566	642	4.08576e-06	44.8457	cl02706	Malt_amylase_C superfamily	 - 	 - 	No
Q#426 - WP_030584995.1	superfamily	442511	1	790	0.0	893.781	cl30295	TreY superfamily	 - 	 - 	No
Q#427 - WP_030549514.1	specific	441132	1	704	0.0	1280.01	COG1523	PulA	 - 	cl34294	No
Q#428 - WP_030341036.1	specific	200471	23	503	0.0	793.401	cd11332	AmyAc_OligoGlu_TS	 - 	cl38930	No
Q#428 - WP_030341036.1	specific	432205	485	565	6.34052e-06	44.6231	pfam11941	DUF3459	 - 	cl02706	No
Q#429 - WP_043266187.1	specific	200482	195	556	0.0	669.31	cd11344	AmyAc_GlgE_like	 - 	cl38930	No
Q#429 - WP_043266187.1	specific	463388	3	190	2.31853e-73	234.365	pfam11896	GlgE_dom_N_S	 - 	cl13354	No
Q#429 - WP_043266187.1	superfamily	440065	527	598	0.000361377	43.588	cl43092	GlgB superfamily	N	 - 	No
Q#430 - WP_141203601.1	specific	200485	2	390	0.0	574.956	cd11347	AmyAc_1	 - 	cl38930	No
Q#430 - WP_141203601.1	superfamily	445893	397	476	0.000247182	39.4529	cl02706	Malt_amylase_C superfamily	 - 	 - 	No
Q#431 - WP_030019833.1	specific	200471	27	478	0.0	760.659	cd11332	AmyAc_OligoGlu_TS	 - 	cl38930	No
Q#431 - WP_030019833.1	specific	432205	460	543	3.33581e-10	56.9495	pfam11941	DUF3459	 - 	cl02706	No
Q#432 - WP_063730878.1	superfamily	442511	7	795	0.0	841.394	cl30295	TreY superfamily	 - 	 - 	No
Q#433 - WP_145825171.1	specific	200471	5	478	0.0	739.473	cd11332	AmyAc_OligoGlu_TS	 - 	cl38930	No
Q#433 - WP_145825171.1	specific	432205	459	535	2.77026e-05	42.6971	pfam11941	DUF3459	 - 	cl02706	No
Q#434 - WP_041131309.1	specific	274140	23	563	0.0	1010.44	TIGR02456	treS_nterm	 - 	cl37116	No
Q#435 - WP_206738395.1	specific	441132	1	716	0.0	1183.71	COG1523	PulA	 - 	cl34294	No
Q#436 - WP_076046348.1	specific	200475	22	639	0.0	761.647	cd11336	AmyAc_MTSase	 - 	cl38930	No
Q#437 - WP_073724014.1	specific	274140	23	562	0.0	1040.1	TIGR02456	treS_nterm	 - 	cl37116	No
Q#438 - WP_030579999.1	specific	441132	51	760	0.0	1152.51	COG1523	PulA	 - 	cl34294	No
Q#439 - WP_055626440.1	specific	441132	1	732	0.0	1257.29	COG1523	PulA	 - 	cl34294	No
Q#440 - WP_125624247.1	specific	200471	12	481	0.0	712.509	cd11332	AmyAc_OligoGlu_TS	 - 	cl38930	No
Q#440 - WP_125624247.1	specific	432205	464	540	0.000355939	39.6155	pfam11941	DUF3459	 - 	cl02706	No
Q#441 - WP_069777446.1	specific	200471	12	477	0.0	677.456	cd11332	AmyAc_OligoGlu_TS	 - 	cl38930	No
Q#442 - WP_223835680.1	specific	441132	23	704	0.0	988.418	COG1523	PulA	 - 	cl34294	No
Q#443 - WP_053134247.1	specific	200471	20	500	0.0	735.236	cd11332	AmyAc_OligoGlu_TS	 - 	cl38930	No
Q#443 - WP_053134247.1	specific	432205	481	555	3.25319e-06	45.3935	pfam11941	DUF3459	 - 	cl02706	No
Q#444 - WP_074991089.1	specific	235445	21	734	0.0	1245.06	PRK05402	PRK05402	 - 	cl38930	No
Q#445 - WP_042173509.1	specific	200471	27	499	0.0	796.482	cd11332	AmyAc_OligoGlu_TS	 - 	cl38930	No
Q#445 - WP_042173509.1	specific	432205	481	561	1.46643e-06	46.5491	pfam11941	DUF3459	 - 	cl02706	No
Q#446 - WP_053848064.1	specific	274140	23	561	0.0	1018.52	TIGR02456	treS_nterm	 - 	cl37116	No
Q#447 - WP_043444888.1	superfamily	274113	11	779	0.0	858.243	cl30297	trehalose_TreY superfamily	 - 	 - 	No
Q#448 - WP_078959699.1	specific	235445	196	920	0.0	1290.9	PRK05402	PRK05402	 - 	cl38930	No
Q#448 - WP_078959699.1	superfamily	369339	8	167	9.62229e-14	70.5778	cl22465	HC2 superfamily	C	 - 	No
Q#449 - WP_128978710.1	specific	235445	38	763	0.0	1249.3	PRK05402	PRK05402	 - 	cl38930	No
Q#450 - WP_148004396.1	specific	200471	20	491	0.0	796.868	cd11332	AmyAc_OligoGlu_TS	 - 	cl38930	No
Q#451 - WP_184558815.1	specific	200471	23	495	0.0	814.587	cd11332	AmyAc_OligoGlu_TS	 - 	cl38930	No
Q#451 - WP_184558815.1	specific	432205	477	557	0.000136071	40.7711	pfam11941	DUF3459	 - 	cl02706	No
Q#452 - WP_125504126.1	specific	274140	23	568	0.0	1033.16	TIGR02456	treS_nterm	 - 	cl37116	No
Q#453 - WP_030350710.1	superfamily	274113	3	783	0.0	903.312	cl30297	trehalose_TreY superfamily	 - 	 - 	No
Q#454 - WP_019885752.1	specific	200471	30	480	0.0	774.141	cd11332	AmyAc_OligoGlu_TS	 - 	cl38930	No
Q#455 - WP_171151740.1	specific	441132	1	701	0.0	1318.15	COG1523	PulA	 - 	cl34294	No
Q#456 - WP_150473272.1	specific	274114	2	544	0.0	815.806	TIGR02402	trehalose_TreZ	 - 	cl38930	No
Q#457 - WP_097249161.1	superfamily	274113	6	777	0.0	922.186	cl30297	trehalose_TreY superfamily	 - 	 - 	No
Q#458 - WP_189298924.1	specific	441132	1	701	0.0	1286.95	COG1523	PulA	 - 	cl34294	No
Q#459 - WP_031020391.1	superfamily	274113	11	790	0.0	865.947	cl30297	trehalose_TreY superfamily	 - 	 - 	No
Q#460 - WP_197357099.1	specific	441132	1	618	0.0	1153.28	COG1523	PulA	 - 	cl34294	No
Q#461 - WP_261387077.1	superfamily	274140	22	259	1.01704e-166	471.926	cl37116	treS_nterm superfamily	C	 - 	No
Q#462 - WP_011030248.1	specific	200482	211	567	0.0	714.764	cd11344	AmyAc_GlgE_like	 - 	cl38930	No
Q#462 - WP_011030248.1	specific	463388	19	206	5.00365e-86	267.493	pfam11896	GlgE_dom_N_S	 - 	cl13354	No
Q#462 - WP_011030248.1	superfamily	445893	574	651	0.00334212	36.7565	cl02706	Malt_amylase_C superfamily	 - 	 - 	No
Q#463 - WP_210963008.1	superfamily	274113	23	799	0.0	900.23	cl30297	trehalose_TreY superfamily	 - 	 - 	No
Q#464 - WP_046087968.1	specific	200471	12	470	0.0	692.479	cd11332	AmyAc_OligoGlu_TS	 - 	cl38930	No
Q#464 - WP_046087968.1	specific	432205	453	530	0.000258166	40.0007	pfam11941	DUF3459	 - 	cl02706	No
Q#465 - WP_147874081.1	specific	235445	8	743	0.0	1255.08	PRK05402	PRK05402	 - 	cl38930	No
Q#466 - WP_206300694.1	specific	235445	108	838	0.0	1262.01	PRK05402	PRK05402	 - 	cl38930	No
Q#467 - WP_099970599.1	specific	200482	249	605	0.0	693.193	cd11344	AmyAc_GlgE_like	 - 	cl38930	No
Q#467 - WP_099970599.1	specific	463388	56	244	2.41275e-74	237.832	pfam11896	GlgE_dom_N_S	 - 	cl13354	No
Q#468 - WP_107423710.1	specific	441132	11	706	0.0	1325.85	COG1523	PulA	 - 	cl34294	No
Q#469 - WP_189596421.1	specific	200471	11	476	0.0	720.983	cd11332	AmyAc_OligoGlu_TS	 - 	cl38930	No
Q#469 - WP_189596421.1	specific	432205	457	534	6.0513e-09	53.0975	pfam11941	DUF3459	 - 	cl02706	No
Q#470 - WP_078913507.1	specific	235445	64	780	0.0	1285.9	PRK05402	PRK05402	 - 	cl38930	No
Q#471 - WP_103531456.1	superfamily	442511	1	792	0.0	890.699	cl30295	TreY superfamily	 - 	 - 	No
Q#472 - WP_233289485.1	specific	200473	10	460	0.0	693.924	cd11334	AmyAc_TreS	 - 	cl38930	No
Q#472 - WP_233289485.1	specific	435493	470	548	2.4475e-10	56.7869	pfam16657	Malt_amylase_C	 - 	cl02706	No
Q#473 - WP_190197635.1	specific	441132	1	708	0.0	1276.93	COG1523	PulA	 - 	cl34294	No
Q#474 - WP_197359188.1	superfamily	476817	1	355	0.0	611.53	cl38930	AmyAc_family superfamily	 - 	 - 	No
Q#474 - WP_197359188.1	superfamily	440065	315	414	0.0003408	43.2028	cl43092	GlgB superfamily	N	 - 	No
Q#475 - WP_016574144.1	specific	200482	195	556	0.0	666.999	cd11344	AmyAc_GlgE_like	 - 	cl38930	No
Q#475 - WP_016574144.1	specific	463388	3	190	1.64693e-75	239.758	pfam11896	GlgE_dom_N_S	 - 	cl13354	No
Q#475 - WP_016574144.1	superfamily	445893	561	640	0.00358337	36.7565	cl02706	Malt_amylase_C superfamily	 - 	 - 	No
Q#476 - WP_030256499.1	superfamily	476817	15	448	0.0	643.206	cl38930	AmyAc_family superfamily	 - 	 - 	No
Q#477 - WP_185941156.1	specific	441132	42	764	0.0	1149.05	COG1523	PulA	 - 	cl34294	No
Q#478 - WP_244410157.1	specific	235445	112	836	0.0	1248.53	PRK05402	PRK05402	 - 	cl38930	No
Q#478 - WP_244410157.1	superfamily	223065	2	117	0.00112675	42.7468	cl33729	PHA03378 superfamily	N	 - 	No
Q#479 - WP_094220670.1	specific	200482	245	601	0.0	699.356	cd11344	AmyAc_GlgE_like	 - 	cl38930	No
Q#479 - WP_094220670.1	specific	463388	54	240	1.81336e-74	238.217	pfam11896	GlgE_dom_N_S	 - 	cl13354	No
Q#479 - WP_094220670.1	superfamily	445893	608	685	6.67239e-05	41.7641	cl02706	Malt_amylase_C superfamily	 - 	 - 	No
Q#480 - WP_107498895.1	specific	274114	3	547	0.0	760.723	TIGR02402	trehalose_TreZ	 - 	cl38930	No
Q#481 - WP_030018230.1	specific	274140	23	562	0.0	1027.38	TIGR02456	treS_nterm	 - 	cl37116	No
Q#482 - WP_030743879.1	specific	200471	22	494	0.0	790.704	cd11332	AmyAc_OligoGlu_TS	 - 	cl38930	No
Q#482 - WP_030743879.1	specific	432205	476	556	1.6069e-05	43.4675	pfam11941	DUF3459	 - 	cl02706	No
Q#483 - WP_062667519.1	specific	200471	22	494	0.0	798.794	cd11332	AmyAc_OligoGlu_TS	 - 	cl38930	No
Q#483 - WP_062667519.1	specific	432205	487	556	0.00023339	40.3859	pfam11941	DUF3459	 - 	cl02706	No
Q#484 - WP_208643315.1	specific	441132	37	746	0.0	1169.08	COG1523	PulA	 - 	cl34294	No
Q#485 - WP_217214142.1	specific	441132	36	745	0.0	1166.38	COG1523	PulA	 - 	cl34294	No
Q#486 - WP_161366598.1	specific	441132	13	706	0.0	1323.16	COG1523	PulA	 - 	cl34294	No
Q#487 - WP_045948387.1	specific	441132	1	702	0.0	1259.21	COG1523	PulA	 - 	cl34294	No
Q#488 - WP_128981140.1	specific	441132	1	704	0.0	1284.25	COG1523	PulA	 - 	cl34294	No
Q#489 - WP_228430180.1	specific	441132	1	743	0.0	1257.29	COG1523	PulA	 - 	cl34294	No
Q#490 - WP_030045607.1	specific	441132	1	703	0.0	1274.62	COG1523	PulA	 - 	cl34294	No
Q#491 - WP_106960534.1	specific	441132	11	706	0.0	1321.62	COG1523	PulA	 - 	cl34294	No
Q#492 - WP_189298922.1	superfamily	274113	11	785	0.0	880.97	cl30297	trehalose_TreY superfamily	 - 	 - 	No
Q#493 - WP_150231818.1	specific	274140	23	562	0.0	1009.28	TIGR02456	treS_nterm	 - 	cl37116	No
Q#494 - WP_171150922.1	specific	200471	12	467	0.0	684.775	cd11332	AmyAc_OligoGlu_TS	 - 	cl38930	No
Q#494 - WP_171150922.1	specific	432205	459	532	0.000577427	39.2303	pfam11941	DUF3459	 - 	cl02706	No
Q#495 - WP_031012669.1	specific	200471	20	486	0.0	801.49	cd11332	AmyAc_OligoGlu_TS	 - 	cl38930	No
Q#496 - WP_093473833.1	specific	274114	2	544	0.0	810.413	TIGR02402	trehalose_TreZ	 - 	cl38930	No
Q#497 - WP_190903169.1	specific	441132	1	722	0.0	1276.16	COG1523	PulA	 - 	cl34294	No
Q#498 - WP_089510615.1	specific	200471	12	470	0.0	680.152	cd11332	AmyAc_OligoGlu_TS	 - 	cl38930	No
Q#498 - WP_089510615.1	specific	432205	453	530	0.000243472	40.0007	pfam11941	DUF3459	 - 	cl02706	No
Q#499 - WP_078644393.1	specific	441132	58	796	0.0	1179.09	COG1523	PulA	 - 	cl34294	No
Q#500 - WP_037638005.1	specific	200482	200	556	0.0	710.527	cd11344	AmyAc_GlgE_like	 - 	cl38930	No
Q#500 - WP_037638005.1	specific	463388	8	195	6.10052e-80	251.699	pfam11896	GlgE_dom_N_S	 - 	cl13354	No
Q#501 - WP_189595770.1	specific	200471	27	499	0.0	819.594	cd11332	AmyAc_OligoGlu_TS	 - 	cl38930	No
Q#501 - WP_189595770.1	specific	432205	481	561	2.36593e-06	45.7787	pfam11941	DUF3459	 - 	cl02706	No
Q#502 - WP_210974591.1	specific	441132	1	700	0.0	1295.04	COG1523	PulA	 - 	cl34294	No
Q#503 - WP_200717595.1	specific	200471	11	488	0.0	760.274	cd11332	AmyAc_OligoGlu_TS	 - 	cl38930	No
Q#503 - WP_200717595.1	specific	432205	473	548	1.97281e-05	43.4675	pfam11941	DUF3459	 - 	cl02706	No
Q#504 - WP_030584977.1	specific	274114	2	544	0.0	810.799	TIGR02402	trehalose_TreZ	 - 	cl38930	No
Q#505 - WP_031005261.1	specific	274114	3	545	0.0	786.531	TIGR02402	trehalose_TreZ	 - 	cl38930	No
Q#506 - WP_069744450.1	specific	441132	52	760	0.0	1150.59	COG1523	PulA	 - 	cl34294	No
Q#507 - WP_161365755.1	specific	274114	2	544	0.0	821.584	TIGR02402	trehalose_TreZ	 - 	cl38930	No
Q#508 - WP_346345386.1	specific	200471	15	496	0.0	765.666	cd11332	AmyAc_OligoGlu_TS	 - 	cl38930	No
Q#508 - WP_346345386.1	specific	432205	477	551	2.8403e-07	48.4751	pfam11941	DUF3459	 - 	cl02706	No
Q#509 - WP_184564015.1	specific	200471	18	492	0.0	739.858	cd11332	AmyAc_OligoGlu_TS	 - 	cl38930	No
Q#509 - WP_184564015.1	specific	432205	473	547	1.37526e-06	46.5491	pfam11941	DUF3459	 - 	cl02706	No
Q#510 - WP_030265053.1	specific	200471	12	494	0.0	721.754	cd11332	AmyAc_OligoGlu_TS	 - 	cl38930	No
Q#510 - WP_030265053.1	superfamily	445893	475	549	0.0022069	37.3043	cl02706	Malt_amylase_C superfamily	 - 	 - 	No
Q#511 - WP_093724174.1	specific	441132	34	744	0.0	1177.17	COG1523	PulA	 - 	cl34294	No
Q#512 - WP_317454151.1	specific	441132	13	706	0.0	1315.07	COG1523	PulA	 - 	cl34294	No
Q#513 - WP_078900977.1	specific	200471	33	510	0.0	801.49	cd11332	AmyAc_OligoGlu_TS	 - 	cl38930	No
Q#513 - WP_078900977.1	specific	432205	494	568	4.78349e-07	48.0899	pfam11941	DUF3459	 - 	cl02706	No
Q#514 - WP_042148949.1	specific	441132	21	748	0.0	1154.82	COG1523	PulA	 - 	cl34294	No
Q#515 - WP_030808205.1	specific	441132	36	743	0.0	1152.9	COG1523	PulA	 - 	cl34294	No
Q#516 - WP_076975130.1	specific	200471	19	499	0.0	736.391	cd11332	AmyAc_OligoGlu_TS	 - 	cl38930	No
Q#516 - WP_076975130.1	specific	432205	480	554	0.000147779	40.7711	pfam11941	DUF3459	 - 	cl02706	No
Q#517 - WP_153540045.1	specific	441132	21	708	0.0	1056.6	COG1523	PulA	 - 	cl34294	No
Q#518 - WP_078913946.1	specific	235445	131	854	0.0	1272.8	PRK05402	PRK05402	 - 	cl38930	No
Q#519 - WP_181797883.1	specific	200478	5	471	6.8236399999999995e-149	444.389	cd11339	AmyAc_bac_CMD_like_2	 - 	cl38930	No
Q#519 - WP_181797883.1	specific	461022	676	772	9.65626e-31	116.316	pfam03714	PUD	 - 	cl47835	No
Q#519 - WP_181797883.1	specific	199215	783	875	2.62496e-29	112.426	cd10315	CBM41_pullulanase	 - 	cl47018	No
Q#519 - WP_181797883.1	superfamily	465594	892	949	2.31474e-10	58.7857	cl40248	Pullulanase_N2 superfamily	C	 - 	No
Q#519 - WP_181797883.1	specific	214749	480	557	0.000186398	41.0693	smart00632	Aamy_C	 - 	cl02706	No
Q#520 - WP_030118698.1	specific	200482	195	566	0.0	668.925	cd11344	AmyAc_GlgE_like	 - 	cl38930	No
Q#520 - WP_030118698.1	specific	463388	3	190	3.36422e-77	244.381	pfam11896	GlgE_dom_N_S	 - 	cl13354	No
Q#520 - WP_030118698.1	superfamily	445893	573	650	0.00708818	35.9861	cl02706	Malt_amylase_C superfamily	 - 	 - 	No
Q#521 - WP_150506996.1	specific	200456	15	356	1.28351e-174	491.693	cd11317	AmyAc_bac_euk_AmyA	 - 	cl38930	No
Q#521 - WP_150506996.1	specific	214749	362	436	1.45116e-26	101.931	smart00632	Aamy_C	 - 	cl02706	No
Q#522 - WP_030828382.1	superfamily	274113	11	782	0.0	892.911	cl30297	trehalose_TreY superfamily	 - 	 - 	No
Q#523 - WP_094218852.1	specific	441132	21	708	0.0	1039.26	COG1523	PulA	 - 	cl34294	No
Q#524 - WP_125816163.1	specific	200482	195	557	0.0	677.4	cd11344	AmyAc_GlgE_like	 - 	cl38930	No
Q#524 - WP_125816163.1	specific	463388	3	190	5.398210000000001e-69	222.809	pfam11896	GlgE_dom_N_S	 - 	cl13354	No
Q#524 - WP_125816163.1	superfamily	440065	528	595	5.47686e-05	46.2844	cl43092	GlgB superfamily	N	 - 	No
Q#524 - WP_125816163.1	superfamily	445893	564	641	0.000864159	38.2973	cl02706	Malt_amylase_C superfamily	 - 	 - 	No
Q#525 - WP_128505170.1	superfamily	442511	9	855	0.0	924.212	cl30295	TreY superfamily	 - 	 - 	No
Q#526 - WP_194275448.1	specific	274114	2	544	0.0	811.954	TIGR02402	trehalose_TreZ	 - 	cl38930	No
Q#527 - WP_190902668.1	specific	441132	40	752	0.0	1155.59	COG1523	PulA	 - 	cl34294	No
Q#528 - WP_109163519.1	specific	441132	59	767	0.0	1149.82	COG1523	PulA	 - 	cl34294	No
Q#529 - WP_216717372.1	superfamily	274113	12	786	0.0	884.437	cl30297	trehalose_TreY superfamily	 - 	 - 	No
Q#530 - WP_055689543.1	specific	235445	1	626	0.0	1130.27	PRK05402	PRK05402	 - 	cl38930	No
Q#531 - WP_125503442.1	specific	441132	1	710	0.0	1287.72	COG1523	PulA	 - 	cl34294	No
Q#532 - WP_018492249.1	specific	274140	23	562	0.0	1029.31	TIGR02456	treS_nterm	 - 	cl37116	No
Q#533 - WP_055572754.1	specific	200471	1	442	0.0	672.063	cd11332	AmyAc_OligoGlu_TS	 - 	cl38930	No
Q#533 - WP_055572754.1	specific	432205	423	497	3.55141e-05	42.3119	pfam11941	DUF3459	 - 	cl02706	No
Q#534 - WP_097216238.1	specific	200471	21	493	0.0	813.431	cd11332	AmyAc_OligoGlu_TS	 - 	cl38930	No
Q#534 - WP_097216238.1	superfamily	445893	475	550	0.00962479	35.7635	cl02706	Malt_amylase_C superfamily	 - 	 - 	No
Q#535 - WP_007502267.1	specific	274114	2	544	0.0	811.569	TIGR02402	trehalose_TreZ	 - 	cl38930	No
Q#536 - WP_018383435.1	specific	235445	113	839	0.0	1277.42	PRK05402	PRK05402	 - 	cl38930	No
Q#536 - WP_018383435.1	superfamily	177464	1	56	0.00372413	40.2297	cl31817	PHA02682 superfamily	NC	 - 	No
Q#537 - WP_161369134.1	specific	200482	38	394	0.0	707.445	cd11344	AmyAc_GlgE_like	 - 	cl38930	No
Q#537 - WP_161369134.1	superfamily	463388	1	33	1.61337e-07	51.3956	cl13354	GlgE_dom_N_S superfamily	N	 - 	No
Q#537 - WP_161369134.1	superfamily	440065	368	432	0.000142192	44.3584	cl43092	GlgB superfamily	N	 - 	No
Q#537 - WP_161369134.1	superfamily	445893	401	478	0.000613405	38.2973	cl02706	Malt_amylase_C superfamily	 - 	 - 	No
Q#538 - WP_141207473.1	superfamily	274113	11	780	0.0	884.437	cl30297	trehalose_TreY superfamily	 - 	 - 	No
Q#539 - WP_190201378.1	superfamily	274140	1	457	0.0	877.541	cl37116	treS_nterm superfamily	 - 	 - 	No
Q#540 - WP_037906365.1	specific	200471	13	487	0.0	731.384	cd11332	AmyAc_OligoGlu_TS	 - 	cl38930	No
Q#540 - WP_037906365.1	specific	432205	468	545	0.000342954	39.6155	pfam11941	DUF3459	 - 	cl02706	No
Q#541 - WP_094222213.1	specific	441132	11	706	0.0	1313.53	COG1523	PulA	 - 	cl34294	No
Q#542 - WP_202201824.1	specific	200471	19	468	0.0	754.496	cd11332	AmyAc_OligoGlu_TS	 - 	cl38930	No
Q#542 - WP_202201824.1	specific	432205	450	527	7.99395e-08	50.0159	pfam11941	DUF3459	 - 	cl02706	No
Q#543 - WP_185941148.1	specific	235445	44	773	0.0	1233.12	PRK05402	PRK05402	 - 	cl38930	No
Q#544 - WP_217236223.1	specific	441132	12	706	0.0	1323.54	COG1523	PulA	 - 	cl34294	No
Q#545 - WP_189297084.1	specific	235445	21	732	0.0	1266.64	PRK05402	PRK05402	 - 	cl38930	No
Q#546 - WP_162637278.1	superfamily	476817	235	416	5.2966999999999996e-132	383.492	cl38930	AmyAc_family superfamily	C	 - 	No
Q#546 - WP_162637278.1	specific	463388	43	230	6.18888e-75	231.284	pfam11896	GlgE_dom_N_S	 - 	cl13354	No
Q#547 - WP_031148382.1	specific	200482	195	557	0.0	683.178	cd11344	AmyAc_GlgE_like	 - 	cl38930	No
Q#547 - WP_031148382.1	specific	463388	3	190	2.5890700000000002e-68	220.883	pfam11896	GlgE_dom_N_S	 - 	cl13354	No
Q#547 - WP_031148382.1	superfamily	440065	528	595	0.000193589	44.7436	cl43092	GlgB superfamily	N	 - 	No
Q#547 - WP_031148382.1	superfamily	445893	564	641	0.00886201	35.6009	cl02706	Malt_amylase_C superfamily	 - 	 - 	No
Q#548 - WP_050490948.1	specific	441132	14	722	0.0	1142.11	COG1523	PulA	 - 	cl34294	No
Q#549 - WP_159686968.1	specific	274140	23	568	0.0	1027.77	TIGR02456	treS_nterm	 - 	cl37116	No
Q#550 - WP_041131307.1	specific	235445	20	744	0.0	1258.93	PRK05402	PRK05402	 - 	cl38930	No
Q#551 - WP_004946451.1	specific	235445	44	775	0.0	1234.28	PRK05402	PRK05402	 - 	cl38930	No
Q#552 - WP_030325918.1	specific	235445	23	733	0.0	1263.17	PRK05402	PRK05402	 - 	cl38930	No
Q#553 - WP_030235932.1	specific	235445	48	764	0.0	1279.35	PRK05402	PRK05402	 - 	cl38930	No
Q#554 - WP_240451023.1	specific	441132	28	743	0.0	1165.22	COG1523	PulA	 - 	cl34294	No
Q#555 - WP_228430045.1	specific	274140	23	568	0.0	1027.38	TIGR02456	treS_nterm	 - 	cl37116	No
Q#556 - WP_039637139.1	specific	200471	29	480	0.0	774.526	cd11332	AmyAc_OligoGlu_TS	 - 	cl38930	No
Q#556 - WP_039637139.1	superfamily	445893	462	552	0.00161135	37.6895	cl02706	Malt_amylase_C superfamily	 - 	 - 	No
Q#557 - WP_130334108.1	specific	200471	23	495	0.0	788.008	cd11332	AmyAc_OligoGlu_TS	 - 	cl38930	No
Q#557 - WP_130334108.1	specific	432205	477	557	8.35364e-06	44.2379	pfam11941	DUF3459	 - 	cl02706	No
Q#558 - WP_093542185.1	specific	441132	1	719	0.0	1263.84	COG1523	PulA	 - 	cl34294	No
Q#559 - WP_053137328.1	specific	441132	42	750	0.0	1157.91	COG1523	PulA	 - 	cl34294	No
Q#560 - WP_007497699.1	specific	235445	23	735	0.0	1232.74	PRK05402	PRK05402	 - 	cl38930	No
Q#561 - WP_200677653.1	specific	274140	16	555	0.0	1025.07	TIGR02456	treS_nterm	 - 	cl37116	No
Q#562 - WP_125191881.1	specific	200485	2	389	0.0	593.446	cd11347	AmyAc_1	 - 	cl38930	No
Q#563 - WP_102910490.1	specific	235445	243	964	0.0	1310.93	PRK05402	PRK05402	 - 	cl38930	No
Q#563 - WP_102910490.1	superfamily	369339	166	246	6.17555e-09	56.7106	cl22465	HC2 superfamily	NC	 - 	No
Q#564 - WP_205085151.1	specific	274114	2	544	0.0	808.102	TIGR02402	trehalose_TreZ	 - 	cl38930	No
Q#565 - WP_171159024.1	specific	200482	200	555	0.0	700.126	cd11344	AmyAc_GlgE_like	 - 	cl38930	No
Q#565 - WP_171159024.1	specific	463388	8	195	2.23891e-75	239.373	pfam11896	GlgE_dom_N_S	 - 	cl13354	No
Q#565 - WP_171159024.1	specific	435493	563	635	1.86322e-06	46.0013	pfam16657	Malt_amylase_C	 - 	cl02706	No
Q#566 - WP_217461804.1	superfamily	476817	240	392	9.84015e-114	336.113	cl38930	AmyAc_family superfamily	C	 - 	No
Q#566 - WP_217461804.1	specific	463388	49	235	7.46675e-83	250.929	pfam11896	GlgE_dom_N_S	 - 	cl13354	No
Q#567 - WP_189597753.1	specific	235445	137	860	0.0	1277.81	PRK05402	PRK05402	 - 	cl38930	No
Q#568 - WP_043190068.1	specific	235445	15	734	0.0	1248.53	PRK05402	PRK05402	 - 	cl38930	No
Q#569 - WP_173312915.1	specific	200471	23	494	0.0	811.89	cd11332	AmyAc_OligoGlu_TS	 - 	cl38930	No
Q#569 - WP_173312915.1	specific	432205	476	556	0.000223584	40.3859	pfam11941	DUF3459	 - 	cl02706	No
Q#570 - WP_041131820.1	specific	441132	1	704	0.0	1279.24	COG1523	PulA	 - 	cl34294	No
Q#571 - WP_242440575.1	specific	441132	1	718	0.0	1213.76	COG1523	PulA	 - 	cl34294	No
Q#572 - WP_030760522.1	specific	274114	2	544	0.0	758.411	TIGR02402	trehalose_TreZ	 - 	cl38930	No
Q#573 - WP_031061165.1	superfamily	442511	9	847	0.0	866.817	cl30295	TreY superfamily	 - 	 - 	No
Q#574 - WP_150265875.1	specific	441132	21	730	0.0	1138.65	COG1523	PulA	 - 	cl34294	No
Q#575 - WP_074993332.1	specific	200482	235	591	0.0	693.193	cd11344	AmyAc_GlgE_like	 - 	cl38930	No
Q#575 - WP_074993332.1	specific	463388	44	230	4.15961e-80	252.855	pfam11896	GlgE_dom_N_S	 - 	cl13354	No
Q#575 - WP_074993332.1	superfamily	445893	598	675	0.000303701	39.8381	cl02706	Malt_amylase_C superfamily	 - 	 - 	No
Q#576 - WP_240510033.1	superfamily	274140	22	284	1.29719e-179	505.824	cl37116	treS_nterm superfamily	C	 - 	No
Q#577 - WP_030596276.1	specific	235445	7	731	0.0	1245.83	PRK05402	PRK05402	 - 	cl38930	No
Q#578 - WP_030837673.1	superfamily	274140	1	159	6.4539e-109	320.157	cl37116	treS_nterm superfamily	C	 - 	No
Q#579 - WP_308286705.1(Warning: this sequence record may be obsolete or preliminary)	specific	441132	12	707	0.0	1326.24	COG1523	PulA	 - 	cl34294	No
Q#580 - WP_189991805.1	specific	441132	11	706	0.0	1327.39	COG1523	PulA	 - 	cl34294	No
Q#581 - WP_093473162.1	specific	200471	12	467	0.0	689.397	cd11332	AmyAc_OligoGlu_TS	 - 	cl38930	No
Q#582 - WP_268250129.1	superfamily	274140	1	209	8.40129e-142	406.442	cl37116	treS_nterm superfamily	C	 - 	No
Q#583 - WP_030349175.1	superfamily	274140	21	222	5.48991e-131	379.478	cl37116	treS_nterm superfamily	C	 - 	No
Q#584 - WP_162833331.1	specific	441132	42	759	0.0	1149.82	COG1523	PulA	 - 	cl34294	No
Q#585 - WP_130338023.1	specific	200471	10	491	0.0	796.482	cd11332	AmyAc_OligoGlu_TS	 - 	cl38930	No
Q#586 - WP_109500994.1	specific	200471	11	491	0.0	777.222	cd11332	AmyAc_OligoGlu_TS	 - 	cl38930	No
Q#586 - WP_109500994.1	superfamily	445893	472	546	0.00409945	36.5339	cl02706	Malt_amylase_C superfamily	 - 	 - 	No
Q#587 - WP_086867593.1	superfamily	274113	11	780	0.0	889.83	cl30297	trehalose_TreY superfamily	 - 	 - 	No
Q#588 - WP_069741408.1	specific	200472	15	490	0.0	783.953	cd11333	AmyAc_SI_OligoGlu_DGase	 - 	cl38930	No
Q#588 - WP_069741408.1	specific	432205	481	573	1.25954e-08	52.3271	pfam11941	DUF3459	 - 	cl02706	No
Q#589 - WP_125211052.1	specific	235445	22	733	0.0	1244.68	PRK05402	PRK05402	 - 	cl38930	No
Q#590 - WP_136231518.1	specific	441132	23	704	0.0	989.574	COG1523	PulA	 - 	cl34294	No
Q#591 - WP_107453526.1	superfamily	274113	11	786	0.0	936.824	cl30297	trehalose_TreY superfamily	 - 	 - 	No
Q#592 - WP_030799690.1	specific	441132	21	747	0.0	1172.54	COG1523	PulA	 - 	cl34294	No
Q#593 - WP_189995152.1	specific	200471	14	495	0.0	755.651	cd11332	AmyAc_OligoGlu_TS	 - 	cl38930	No
Q#593 - WP_189995152.1	specific	432205	476	551	1.01959e-05	44.2379	pfam11941	DUF3459	 - 	cl02706	No
Q#594 - WP_147875110.1	specific	274114	3	546	0.0	766.886	TIGR02402	trehalose_TreZ	 - 	cl38930	No
Q#594 - WP_147875110.1	superfamily	445893	525	574	0.00896251	35.2157	cl02706	Malt_amylase_C superfamily	 - 	 - 	No
Q#595 - WP_037638003.1	specific	441132	13	706	0.0	1320.08	COG1523	PulA	 - 	cl34294	No
Q#596 - WP_184961067.1	specific	200471	23	512	0.0	786.852	cd11332	AmyAc_OligoGlu_TS	 - 	cl38930	No
Q#596 - WP_184961067.1	specific	432205	494	574	1.36561e-06	46.5491	pfam11941	DUF3459	 - 	cl02706	No
Q#597 - WP_244190373.1	superfamily	476817	208	360	4.92861e-116	340.735	cl38930	AmyAc_family superfamily	C	 - 	No
Q#597 - WP_244190373.1	specific	463388	16	203	5.2090500000000004e-82	247.847	pfam11896	GlgE_dom_N_S	 - 	cl13354	No
Q#598 - WP_015657725.1	specific	235445	121	838	0.0	1297.07	PRK05402	PRK05402	 - 	cl38930	No
Q#599 - WP_073731924.1	specific	274114	2	544	0.0	836.992	TIGR02402	trehalose_TreZ	 - 	cl38930	No
Q#600 - WP_079164821.1	specific	235445	229	952	0.0	1290.52	PRK05402	PRK05402	 - 	cl38930	No
Q#600 - WP_079164821.1	superfamily	369339	35	139	0.000823577	41.6879	cl22465	HC2 superfamily	NC	 - 	No
Q#601 - WP_044384071.1	specific	274140	22	568	0.0	1037.4	TIGR02456	treS_nterm	 - 	cl37116	No
Q#602 - WP_037879560.1	specific	200482	195	597	0.0	665.073	cd11344	AmyAc_GlgE_like	 - 	cl38930	No
Q#602 - WP_037879560.1	specific	463388	3	190	2.2314e-81	256.322	pfam11896	GlgE_dom_N_S	 - 	cl13354	No
Q#603 - WP_202199123.1	specific	274114	2	542	0.0	739.151	TIGR02402	trehalose_TreZ	 - 	cl38930	No
Q#604 - WP_153543786.1	specific	441132	1	701	0.0	1285.02	COG1523	PulA	 - 	cl34294	No
Q#605 - WP_055601953.1	superfamily	274113	23	790	0.0	812.79	cl30297	trehalose_TreY superfamily	 - 	 - 	No
Q#606 - WP_078095108.1	specific	235445	45	762	0.0	1268.18	PRK05402	PRK05402	 - 	cl38930	No
Q#607 - WP_210960193.1	specific	441132	42	752	0.0	1157.91	COG1523	PulA	 - 	cl34294	No
Q#608 - WP_015579276.1	specific	274114	2	544	0.0	796.161	TIGR02402	trehalose_TreZ	 - 	cl38930	No
Q#609 - WP_126395163.1	specific	235445	160	884	0.0	1285.51	PRK05402	PRK05402	 - 	cl38930	No
Q#610 - WP_179083150.1	specific	441132	1	706	0.0	1268.46	COG1523	PulA	 - 	cl34294	No
Q#611 - WP_159480544.1	specific	200471	12	463	0.0	785.312	cd11332	AmyAc_OligoGlu_TS	 - 	cl38930	No
Q#611 - WP_159480544.1	specific	432205	445	526	4.48673e-09	53.4827	pfam11941	DUF3459	 - 	cl02706	No
Q#612 - WP_014048416.1	specific	235445	134	848	0.0	1287.82	PRK05402	PRK05402	 - 	cl38930	No
Q#613 - WP_212670204.1	specific	200473	10	455	0.0	717.421	cd11334	AmyAc_TreS	 - 	cl38930	No
Q#613 - WP_212670204.1	specific	435493	470	550	1.07549e-10	57.5573	pfam16657	Malt_amylase_C	 - 	cl02706	No
Q#614 - WP_030347980.1	specific	200471	5	472	0.0	726.761	cd11332	AmyAc_OligoGlu_TS	 - 	cl38930	No
Q#614 - WP_030347980.1	specific	432205	455	531	2.07032e-05	43.0823	pfam11941	DUF3459	 - 	cl02706	No
Q#615 - WP_030032037.1	specific	441132	1	702	0.0	1266.15	COG1523	PulA	 - 	cl34294	No
Q#616 - WP_125603012.1	specific	274140	23	562	0.0	1012.75	TIGR02456	treS_nterm	 - 	cl37116	No
Q#617 - WP_148023942.1(Warning: this sequence record may be obsolete or preliminary)	specific	200471	24	496	0.0	785.697	cd11332	AmyAc_OligoGlu_TS	 - 	cl38930	No
Q#618 - WP_249400017.1	specific	441132	11	706	0.0	1331.25	COG1523	PulA	 - 	cl34294	No
Q#619 - WP_102910279.1	specific	200471	14	485	0.0	729.458	cd11332	AmyAc_OligoGlu_TS	 - 	cl38930	No
Q#620 - WP_107409070.1	specific	441132	10	708	0.0	1328.16	COG1523	PulA	 - 	cl34294	No
Q#621 - WP_069762505.1	specific	200485	2	389	0.0	586.512	cd11347	AmyAc_1	 - 	cl38930	No
Q#622 - WP_055542565.1	specific	274140	22	568	0.0	1033.16	TIGR02456	treS_nterm	 - 	cl37116	No
Q#623 - WP_194960324.1	superfamily	442511	9	797	0.0	904.181	cl30295	TreY superfamily	 - 	 - 	No
Q#624 - WP_215106458.1	specific	441132	40	748	0.0	1172.54	COG1523	PulA	 - 	cl34294	No
Q#625 - WP_030760483.1	specific	441132	1	702	0.0	1263.45	COG1523	PulA	 - 	cl34294	No
Q#626 - WP_191869670.1	specific	274114	2	543	0.0	773.819	TIGR02402	trehalose_TreZ	 - 	cl38930	No
Q#627 - WP_142231601.1	specific	200471	15	497	0.0	719.828	cd11332	AmyAc_OligoGlu_TS	 - 	cl38930	No
Q#627 - WP_142231601.1	specific	432205	478	555	0.000269133	40.0007	pfam11941	DUF3459	 - 	cl02706	No
Q#628 - WP_014049083.1	specific	441132	1	719	0.0	1273.85	COG1523	PulA	 - 	cl34294	No
Q#629 - WP_030681516.1	specific	274114	2	544	0.0	800.398	TIGR02402	trehalose_TreZ	 - 	cl38930	No
Q#630 - WP_217128622.1	specific	441132	42	747	0.0	1162.14	COG1523	PulA	 - 	cl34294	No
Q#631 - WP_152894002.1	specific	441132	1	707	0.0	1253.44	COG1523	PulA	 - 	cl34294	No
Q#632 - WP_072483331.1	specific	200471	23	494	0.0	817.283	cd11332	AmyAc_OligoGlu_TS	 - 	cl38930	No
Q#632 - WP_072483331.1	specific	432205	476	556	0.000139908	40.7711	pfam11941	DUF3459	 - 	cl02706	No
Q#633 - WP_043453871.1	specific	200471	28	493	0.0	737.932	cd11332	AmyAc_OligoGlu_TS	 - 	cl38930	No
Q#633 - WP_043453871.1	specific	432205	474	550	6.13639e-06	44.6231	pfam11941	DUF3459	 - 	cl02706	No
Q#634 - WP_207228989.1	specific	441132	36	743	0.0	1150.2	COG1523	PulA	 - 	cl34294	No
Q#635 - WP_055542079.1	specific	200482	249	582	0.0	666.999	cd11344	AmyAc_GlgE_like	 - 	cl38930	No
Q#635 - WP_055542079.1	specific	463388	56	244	7.02473e-74	233.98	pfam11896	GlgE_dom_N_S	 - 	cl13354	No
Q#636 - WP_125822937.1	specific	274114	2	546	0.0	767.271	TIGR02402	trehalose_TreZ	 - 	cl38930	No
Q#637 - WP_078893896.1	specific	235445	70	793	0.0	1283.58	PRK05402	PRK05402	 - 	cl38930	No
Q#638 - WP_145827429.1	specific	235445	142	865	0.0	1285.9	PRK05402	PRK05402	 - 	cl38930	No
Q#639 - WP_031126539.1	specific	200471	10	473	0.0	694.79	cd11332	AmyAc_OligoGlu_TS	 - 	cl38930	No
Q#639 - WP_031126539.1	specific	432205	454	531	1.3418e-05	43.8527	pfam11941	DUF3459	 - 	cl02706	No
Q#640 - WP_142191573.1	specific	274140	22	561	0.0	1029.7	TIGR02456	treS_nterm	 - 	cl37116	No
Q#641 - WP_055552894.1	superfamily	274113	18	812	0.0	896.763	cl30297	trehalose_TreY superfamily	 - 	 - 	No
Q#642 - WP_127153513.1	specific	441132	1	732	0.0	1274.62	COG1523	PulA	 - 	cl34294	No
Q#643 - WP_208779192.1	specific	200485	2	390	0.0	583.816	cd11347	AmyAc_1	 - 	cl38930	No
Q#644 - WP_014181263.1	specific	200471	14	488	0.0	756.036	cd11332	AmyAc_OligoGlu_TS	 - 	cl38930	No
Q#644 - WP_014181263.1	specific	432205	470	547	1.65483e-05	43.4675	pfam11941	DUF3459	 - 	cl02706	No
Q#645 - WP_258314416.1	specific	200471	3	477	0.0	734.85	cd11332	AmyAc_OligoGlu_TS	 - 	cl38930	No
Q#645 - WP_258314416.1	specific	432205	458	534	5.5134e-07	47.7047	pfam11941	DUF3459	 - 	cl02706	No
Q#646 - WP_215164761.1	superfamily	274113	10	798	0.0	901.386	cl30297	trehalose_TreY superfamily	 - 	 - 	No
Q#647 - WP_067426092.1	specific	274140	22	567	0.0	1020.45	TIGR02456	treS_nterm	 - 	cl37116	No
Q#648 - WP_189852792.1	specific	274114	3	545	0.0	763.034	TIGR02402	trehalose_TreZ	 - 	cl38930	No
Q#649 - WP_373283352.1(Warning: this sequence record may be obsolete or preliminary)	specific	235445	683	1406	0.0	1312.47	PRK05402	PRK05402	 - 	cl38930	No
Q#649 - WP_373283352.1(Warning: this sequence record may be obsolete or preliminary)	superfamily	369339	145	308	3.1956e-13	69.8074	cl22465	HC2 superfamily	C	 - 	No
Q#649 - WP_373283352.1(Warning: this sequence record may be obsolete or preliminary)	superfamily	481241	323	540	1.21327e-06	52.9559	cl46901	PRK12323 superfamily	N	 - 	No
Q#650 - WP_115504715.1	specific	441132	1	712	0.0	1274.24	COG1523	PulA	 - 	cl34294	No
Q#651 - WP_043383015.1	specific	441132	1	702	0.0	1266.15	COG1523	PulA	 - 	cl34294	No
Q#652 - WP_186581983.1	specific	441132	46	746	0.0	1136.33	COG1523	PulA	 - 	cl34294	No
Q#653 - WP_184822215.1	specific	235445	28	738	0.0	1256.24	PRK05402	PRK05402	 - 	cl38930	No
Q#654 - WP_033302117.1	specific	200472	15	482	0.0	736.188	cd11333	AmyAc_SI_OligoGlu_DGase	 - 	cl38930	No
Q#654 - WP_033302117.1	specific	432205	472	562	3.37513e-06	45.3935	pfam11941	DUF3459	 - 	cl02706	No
Q#655 - WP_102911358.1	specific	274114	2	544	0.0	817.347	TIGR02402	trehalose_TreZ	 - 	cl38930	No
Q#656 - WP_007383449.1	specific	200471	21	501	0.0	798.794	cd11332	AmyAc_OligoGlu_TS	 - 	cl38930	No
Q#656 - WP_007383449.1	superfamily	445893	482	556	0.00142748	38.0747	cl02706	Malt_amylase_C superfamily	 - 	 - 	No
Q#657 - WP_030602911.1	superfamily	274113	11	782	0.0	901.386	cl30297	trehalose_TreY superfamily	 - 	 - 	No
Q#658 - WP_130336037.1	specific	235445	25	735	0.0	1242.37	PRK05402	PRK05402	 - 	cl38930	No
Q#659 - WP_175435401.1	superfamily	274113	11	786	0.0	936.054	cl30297	trehalose_TreY superfamily	 - 	 - 	No
Q#660 - WP_052031250.1	specific	200482	195	557	0.0	682.792	cd11344	AmyAc_GlgE_like	 - 	cl38930	No
Q#660 - WP_052031250.1	specific	463388	3	190	3.22277e-69	223.58	pfam11896	GlgE_dom_N_S	 - 	cl13354	No
Q#660 - WP_052031250.1	superfamily	440065	528	595	0.000606433	42.8176	cl43092	GlgB superfamily	N	 - 	No
Q#661 - WP_125659407.1	specific	441132	1	705	0.0	1288.49	COG1523	PulA	 - 	cl34294	No
Q#662 - WP_094374914.1	specific	274140	22	561	0.0	1030.85	TIGR02456	treS_nterm	 - 	cl37116	No
Q#663 - WP_125052062.1	specific	441132	10	665	0.0	1073.55	COG1523	PulA	 - 	cl34294	No
Q#664 - WP_215106483.1	specific	274140	23	562	0.0	1026.23	TIGR02456	treS_nterm	 - 	cl37116	No
Q#665 - WP_194079028.1	specific	274140	23	561	0.0	1022.38	TIGR02456	treS_nterm	 - 	cl37116	No
Q#666 - WP_185930945.1	specific	235445	10	727	0.0	1245.83	PRK05402	PRK05402	 - 	cl38930	No
Q#667 - WP_003985413.1	specific	441132	1	736	0.0	1258.83	COG1523	PulA	 - 	cl34294	No
Q#668 - WP_081524864.1	specific	200471	21	496	0.0	725.606	cd11332	AmyAc_OligoGlu_TS	 - 	cl38930	No
Q#668 - WP_081524864.1	specific	432205	477	543	8.36991e-05	41.5415	pfam11941	DUF3459	 - 	cl02706	No
Q#669 - WP_150483698.1	specific	441132	1	708	0.0	1292.73	COG1523	PulA	 - 	cl34294	No
Q#670 - WP_030369383.1	specific	274114	3	541	0.0	733.373	TIGR02402	trehalose_TreZ	 - 	cl38930	No
Q#671 - WP_231978579.1	specific	235445	104	826	0.0	1262.01	PRK05402	PRK05402	 - 	cl38930	No
Q#672 - WP_094220018.1	specific	274114	2	544	0.0	808.102	TIGR02402	trehalose_TreZ	 - 	cl38930	No
Q#673 - WP_049715579.1	specific	200471	22	479	0.0	777.222	cd11332	AmyAc_OligoGlu_TS	 - 	cl38930	No
Q#673 - WP_049715579.1	specific	432205	460	546	9.54058e-06	44.2379	pfam11941	DUF3459	 - 	cl02706	No
Q#674 - WP_201854885.1	specific	200471	12	470	0.0	680.537	cd11332	AmyAc_OligoGlu_TS	 - 	cl38930	No
Q#674 - WP_201854885.1	specific	432205	453	530	0.000192596	40.3859	pfam11941	DUF3459	 - 	cl02706	No
Q#675 - WP_075970178.1	specific	200471	19	468	0.0	798.023	cd11332	AmyAc_OligoGlu_TS	 - 	cl38930	No
Q#676 - WP_164424413.1	specific	200471	16	497	0.0	791.86	cd11332	AmyAc_OligoGlu_TS	 - 	cl38930	No
Q#676 - WP_164424413.1	superfamily	445893	478	552	0.000894989	38.4599	cl02706	Malt_amylase_C superfamily	 - 	 - 	No
Q#677 - WP_142167834.1	specific	200471	11	460	0.0	677.456	cd11332	AmyAc_OligoGlu_TS	 - 	cl38930	No
Q#677 - WP_142167834.1	superfamily	445893	450	525	0.000833175	38.4599	cl02706	Malt_amylase_C superfamily	 - 	 - 	No
Q#678 - WP_069763647.1	specific	441132	1	706	0.0	1263.84	COG1523	PulA	 - 	cl34294	No
Q#679 - WP_031051689.1	specific	441132	24	737	0.0	1167.15	COG1523	PulA	 - 	cl34294	No
Q#680 - WP_253915961.1	specific	200471	18	487	0.0	698.642	cd11332	AmyAc_OligoGlu_TS	 - 	cl38930	No
Q#680 - WP_253915961.1	specific	432205	468	544	0.000266566	40.0007	pfam11941	DUF3459	 - 	cl02706	No
Q#681 - WP_016826591.1	specific	200471	27	499	0.0	820.75	cd11332	AmyAc_OligoGlu_TS	 - 	cl38930	No
Q#681 - WP_016826591.1	specific	432205	481	561	8.48328e-08	50.0159	pfam11941	DUF3459	 - 	cl02706	No
Q#682 - WP_125208372.1	specific	200471	10	491	0.0	783.386	cd11332	AmyAc_OligoGlu_TS	 - 	cl38930	No
Q#682 - WP_125208372.1	specific	432205	472	547	2.53303e-05	43.0823	pfam11941	DUF3459	 - 	cl02706	No
Q#683 - WP_189725514.1	specific	200471	22	503	0.0	767.592	cd11332	AmyAc_OligoGlu_TS	 - 	cl38930	No
Q#683 - WP_189725514.1	specific	432205	484	558	2.06803e-06	46.1639	pfam11941	DUF3459	 - 	cl02706	No
Q#684 - WP_216718011.1	specific	441132	42	747	0.0	1169.85	COG1523	PulA	 - 	cl34294	No
Q#685 - WP_150484819.1	specific	200482	200	556	0.0	711.297	cd11344	AmyAc_GlgE_like	 - 	cl38930	No
Q#685 - WP_150484819.1	specific	463388	8	195	2.54264e-84	262.87	pfam11896	GlgE_dom_N_S	 - 	cl13354	No
Q#685 - WP_150484819.1	superfamily	445893	564	640	4.69693e-05	41.7641	cl02706	Malt_amylase_C superfamily	 - 	 - 	No
Q#686 - WP_223284001.1	specific	441132	11	706	0.0	1332.79	COG1523	PulA	 - 	cl34294	No
Q#687 - WP_343244013.1	specific	235445	85	809	0.0	1256.62	PRK05402	PRK05402	 - 	cl38930	No
Q#688 - WP_099201091.1	specific	200482	195	556	0.0	673.548	cd11344	AmyAc_GlgE_like	 - 	cl38930	No
Q#688 - WP_099201091.1	specific	463388	3	190	5.91674e-82	256.707	pfam11896	GlgE_dom_N_S	 - 	cl13354	No
Q#688 - WP_099201091.1	superfamily	445893	564	640	0.000724196	38.6825	cl02706	Malt_amylase_C superfamily	 - 	 - 	No
Q#689 - WP_037894167.1	superfamily	476817	11	468	0.0	608.556	cl38930	AmyAc_family superfamily	 - 	 - 	No
Q#689 - WP_037894167.1	superfamily	440065	447	515	0.000848841	42.0472	cl43092	GlgB superfamily	N	 - 	No
Q#690 - WP_019883911.1	specific	200471	17	491	0.0	734.08	cd11332	AmyAc_OligoGlu_TS	 - 	cl38930	No
Q#690 - WP_019883911.1	specific	432205	472	548	8.82378e-05	41.5415	pfam11941	DUF3459	 - 	cl02706	No
Q#691 - WP_093766528.1	specific	441132	1	712	0.0	1276.16	COG1523	PulA	 - 	cl34294	No
Q#692 - WP_043264079.1	specific	200471	23	484	0.0	734.08	cd11332	AmyAc_OligoGlu_TS	 - 	cl38930	No
Q#693 - WP_030235995.1	specific	441132	48	757	0.0	1155.59	COG1523	PulA	 - 	cl34294	No
Q#694 - WP_015036296.1	specific	441132	21	730	0.0	1168.31	COG1523	PulA	 - 	cl34294	No
Q#695 - WP_182471504.1	specific	274114	3	540	0.0	772.664	TIGR02402	trehalose_TreZ	 - 	cl38930	No
Q#696 - WP_077796076.1	specific	200471	23	495	0.0	821.52	cd11332	AmyAc_OligoGlu_TS	 - 	cl38930	No
Q#696 - WP_077796076.1	specific	432205	477	557	2.85112e-07	48.4751	pfam11941	DUF3459	 - 	cl02706	No
Q#697 - WP_135063807.1	specific	441132	1	705	0.0	1279.24	COG1523	PulA	 - 	cl34294	No
Q#698 - WP_150499315.1	specific	274114	2	544	0.0	820.043	TIGR02402	trehalose_TreZ	 - 	cl38930	No
Q#699 - WP_150498951.1	specific	200471	10	467	0.0	658.581	cd11332	AmyAc_OligoGlu_TS	 - 	cl38930	No
Q#699 - WP_150498951.1	specific	432205	457	531	0.000611039	38.8451	pfam11941	DUF3459	 - 	cl02706	No
Q#700 - WP_076043954.1	specific	200471	21	485	0.0	816.513	cd11332	AmyAc_OligoGlu_TS	 - 	cl38930	No
Q#700 - WP_076043954.1	specific	432205	467	544	3.89342e-06	45.3935	pfam11941	DUF3459	 - 	cl02706	No
Q#701 - WP_093632273.1	specific	235445	12	722	0.0	1255.85	PRK05402	PRK05402	 - 	cl38930	No
Q#702 - WP_010033293.1	specific	200482	41	390	0.0	695.504	cd11344	AmyAc_GlgE_like	 - 	cl38930	No
Q#702 - WP_010033293.1	superfamily	463388	1	36	8.88193e-11	60.6404	cl13354	GlgE_dom_N_S superfamily	N	 - 	No
Q#703 - WP_079426418.1	specific	200471	23	506	0.0	730.613	cd11332	AmyAc_OligoGlu_TS	 - 	cl38930	No
Q#704 - WP_128508835.1	specific	200471	12	464	0.0	790.319	cd11332	AmyAc_OligoGlu_TS	 - 	cl38930	No
Q#704 - WP_128508835.1	specific	432205	445	526	1.64245e-07	49.2455	pfam11941	DUF3459	 - 	cl02706	No
Q#705 - WP_078556528.1	specific	200471	21	496	0.0	721.368	cd11332	AmyAc_OligoGlu_TS	 - 	cl38930	No
Q#705 - WP_078556528.1	specific	432205	477	553	2.69787e-07	48.4751	pfam11941	DUF3459	 - 	cl02706	No
Q#706 - WP_078941030.1	specific	235445	297	1014	0.0	1282.43	PRK05402	PRK05402	 - 	cl38930	No
Q#707 - WP_079055851.1	specific	235445	153	877	0.0	1287.44	PRK05402	PRK05402	 - 	cl38930	No
Q#708 - WP_216717731.1	specific	441132	13	706	0.0	1319.3	COG1523	PulA	 - 	cl34294	No
Q#709 - WP_179500330.1	specific	441132	44	752	0.0	1150.2	COG1523	PulA	 - 	cl34294	No
Q#710 - WP_247748870.1	specific	441132	50	780	0.0	1174.08	COG1523	PulA	 - 	cl34294	No
Q#711 - WP_062156591.1	specific	441132	36	747	0.0	1175.63	COG1523	PulA	 - 	cl34294	No
Q#712 - WP_030751448.1	specific	441132	37	745	0.0	1151.74	COG1523	PulA	 - 	cl34294	No
Q#713 - WP_062668574.1	specific	274114	2	544	0.0	820.814	TIGR02402	trehalose_TreZ	 - 	cl38930	No
Q#714 - WP_128437345.1	superfamily	476817	239	428	1.77715e-139	402.752	cl38930	AmyAc_family superfamily	C	 - 	No
Q#714 - WP_128437345.1	specific	463388	47	234	9.8898e-84	254.396	pfam11896	GlgE_dom_N_S	 - 	cl13354	No
Q#715 - WP_023537869.1	specific	441132	1	705	0.0	1281.17	COG1523	PulA	 - 	cl34294	No
Q#716 - WP_228123585.1	specific	441132	22	733	0.0	1147.89	COG1523	PulA	 - 	cl34294	No
Q#717 - WP_055629381.1	specific	200471	29	516	0.0	762.2	cd11332	AmyAc_OligoGlu_TS	 - 	cl38930	No
Q#717 - WP_055629381.1	specific	432205	497	570	1.81264e-05	43.4675	pfam11941	DUF3459	 - 	cl02706	No
Q#718 - WP_190904427.1	specific	200471	21	493	0.0	813.816	cd11332	AmyAc_OligoGlu_TS	 - 	cl38930	No
Q#718 - WP_190904427.1	superfamily	445893	475	555	0.00162674	38.0747	cl02706	Malt_amylase_C superfamily	 - 	 - 	No
Q#719 - WP_088800142.1	specific	274140	23	568	0.0	1020.07	TIGR02456	treS_nterm	 - 	cl37116	No
Q#720 - WP_073745363.1	specific	235445	87	805	0.0	1281.66	PRK05402	PRK05402	 - 	cl38930	No
Q#721 - WP_054101938.1	specific	200471	11	472	0.0	695.56	cd11332	AmyAc_OligoGlu_TS	 - 	cl38930	No
Q#721 - WP_054101938.1	specific	432205	455	532	3.19728e-07	48.4751	pfam11941	DUF3459	 - 	cl02706	No
Q#722 - WP_053129775.1	specific	200471	23	513	0.0	802.646	cd11332	AmyAc_OligoGlu_TS	 - 	cl38930	No
Q#722 - WP_053129775.1	specific	432205	494	574	3.79913e-06	45.3935	pfam11941	DUF3459	 - 	cl02706	No
Q#723 - WP_253918738.1	superfamily	274140	23	233	2.83657e-146	418.769	cl37116	treS_nterm superfamily	C	 - 	No
Q#724 - WP_079039821.1	specific	235445	110	831	0.0	1253.54	PRK05402	PRK05402	 - 	cl38930	No
Q#724 - WP_079039821.1	superfamily	369339	23	107	4.73166e-06	47.8511	cl22465	HC2 superfamily	NC	 - 	No
Q#725 - WP_173316044.1	specific	274140	23	568	0.0	1013.13	TIGR02456	treS_nterm	 - 	cl37116	No
Q#726 - WP_015663025.1	specific	200482	199	551	0.0	706.29	cd11344	AmyAc_GlgE_like	 - 	cl38930	No
Q#726 - WP_015663025.1	specific	463388	8	194	2.2763e-78	247.462	pfam11896	GlgE_dom_N_S	 - 	cl13354	No
Q#726 - WP_015663025.1	superfamily	445893	559	600	4.84653e-05	41.7641	cl02706	Malt_amylase_C superfamily	C	 - 	No
Q#727 - WP_062025859.1	specific	200471	16	497	0.0	800.334	cd11332	AmyAc_OligoGlu_TS	 - 	cl38930	No
Q#728 - WP_184992626.1	specific	274140	22	561	0.0	1019.68	TIGR02456	treS_nterm	 - 	cl37116	No
Q#729 - WP_142167666.1	specific	200482	201	557	0.0	705.134	cd11344	AmyAc_GlgE_like	 - 	cl38930	No
Q#729 - WP_142167666.1	specific	463388	8	196	9.420130000000001e-77	243.225	pfam11896	GlgE_dom_N_S	 - 	cl13354	No
Q#729 - WP_142167666.1	superfamily	445893	565	641	0.00112999	37.9121	cl02706	Malt_amylase_C superfamily	 - 	 - 	No
Q#730 - WP_159742809.1	specific	200471	14	493	0.0	713.279	cd11332	AmyAc_OligoGlu_TS	 - 	cl38930	No
Q#730 - WP_159742809.1	specific	432205	474	549	8.17692e-05	41.5415	pfam11941	DUF3459	 - 	cl02706	No
Q#731 - WP_224058409.1	specific	235445	85	809	0.0	1255.46	PRK05402	PRK05402	 - 	cl38930	No
Q#732 - WP_205081152.1	specific	200471	10	468	0.0	684.389	cd11332	AmyAc_OligoGlu_TS	 - 	cl38930	No
Q#732 - WP_205081152.1	specific	432205	454	531	7.70593e-05	41.5415	pfam11941	DUF3459	 - 	cl02706	No
Q#733 - WP_030028640.1	specific	200471	21	496	0.0	723.294	cd11332	AmyAc_OligoGlu_TS	 - 	cl38930	No
Q#733 - WP_030028640.1	specific	432205	477	553	2.7519e-07	48.4751	pfam11941	DUF3459	 - 	cl02706	No
Q#734 - WP_053846383.1	specific	274140	23	562	0.0	1041.25	TIGR02456	treS_nterm	 - 	cl37116	No
Q#735 - WP_071380824.1	specific	235445	16	729	0.0	1288.59	PRK05402	PRK05402	 - 	cl38930	No
Q#736 - WP_103530172.1	specific	200471	23	494	0.0	813.816	cd11332	AmyAc_OligoGlu_TS	 - 	cl38930	No
Q#736 - WP_103530172.1	specific	432205	476	556	1.22797e-06	46.5491	pfam11941	DUF3459	 - 	cl02706	No
Q#737 - WP_073748438.1	superfamily	442511	1	794	0.0	889.929	cl30295	TreY superfamily	 - 	 - 	No
Q#738 - WP_046419275.1	specific	441132	1	700	0.0	1288.49	COG1523	PulA	 - 	cl34294	No
Q#739 - WP_030410000.1	specific	200471	7	491	0.0	841.936	cd11332	AmyAc_OligoGlu_TS	 - 	cl38930	No
Q#739 - WP_030410000.1	specific	432205	472	549	2.44637e-06	45.7787	pfam11941	DUF3459	 - 	cl02706	No
Q#740 - WP_126395166.1	specific	200482	244	600	0.0	703.593	cd11344	AmyAc_GlgE_like	 - 	cl38930	No
Q#740 - WP_126395166.1	specific	463388	52	239	2.5280899999999997e-81	256.322	pfam11896	GlgE_dom_N_S	 - 	cl13354	No
Q#740 - WP_126395166.1	superfamily	445893	607	684	0.000688214	38.6825	cl02706	Malt_amylase_C superfamily	 - 	 - 	No
Q#741 - WP_150501108.1	specific	200471	16	476	0.0	718.672	cd11332	AmyAc_OligoGlu_TS	 - 	cl38930	No
Q#741 - WP_150501108.1	superfamily	445893	493	553	0.00991367	35.7635	cl02706	Malt_amylase_C superfamily	N	 - 	No
Q#742 - WP_078649723.1	specific	200471	33	512	0.0	793.401	cd11332	AmyAc_OligoGlu_TS	 - 	cl38930	No
Q#742 - WP_078649723.1	specific	432205	493	574	0.000116078	41.1563	pfam11941	DUF3459	 - 	cl02706	No
Q#743 - WP_077801709.1	specific	441132	42	750	0.0	1153.67	COG1523	PulA	 - 	cl34294	No
Q#744 - WP_109495219.1	specific	441132	1	704	0.0	1269.23	COG1523	PulA	 - 	cl34294	No
Q#745 - WP_215168084.1	specific	200471	19	499	0.0	731.384	cd11332	AmyAc_OligoGlu_TS	 - 	cl38930	No
Q#745 - WP_215168084.1	superfamily	445893	480	554	0.00204498	37.6895	cl02706	Malt_amylase_C superfamily	 - 	 - 	No
Q#746 - WP_031181702.1	specific	441132	37	746	0.0	1153.67	COG1523	PulA	 - 	cl34294	No
Q#747 - WP_189559648.1	specific	441132	42	747	0.0	1175.63	COG1523	PulA	 - 	cl34294	No
Q#748 - WP_124274759.1	specific	235445	87	805	0.0	1293.98	PRK05402	PRK05402	 - 	cl38930	No
Q#749 - WP_308288308.1	specific	235445	18	741	0.0	1265.48	PRK05402	PRK05402	 - 	cl38930	No
Q#750 - WP_109163528.1	specific	200482	195	566	0.0	675.859	cd11344	AmyAc_GlgE_like	 - 	cl38930	No
Q#750 - WP_109163528.1	specific	463388	3	190	2.16275e-79	250.159	pfam11896	GlgE_dom_N_S	 - 	cl13354	No
Q#750 - WP_109163528.1	superfamily	445893	577	646	0.00781021	35.5663	cl02706	Malt_amylase_C superfamily	 - 	 - 	No
Q#751 - WP_125054165.1	specific	274140	23	562	0.0	1031.24	TIGR02456	treS_nterm	 - 	cl37116	No
Q#752 - WP_217213362.1	specific	274114	2	544	0.0	799.243	TIGR02402	trehalose_TreZ	 - 	cl38930	No
Q#753 - WP_046424265.1	specific	235445	14	736	0.0	1235.43	PRK05402	PRK05402	 - 	cl38930	No
Q#754 - WP_030676006.1	specific	235445	25	734	0.0	1257.01	PRK05402	PRK05402	 - 	cl38930	No
Q#755 - WP_129771552.1	superfamily	476817	15	461	0.0	679.8	cl38930	AmyAc_family superfamily	 - 	 - 	No
Q#756 - WP_217130557.1	specific	235445	32	738	0.0	1247.38	PRK05402	PRK05402	 - 	cl38930	No
Q#757 - WP_069741456.1	superfamily	442511	1	790	0.0	898.403	cl30295	TreY superfamily	 - 	 - 	No
Q#758 - WP_046084376.1	specific	235445	15	736	0.0	1241.6	PRK05402	PRK05402	 - 	cl38930	No
Q#759 - WP_019055300.1	specific	200471	11	492	0.0	756.807	cd11332	AmyAc_OligoGlu_TS	 - 	cl38930	No
Q#759 - WP_019055300.1	specific	432205	473	554	4.61432e-06	45.0083	pfam11941	DUF3459	 - 	cl02706	No
Q#760 - WP_120053848.1	specific	274140	23	561	0.0	1023.53	TIGR02456	treS_nterm	 - 	cl37116	No
Q#761 - WP_189306016.1	specific	441132	37	745	0.0	1178.71	COG1523	PulA	 - 	cl34294	No
Q#762 - WP_125509326.1	specific	235445	28	740	0.0	1244.29	PRK05402	PRK05402	 - 	cl38930	No
Q#763 - WP_150474968.1	specific	274140	22	562	0.0	1030.85	TIGR02456	treS_nterm	 - 	cl37116	No
Q#764 - WP_046914278.1	specific	200471	21	493	0.0	802.646	cd11332	AmyAc_OligoGlu_TS	 - 	cl38930	No
Q#764 - WP_046914278.1	specific	432205	475	555	2.12469e-05	43.0823	pfam11941	DUF3459	 - 	cl02706	No
Q#765 - WP_051715817.1	superfamily	274113	17	784	0.0	806.241	cl30297	trehalose_TreY superfamily	 - 	 - 	No
Q#766 - WP_189739451.1	specific	200475	22	661	0.0	797.471	cd11336	AmyAc_MTSase	 - 	cl38930	No
Q#767 - WP_079429837.1	specific	200482	195	557	0.0	682.792	cd11344	AmyAc_GlgE_like	 - 	cl38930	No
Q#767 - WP_079429837.1	specific	463388	3	190	2.24711e-64	210.483	pfam11896	GlgE_dom_N_S	 - 	cl13354	No
Q#767 - WP_079429837.1	superfamily	440065	528	595	5.57178e-05	46.2844	cl43092	GlgB superfamily	N	 - 	No
Q#767 - WP_079429837.1	superfamily	445893	564	641	0.00403802	36.3713	cl02706	Malt_amylase_C superfamily	 - 	 - 	No
Q#768 - WP_215212483.1	specific	200471	29	510	0.0	792.63	cd11332	AmyAc_OligoGlu_TS	 - 	cl38930	No
Q#768 - WP_215212483.1	specific	432205	491	565	7.39866e-05	41.5415	pfam11941	DUF3459	 - 	cl02706	No
Q#769 - WP_159742837.1	superfamily	442511	9	819	0.0	876.447	cl30295	TreY superfamily	 - 	 - 	No
Q#770 - WP_164438436.1	specific	274114	2	543	0.0	798.087	TIGR02402	trehalose_TreZ	 - 	cl38930	No
Q#771 - WP_179878979.1	specific	200482	243	599	0.0	709.371	cd11344	AmyAc_GlgE_like	 - 	cl38930	No
Q#771 - WP_179878979.1	specific	463388	50	238	5.1163300000000006e-76	242.069	pfam11896	GlgE_dom_N_S	 - 	cl13354	No
Q#771 - WP_179878979.1	superfamily	445893	606	683	0.0008281	38.6825	cl02706	Malt_amylase_C superfamily	 - 	 - 	No
Q#772 - WP_253918739.1	superfamily	274140	23	233	3.18858e-149	426.087	cl37116	treS_nterm superfamily	C	 - 	No
Q#773 - WP_033274171.1	specific	441132	1	712	0.0	1276.93	COG1523	PulA	 - 	cl34294	No
Q#774 - WP_009312993.1	specific	200482	257	613	0.0	688.956	cd11344	AmyAc_GlgE_like	 - 	cl38930	No
Q#774 - WP_009312993.1	specific	463388	64	252	4.73125e-80	253.24	pfam11896	GlgE_dom_N_S	 - 	cl13354	No
Q#774 - WP_009312993.1	superfamily	445893	620	697	0.0016477	37.5269	cl02706	Malt_amylase_C superfamily	 - 	 - 	No
Q#775 - WP_151785974.1	specific	441132	36	748	0.0	1184.1	COG1523	PulA	 - 	cl34294	No
Q#776 - WP_104630876.1	specific	200471	23	495	0.0	812.661	cd11332	AmyAc_OligoGlu_TS	 - 	cl38930	No
Q#776 - WP_104630876.1	specific	432205	477	557	1.89706e-05	43.4675	pfam11941	DUF3459	 - 	cl02706	No
Q#777 - WP_050504655.1	specific	200471	21	500	0.0	707.116	cd11332	AmyAc_OligoGlu_TS	 - 	cl38930	No
Q#777 - WP_050504655.1	specific	432205	481	558	2.73836e-05	43.0823	pfam11941	DUF3459	 - 	cl02706	No
Q#778 - WP_031178966.1	specific	200471	10	491	0.0	793.016	cd11332	AmyAc_OligoGlu_TS	 - 	cl38930	No
Q#779 - WP_217133148.1	specific	200471	11	461	0.0	684.004	cd11332	AmyAc_OligoGlu_TS	 - 	cl38930	No
Q#780 - WP_135063804.1	superfamily	442511	1	780	0.0	898.018	cl30295	TreY superfamily	 - 	 - 	No
Q#781 - WP_126898825.1	specific	200456	15	356	2.72931e-174	490.537	cd11317	AmyAc_bac_euk_AmyA	 - 	cl38930	No
Q#781 - WP_126898825.1	specific	214749	362	436	2.41895e-27	104.242	smart00632	Aamy_C	 - 	cl02706	No
Q#782 - WP_184817727.1	specific	235445	173	896	0.0	1285.51	PRK05402	PRK05402	 - 	cl38930	No
Q#783 - WP_177239810.1	superfamily	274113	11	786	0.0	833.205	cl30297	trehalose_TreY superfamily	 - 	 - 	No
Q#784 - WP_145885327.1	specific	274114	2	544	0.0	811.569	TIGR02402	trehalose_TreZ	 - 	cl38930	No
Q#785 - WP_043379731.1	specific	274140	23	562	0.0	1036.24	TIGR02456	treS_nterm	 - 	cl37116	No
Q#786 - WP_051874633.1	specific	235445	27	751	0.0	1243.14	PRK05402	PRK05402	 - 	cl38930	No
Q#787 - WP_217463261.1	specific	441132	1	703	0.0	1305.82	COG1523	PulA	 - 	cl34294	No
Q#788 - WP_106412366.1	specific	235445	143	866	0.0	1295.53	PRK05402	PRK05402	 - 	cl38930	No
Q#789 - WP_053126946.1	specific	274140	23	561	0.0	1026.61	TIGR02456	treS_nterm	 - 	cl37116	No
Q#790 - WP_189820448.1	specific	200471	22	489	0.0	766.437	cd11332	AmyAc_OligoGlu_TS	 - 	cl38930	No
Q#791 - WP_086561464.1	specific	274114	2	544	0.0	822.74	TIGR02402	trehalose_TreZ	 - 	cl38930	No
Q#792 - WP_210975512.1	specific	274140	4	542	0.0	1028.54	TIGR02456	treS_nterm	 - 	cl37116	No
Q#793 - WP_125056714.1	specific	200471	24	466	0.0	754.11	cd11332	AmyAc_OligoGlu_TS	 - 	cl38930	No
Q#793 - WP_125056714.1	specific	432205	449	534	2.2585e-08	51.5567	pfam11941	DUF3459	 - 	cl02706	No
Q#794 - WP_185806325.1	superfamily	447864	194	565	0.0	573.678	cl09933	ACAD superfamily	 - 	 - 	No
Q#794 - WP_185806325.1	superfamily	476817	30	211	8.885789999999999e-116	351.962	cl38930	AmyAc_family superfamily	C	 - 	No
Q#795 - WP_031021671.1	specific	441132	42	747	0.0	1174.08	COG1523	PulA	 - 	cl34294	No
Q#796 - WP_150227841.1	specific	200471	20	491	0.0	815.742	cd11332	AmyAc_OligoGlu_TS	 - 	cl38930	No
Q#796 - WP_150227841.1	superfamily	445893	473	553	0.00258023	37.3043	cl02706	Malt_amylase_C superfamily	 - 	 - 	No
Q#797 - WP_069778082.1	specific	441132	1	701	0.0	1274.62	COG1523	PulA	 - 	cl34294	No
Q#798 - WP_151783698.1	specific	200471	22	494	0.0	799.179	cd11332	AmyAc_OligoGlu_TS	 - 	cl38930	No
Q#798 - WP_151783698.1	specific	432205	487	556	0.000567662	39.2303	pfam11941	DUF3459	 - 	cl02706	No
Q#799 - WP_229890282.1	specific	200472	15	490	0.0	789.346	cd11333	AmyAc_SI_OligoGlu_DGase	 - 	cl38930	No
Q#799 - WP_229890282.1	specific	432205	481	573	1.84821e-06	46.1639	pfam11941	DUF3459	 - 	cl02706	No
Q#800 - WP_189596107.1	specific	441132	1	710	0.0	1282.71	COG1523	PulA	 - 	cl34294	No
Q#801 - WP_229894441.1	specific	200471	22	496	0.0	741.784	cd11332	AmyAc_OligoGlu_TS	 - 	cl38930	No
Q#801 - WP_229894441.1	specific	432205	477	552	0.000153964	40.7711	pfam11941	DUF3459	 - 	cl02706	No
Q#802 - WP_150483833.1	specific	200471	6	494	0.0	795.712	cd11332	AmyAc_OligoGlu_TS	 - 	cl38930	No
Q#802 - WP_150483833.1	superfamily	445893	475	551	0.00556034	36.5339	cl02706	Malt_amylase_C superfamily	 - 	 - 	No
Q#803 - WP_256981901.1	specific	274114	3	552	0.0	793.465	TIGR02402	trehalose_TreZ	 - 	cl38930	No
Q#803 - WP_256981901.1	specific	432205	508	599	3.14035e-07	48.4751	pfam11941	DUF3459	 - 	cl02706	No
Q#804 - WP_030024437.1	superfamily	442511	25	832	0.0	831.764	cl30295	TreY superfamily	 - 	 - 	No
Q#805 - WP_030587550.1	specific	200471	10	468	0.0	691.323	cd11332	AmyAc_OligoGlu_TS	 - 	cl38930	No
Q#805 - WP_030587550.1	specific	432205	454	531	0.000451406	39.2303	pfam11941	DUF3459	 - 	cl02706	No
Q#806 - WP_078619445.1	specific	200482	222	583	0.0	652.747	cd11344	AmyAc_GlgE_like	 - 	cl38930	No
Q#806 - WP_078619445.1	specific	463388	18	217	6.8047699999999995e-71	228.587	pfam11896	GlgE_dom_N_S	 - 	cl13354	No
Q#806 - WP_078619445.1	superfamily	445893	590	666	0.00677602	35.9861	cl02706	Malt_amylase_C superfamily	 - 	 - 	No
Q#807 - WP_030594400.1	specific	200485	8	398	0.0	605.772	cd11347	AmyAc_1	 - 	cl38930	No
Q#808 - WP_189748923.1	specific	441132	17	710	0.0	1310.06	COG1523	PulA	 - 	cl34294	No
Q#809 - WP_097218129.1	specific	200471	15	496	0.0	776.837	cd11332	AmyAc_OligoGlu_TS	 - 	cl38930	No
Q#810 - WP_094373157.1	specific	235445	52	771	0.0	1282.81	PRK05402	PRK05402	 - 	cl38930	No
Q#811 - WP_030720738.1	specific	274140	23	562	0.0	1008.89	TIGR02456	treS_nterm	 - 	cl37116	No
Q#812 - WP_130332472.1	specific	200482	240	596	0.0	699.741	cd11344	AmyAc_GlgE_like	 - 	cl38930	No
Q#812 - WP_130332472.1	specific	463388	49	235	1.5825299999999999e-80	254.011	pfam11896	GlgE_dom_N_S	 - 	cl13354	No
Q#812 - WP_130332472.1	superfamily	445893	603	680	7.82507e-05	41.3789	cl02706	Malt_amylase_C superfamily	 - 	 - 	No
Q#813 - WP_097249340.1	specific	235445	385	1108	0.0	1293.98	PRK05402	PRK05402	 - 	cl38930	No
Q#813 - WP_097249340.1	superfamily	369339	111	276	2.11418e-11	64.0294	cl22465	HC2 superfamily	 - 	 - 	No
Q#814 - WP_099963978.1	specific	200471	23	495	0.0	811.12	cd11332	AmyAc_OligoGlu_TS	 - 	cl38930	No
Q#814 - WP_099963978.1	specific	432205	477	557	1.85746e-06	46.1639	pfam11941	DUF3459	 - 	cl02706	No
Q#815 - WP_150499725.1	specific	441132	36	745	0.0	1160.22	COG1523	PulA	 - 	cl34294	No
Q#816 - WP_129266170.1	specific	441132	1	716	0.0	1265.38	COG1523	PulA	 - 	cl34294	No
Q#817 - WP_129813477.1	specific	274114	9	551	0.0	774.975	TIGR02402	trehalose_TreZ	 - 	cl38930	No
Q#818 - WP_190143414.1	specific	274114	3	549	0.0	738.381	TIGR02402	trehalose_TreZ	 - 	cl38930	No
Q#819 - WP_030234673.1	specific	274114	2	544	0.0	764.189	TIGR02402	trehalose_TreZ	 - 	cl38930	No
Q#820 - WP_373299768.1	superfamily	273974	23	877	0.0	936.938	cl37055	pullul_strch superfamily	 - 	 - 	No
Q#821 - WP_102911285.1	specific	441132	13	706	0.0	1308.52	COG1523	PulA	 - 	cl34294	No
Q#822 - WP_129773027.1	specific	200471	23	496	0.0	796.097	cd11332	AmyAc_OligoGlu_TS	 - 	cl38930	No
Q#822 - WP_129773027.1	specific	432205	478	558	4.93962e-05	42.3119	pfam11941	DUF3459	 - 	cl02706	No
Q#823 - WP_246430546.1	specific	274114	3	540	0.0	743.003	TIGR02402	trehalose_TreZ	 - 	cl38930	No
Q#824 - WP_159504207.1	specific	200471	26	477	0.0	797.253	cd11332	AmyAc_OligoGlu_TS	 - 	cl38930	No
Q#825 - WP_031055494.1	specific	200471	11	463	0.0	759.503	cd11332	AmyAc_OligoGlu_TS	 - 	cl38930	No
Q#825 - WP_031055494.1	specific	432205	444	529	0.00030122	40.0007	pfam11941	DUF3459	 - 	cl02706	No
Q#826 - WP_015657723.1	specific	274140	23	562	0.0	1030.85	TIGR02456	treS_nterm	 - 	cl37116	No
Q#827 - WP_208642988.1	specific	200471	6	475	0.0	735.236	cd11332	AmyAc_OligoGlu_TS	 - 	cl38930	No
Q#827 - WP_208642988.1	specific	432205	456	532	0.000599414	39.2303	pfam11941	DUF3459	 - 	cl02706	No
Q#828 - WP_104784653.1	specific	274114	2	544	0.0	800.783	TIGR02402	trehalose_TreZ	 - 	cl38930	No
Q#829 - WP_015033096.1	specific	200471	20	492	0.0	801.105	cd11332	AmyAc_OligoGlu_TS	 - 	cl38930	No
Q#830 - WP_104784849.1	specific	200471	19	500	0.0	719.828	cd11332	AmyAc_OligoGlu_TS	 - 	cl38930	No
Q#830 - WP_104784849.1	specific	432205	481	558	3.8302e-05	42.6971	pfam11941	DUF3459	 - 	cl02706	No
Q#831 - WP_125053480.1	specific	441132	1	776	0.0	1234.95	COG1523	PulA	 - 	cl34294	No
Q#832 - WP_159743308.1	specific	274140	23	568	0.0	1025.46	TIGR02456	treS_nterm	 - 	cl37116	No
Q#833 - WP_102926026.1	specific	441132	21	751	0.0	1161.76	COG1523	PulA	 - 	cl34294	No
Q#834 - WP_073732132.1	specific	274140	23	561	0.0	1035.47	TIGR02456	treS_nterm	 - 	cl37116	No
Q#835 - WP_078653821.1	specific	235445	54	777	0.0	1178.04	PRK05402	PRK05402	 - 	cl38930	No
Q#836 - WP_051829596.1	specific	441132	10	723	0.0	1203.36	COG1523	PulA	 - 	cl34294	No
Q#837 - WP_031048793.1	superfamily	274140	1	172	1.1514700000000001e-114	335.565	cl37116	treS_nterm superfamily	C	 - 	No
Q#838 - WP_150259479.1	specific	200482	195	557	0.0	674.318	cd11344	AmyAc_GlgE_like	 - 	cl38930	No
Q#838 - WP_150259479.1	specific	463388	3	190	2.69315e-71	228.973	pfam11896	GlgE_dom_N_S	 - 	cl13354	No
Q#838 - WP_150259479.1	superfamily	440065	526	595	0.000497783	43.2028	cl43092	GlgB superfamily	N	 - 	No
Q#838 - WP_150259479.1	superfamily	445893	564	641	0.00852042	35.6009	cl02706	Malt_amylase_C superfamily	 - 	 - 	No
Q#839 - WP_150483137.1	specific	441132	40	752	0.0	1165.61	COG1523	PulA	 - 	cl34294	No
Q#840 - WP_074991082.1	specific	200482	200	556	0.0	702.438	cd11344	AmyAc_GlgE_like	 - 	cl38930	No
Q#840 - WP_074991082.1	specific	463388	8	195	1.20493e-78	248.233	pfam11896	GlgE_dom_N_S	 - 	cl13354	No
Q#840 - WP_074991082.1	superfamily	445893	564	605	4.82199e-05	41.7641	cl02706	Malt_amylase_C superfamily	C	 - 	No
Q#841 - WP_150231814.1	specific	235445	12	737	0.0	1253.15	PRK05402	PRK05402	 - 	cl38930	No
Q#842 - WP_150505524.1	specific	274140	23	561	0.0	1028.54	TIGR02456	treS_nterm	 - 	cl37116	No
Q#843 - WP_045948385.1	superfamily	476817	22	644	0.0	689.615	cl38930	AmyAc_family superfamily	 - 	 - 	No
Q#844 - WP_097266528.1	specific	200471	28	510	0.0	776.837	cd11332	AmyAc_OligoGlu_TS	 - 	cl38930	No
Q#844 - WP_097266528.1	superfamily	445893	491	565	0.00253437	37.3043	cl02706	Malt_amylase_C superfamily	 - 	 - 	No
Q#845 - WP_055603536.1	specific	200471	20	491	0.0	793.401	cd11332	AmyAc_OligoGlu_TS	 - 	cl38930	No
Q#846 - WP_373304028.1	specific	441132	82	791	0.0	1147.51	COG1523	PulA	 - 	cl34294	No
Q#847 - WP_164428855.1	specific	200471	6	487	0.0	750.258	cd11332	AmyAc_OligoGlu_TS	 - 	cl38930	No
Q#847 - WP_164428855.1	specific	432205	468	544	2.42241e-06	45.7787	pfam11941	DUF3459	 - 	cl02706	No
Q#848 - WP_244190404.1	superfamily	476817	246	398	1.67241e-115	340.735	cl38930	AmyAc_family superfamily	C	 - 	No
Q#848 - WP_244190404.1	specific	463388	54	241	2.39766e-84	254.781	pfam11896	GlgE_dom_N_S	 - 	cl13354	No
Q#849 - WP_031192359.1	specific	200471	12	475	0.0	697.101	cd11332	AmyAc_OligoGlu_TS	 - 	cl38930	No
Q#849 - WP_031192359.1	specific	432205	458	535	7.84474e-05	41.5415	pfam11941	DUF3459	 - 	cl02706	No
Q#850 - WP_030368081.1	specific	274140	23	568	0.0	1021.99	TIGR02456	treS_nterm	 - 	cl37116	No
Q#851 - WP_181798352.1	superfamily	274140	1	307	0.0	580.938	cl37116	treS_nterm superfamily	N	 - 	No
Q#852 - WP_055629119.1	specific	441132	13	706	0.0	1269.23	COG1523	PulA	 - 	cl34294	No
Q#853 - WP_010060088.1	specific	235445	90	808	0.0	1302.46	PRK05402	PRK05402	 - 	cl38930	No
Q#854 - WP_129262394.1	specific	200471	23	495	0.0	818.824	cd11332	AmyAc_OligoGlu_TS	 - 	cl38930	No
Q#854 - WP_129262394.1	specific	432205	476	556	2.29732e-05	43.0823	pfam11941	DUF3459	 - 	cl02706	No
Q#855 - WP_150265001.1	superfamily	274113	11	778	0.0	838.598	cl30297	trehalose_TreY superfamily	 - 	 - 	No
Q#856 - WP_030859232.1	specific	200471	27	499	0.0	818.824	cd11332	AmyAc_OligoGlu_TS	 - 	cl38930	No
Q#856 - WP_030859232.1	specific	432205	481	561	2.82517e-05	42.6971	pfam11941	DUF3459	 - 	cl02706	No
Q#857 - WP_153542937.1	specific	274140	22	561	0.0	1027.77	TIGR02456	treS_nterm	 - 	cl37116	No
Q#858 - WP_063781451.1	specific	200482	195	555	0.0	679.326	cd11344	AmyAc_GlgE_like	 - 	cl38930	No
Q#858 - WP_063781451.1	specific	463388	2	190	4.4260800000000004e-82	257.092	pfam11896	GlgE_dom_N_S	 - 	cl13354	No
Q#858 - WP_063781451.1	superfamily	445893	563	639	5.09429e-06	44.8457	cl02706	Malt_amylase_C superfamily	 - 	 - 	No
Q#859 - WP_125212360.1	specific	441132	13	708	0.0	1321.62	COG1523	PulA	 - 	cl34294	No
Q#860 - WP_018383165.1	specific	441132	1	705	0.0	1293.5	COG1523	PulA	 - 	cl34294	No
Q#861 - WP_052856545.1	specific	235445	14	736	0.0	1250.46	PRK05402	PRK05402	 - 	cl38930	No
Q#862 - WP_030853830.1	specific	441132	13	706	0.0	1316.22	COG1523	PulA	 - 	cl34294	No
Q#863 - WP_020942347.1	specific	441132	37	746	0.0	1176.01	COG1523	PulA	 - 	cl34294	No
Q#864 - WP_229883317.1	specific	200482	195	555	0.0	684.718	cd11344	AmyAc_GlgE_like	 - 	cl38930	No
Q#864 - WP_229883317.1	specific	463388	2	190	1.33369e-75	240.143	pfam11896	GlgE_dom_N_S	 - 	cl13354	No
Q#864 - WP_229883317.1	superfamily	445893	563	639	5.40705e-05	41.7641	cl02706	Malt_amylase_C superfamily	 - 	 - 	No
Q#865 - WP_237524931.1	superfamily	274140	1	167	5.49766e-113	330.943	cl37116	treS_nterm superfamily	C	 - 	No
Q#866 - WP_053923898.1	superfamily	442511	9	822	0.0	902.255	cl30295	TreY superfamily	 - 	 - 	No
Q#867 - WP_157873295.1	superfamily	273974	225	1078	0.0	1021.3	cl37055	pullul_strch superfamily	 - 	 - 	No
Q#867 - WP_157873295.1	specific	461022	10	106	9.27502e-31	116.316	pfam03714	PUD	 - 	cl47835	No
Q#867 - WP_157873295.1	specific	199215	120	212	1.09501e-30	116.278	cd10315	CBM41_pullulanase	 - 	cl47018	No
Q#868 - WP_003980308.1	specific	200471	5	456	0.0	650.877	cd11332	AmyAc_OligoGlu_TS	 - 	cl38930	No
Q#868 - WP_003980308.1	specific	432205	440	532	0.000465772	39.2303	pfam11941	DUF3459	 - 	cl02706	No
Q#869 - WP_221509701.1	superfamily	274113	11	785	0.0	863.251	cl30297	trehalose_TreY superfamily	 - 	 - 	No
Q#870 - WP_126395903.1	superfamily	274113	11	780	0.0	877.118	cl30297	trehalose_TreY superfamily	 - 	 - 	No
Q#871 - WP_078871344.1	specific	235445	45	768	0.0	1240.06	PRK05402	PRK05402	 - 	cl38930	No
Q#872 - WP_078970662.1	specific	235445	42	765	0.0	1241.6	PRK05402	PRK05402	 - 	cl38930	No
Q#873 - WP_016573157.1	specific	200471	37	482	0.0	755.651	cd11332	AmyAc_OligoGlu_TS	 - 	cl38930	No
Q#873 - WP_016573157.1	superfamily	445893	464	540	0.00204498	37.6895	cl02706	Malt_amylase_C superfamily	 - 	 - 	No
Q#874 - WP_100452969.1	specific	200471	21	487	0.0	809.194	cd11332	AmyAc_OligoGlu_TS	 - 	cl38930	No
Q#874 - WP_100452969.1	superfamily	445893	468	551	0.00300499	36.9191	cl02706	Malt_amylase_C superfamily	 - 	 - 	No
Q#875 - WP_053788941.1	specific	441132	23	704	0.0	991.5	COG1523	PulA	 - 	cl34294	No
Q#876 - WP_164438475.1	specific	235445	28	738	0.0	1264.71	PRK05402	PRK05402	 - 	cl38930	No
Q#877 - WP_007379723.1	specific	200482	200	552	0.0	720.157	cd11344	AmyAc_GlgE_like	 - 	cl38930	No
Q#877 - WP_007379723.1	specific	463388	8	195	5.7940999999999995e-81	254.011	pfam11896	GlgE_dom_N_S	 - 	cl13354	No
Q#877 - WP_007379723.1	superfamily	445893	560	601	9.58578e-06	43.6901	cl02706	Malt_amylase_C superfamily	C	 - 	No
Q#878 - WP_164458484.1	specific	200471	5	479	0.0	738.702	cd11332	AmyAc_OligoGlu_TS	 - 	cl38930	No
Q#878 - WP_164458484.1	specific	432205	460	537	0.000381035	39.6155	pfam11941	DUF3459	 - 	cl02706	No
Q#879 - WP_030280023.1	specific	441132	1	706	0.0	1257.29	COG1523	PulA	 - 	cl34294	No
Q#880 - WP_037652831.1	specific	200471	24	514	0.0	803.416	cd11332	AmyAc_OligoGlu_TS	 - 	cl38930	No
Q#880 - WP_037652831.1	specific	432205	495	575	2.06481e-05	43.4675	pfam11941	DUF3459	 - 	cl02706	No
Q#881 - WP_215211326.1	specific	441132	42	752	0.0	1152.13	COG1523	PulA	 - 	cl34294	No
Q#882 - WP_189852848.1	superfamily	274113	3	770	0.0	803.93	cl30297	trehalose_TreY superfamily	 - 	 - 	No
Q#883 - WP_033266773.1	specific	200482	195	556	0.0	680.866	cd11344	AmyAc_GlgE_like	 - 	cl38930	No
Q#883 - WP_033266773.1	specific	463388	3	190	3.27003e-82	257.477	pfam11896	GlgE_dom_N_S	 - 	cl13354	No
Q#883 - WP_033266773.1	superfamily	440065	527	598	0.00285843	40.8916	cl43092	GlgB superfamily	N	 - 	No
Q#884 - WP_128502496.1	specific	200471	43	526	0.0	724.45	cd11332	AmyAc_OligoGlu_TS	 - 	cl38930	No
Q#884 - WP_128502496.1	specific	432205	507	583	2.71148e-06	45.7787	pfam11941	DUF3459	 - 	cl02706	No
Q#885 - WP_151787469.1	specific	200482	208	564	0.0	701.667	cd11344	AmyAc_GlgE_like	 - 	cl38930	No
Q#885 - WP_151787469.1	specific	463388	16	203	3.36532e-75	239.373	pfam11896	GlgE_dom_N_S	 - 	cl13354	No
Q#885 - WP_151787469.1	superfamily	445893	572	613	0.000383074	39.4529	cl02706	Malt_amylase_C superfamily	C	 - 	No
Q#886 - WP_039632647.1	specific	441132	21	751	0.0	1158.68	COG1523	PulA	 - 	cl34294	No
Q#887 - WP_030808180.1	superfamily	476817	240	397	6.49095e-116	341.891	cl38930	AmyAc_family superfamily	C	 - 	No
Q#887 - WP_030808180.1	specific	463388	49	235	1.02023e-80	245.536	pfam11896	GlgE_dom_N_S	 - 	cl13354	No
Q#888 - WP_129768874.1	specific	441132	1	704	0.0	1273.08	COG1523	PulA	 - 	cl34294	No
Q#889 - WP_217242774.1	specific	235445	24	736	0.0	1253.92	PRK05402	PRK05402	 - 	cl38930	No
Q#890 - WP_189813897.1	specific	274114	2	544	0.0	825.821	TIGR02402	trehalose_TreZ	 - 	cl38930	No
Q#891 - WP_162469738.1	specific	441132	16	711	0.0	1304.28	COG1523	PulA	 - 	cl34294	No
Q#892 - WP_126918226.1	specific	235445	13	730	0.0	1252.38	PRK05402	PRK05402	 - 	cl38930	No
Q#893 - WP_077800062.1	specific	200471	11	474	0.0	719.442	cd11332	AmyAc_OligoGlu_TS	 - 	cl38930	No
Q#893 - WP_077800062.1	specific	432205	455	532	1.26615e-06	46.5491	pfam11941	DUF3459	 - 	cl02706	No
Q#894 - WP_097214720.1	specific	200482	200	556	0.0	711.682	cd11344	AmyAc_GlgE_like	 - 	cl38930	No
Q#894 - WP_097214720.1	specific	463388	8	195	3.98855e-80	252.085	pfam11896	GlgE_dom_N_S	 - 	cl13354	No
Q#894 - WP_097214720.1	superfamily	445893	564	640	0.00237957	37.1417	cl02706	Malt_amylase_C superfamily	 - 	 - 	No
Q#895 - WP_189277564.1	specific	200471	23	495	0.0	816.513	cd11332	AmyAc_OligoGlu_TS	 - 	cl38930	No
Q#895 - WP_189277564.1	specific	432205	476	556	0.000360818	39.6155	pfam11941	DUF3459	 - 	cl02706	No
Q#896 - WP_030217585.1	specific	200473	10	460	0.0	636.529	cd11334	AmyAc_TreS	 - 	cl38930	No
Q#896 - WP_030217585.1	specific	435493	474	548	4.08518e-08	50.2385	pfam16657	Malt_amylase_C	 - 	cl02706	No
Q#897 - WP_030252412.1	specific	441132	1	707	0.0	1274.24	COG1523	PulA	 - 	cl34294	No
Q#898 - WP_086562678.1	specific	441132	46	747	0.0	1154.05	COG1523	PulA	 - 	cl34294	No
Q#899 - WP_208033336.1	specific	200471	14	495	0.0	770.289	cd11332	AmyAc_OligoGlu_TS	 - 	cl38930	No
Q#899 - WP_208033336.1	specific	432205	476	551	0.000581194	39.2303	pfam11941	DUF3459	 - 	cl02706	No
Q#900 - WP_229886160.1	specific	200471	12	475	0.0	683.619	cd11332	AmyAc_OligoGlu_TS	 - 	cl38930	No
Q#900 - WP_229886160.1	specific	432205	456	533	0.000106795	41.1563	pfam11941	DUF3459	 - 	cl02706	No
Q#901 - WP_161371230.1	specific	200472	15	482	0.0	767.004	cd11333	AmyAc_SI_OligoGlu_DGase	 - 	cl38930	No
Q#901 - WP_161371230.1	specific	435493	489	561	2.17535e-09	54.0905	pfam16657	Malt_amylase_C	 - 	cl02706	No
Q#902 - WP_053138936.1	specific	274114	2	544	0.0	831.599	TIGR02402	trehalose_TreZ	 - 	cl38930	No
Q#903 - WP_014055008.1	specific	200482	195	533	0.0	641.576	cd11344	AmyAc_GlgE_like	 - 	cl38930	No
Q#903 - WP_014055008.1	specific	463388	3	190	2.9782e-86	267.878	pfam11896	GlgE_dom_N_S	 - 	cl13354	No
Q#903 - WP_014055008.1	superfamily	445893	564	640	0.000296478	39.8381	cl02706	Malt_amylase_C superfamily	 - 	 - 	No
Q#904 - WP_190095561.1	specific	200471	27	499	0.0	824.602	cd11332	AmyAc_OligoGlu_TS	 - 	cl38930	No
Q#904 - WP_190095561.1	specific	432205	481	561	4.9686e-06	45.0083	pfam11941	DUF3459	 - 	cl02706	No
Q#905 - WP_141207015.1	specific	200482	236	588	0.0	714.764	cd11344	AmyAc_GlgE_like	 - 	cl38930	No
Q#905 - WP_141207015.1	specific	463388	44	231	3.99066e-75	239.758	pfam11896	GlgE_dom_N_S	 - 	cl13354	No
Q#905 - WP_141207015.1	superfamily	445893	595	672	0.000136578	40.6085	cl02706	Malt_amylase_C superfamily	 - 	 - 	No
Q#906 - WP_107453522.1	specific	274114	2	544	0.0	800.783	TIGR02402	trehalose_TreZ	 - 	cl38930	No
Q#907 - WP_184976108.1	specific	200482	244	600	0.0	696.274	cd11344	AmyAc_GlgE_like	 - 	cl38930	No
Q#907 - WP_184976108.1	specific	463388	53	239	3.95992e-82	258.248	pfam11896	GlgE_dom_N_S	 - 	cl13354	No
Q#907 - WP_184976108.1	superfamily	236759	571	658	0.000646013	43.072	cl35948	PRK10785 superfamily	N	 - 	No
Q#908 - WP_199820193.1	specific	200471	18	492	0.0	750.644	cd11332	AmyAc_OligoGlu_TS	 - 	cl38930	No
Q#908 - WP_199820193.1	specific	432205	473	547	1.82815e-05	43.4675	pfam11941	DUF3459	 - 	cl02706	No
Q#909 - WP_163041481.1	specific	235445	27	737	0.0	1239.67	PRK05402	PRK05402	 - 	cl38930	No
Q#910 - WP_109495225.1	specific	274114	2	544	0.0	812.725	TIGR02402	trehalose_TreZ	 - 	cl38930	No
Q#911 - WP_033204442.1	specific	274140	23	562	0.0	1008.51	TIGR02456	treS_nterm	 - 	cl37116	No
Q#912 - WP_164395342.1(Warning: this sequence record may be obsolete or preliminary)	superfamily	274113	23	792	0.0	884.052	cl30297	trehalose_TreY superfamily	 - 	 - 	No
Q#913 - WP_145491237.1	specific	235445	22	735	0.0	1240.83	PRK05402	PRK05402	 - 	cl38930	No
Q#914 - WP_031019363.1	specific	441132	13	706	0.0	1324.31	COG1523	PulA	 - 	cl34294	No
Q#915 - WP_003971201.1	specific	200471	10	468	0.0	694.019	cd11332	AmyAc_OligoGlu_TS	 - 	cl38930	No
Q#915 - WP_003971201.1	specific	432205	454	531	2.24549e-07	48.8603	pfam11941	DUF3459	 - 	cl02706	No
Q#916 - WP_164461008.1	specific	274140	23	561	0.0	1027.77	TIGR02456	treS_nterm	 - 	cl37116	No
Q#917 - WP_077797434.1	specific	441132	11	707	0.0	1322.39	COG1523	PulA	 - 	cl34294	No
Q#918 - WP_189739458.1	specific	441132	1	702	0.0	1264.99	COG1523	PulA	 - 	cl34294	No
Q#919 - WP_171990738.1	specific	235445	169	892	0.0	1312.09	PRK05402	PRK05402	 - 	cl38930	No
Q#919 - WP_171990738.1	specific	369339	32	168	3.8581e-22	94.8454	pfam07382	HC2	C	cl22465	No
Q#920 - WP_125659486.1	specific	274114	3	545	0.0	779.983	TIGR02402	trehalose_TreZ	 - 	cl38930	No
Q#921 - WP_102911362.1	superfamily	274113	11	786	0.0	934.898	cl30297	trehalose_TreY superfamily	 - 	 - 	No
Q#922 - WP_125624507.1	specific	235445	87	821	0.0	1285.9	PRK05402	PRK05402	 - 	cl38930	No
Q#923 - WP_145871079.1	specific	441132	13	706	0.0	1315.45	COG1523	PulA	 - 	cl34294	No
Q#924 - WP_059085142.1	specific	274140	16	553	0.0	1027.77	TIGR02456	treS_nterm	 - 	cl37116	No
Q#925 - WP_217213368.1	specific	441132	1	707	0.0	1264.61	COG1523	PulA	 - 	cl34294	No
Q#926 - WP_093478161.1	specific	200471	23	495	0.0	817.283	cd11332	AmyAc_OligoGlu_TS	 - 	cl38930	No
Q#926 - WP_093478161.1	specific	432205	477	557	0.000150676	40.7711	pfam11941	DUF3459	 - 	cl02706	No
Q#927 - WP_125053500.1	specific	274114	3	579	0.0	778.827	TIGR02402	trehalose_TreZ	 - 	cl38930	No
Q#928 - WP_129266169.1	superfamily	274113	3	791	0.0	867.488	cl30297	trehalose_TreY superfamily	 - 	 - 	No
Q#929 - WP_020873883.1	specific	200471	12	470	0.0	674.759	cd11332	AmyAc_OligoGlu_TS	 - 	cl38930	No
Q#929 - WP_020873883.1	specific	432205	453	530	6.02435e-05	41.9267	pfam11941	DUF3459	 - 	cl02706	No
Q#930 - WP_030828623.1	specific	441132	39	750	0.0	1169.08	COG1523	PulA	 - 	cl34294	No
Q#931 - WP_030720744.1	specific	235445	63	780	0.0	1292.83	PRK05402	PRK05402	 - 	cl38930	No
Q#932 - WP_150499740.1	specific	235445	159	883	0.0	1286.28	PRK05402	PRK05402	 - 	cl38930	No
Q#933 - WP_190143409.1	superfamily	442511	9	819	0.0	856.031	cl30295	TreY superfamily	 - 	 - 	No
Q#934 - WP_189296440.1	specific	274114	3	535	0.0	742.233	TIGR02402	trehalose_TreZ	 - 	cl38930	No
Q#935 - WP_225994654.1	specific	235445	266	990	0.0	1305.54	PRK05402	PRK05402	 - 	cl38930	No
Q#935 - WP_225994654.1	specific	466279	108	138	0.000934725	40.2887	pfam20069	DUF6465	NC	cl45447	No
Q#936 - WP_030741458.1	specific	235445	22	733	0.0	1253.92	PRK05402	PRK05402	 - 	cl38930	No
Q#937 - WP_062021821.1	specific	441132	1	706	0.0	1269.61	COG1523	PulA	 - 	cl34294	No
Q#938 - WP_125193062.1	specific	441132	33	742	0.0	1175.24	COG1523	PulA	 - 	cl34294	No
Q#939 - WP_260470861.1	specific	235445	8	733	0.0	1258.55	PRK05402	PRK05402	 - 	cl38930	No
Q#940 - WP_126398195.1	specific	235445	23	737	0.0	1245.83	PRK05402	PRK05402	 - 	cl38930	No
Q#941 - WP_015663028.1	specific	441132	13	706	0.0	1332.4	COG1523	PulA	 - 	cl34294	No
Q#942 - WP_097270197.1	specific	274114	2	544	0.0	830.058	TIGR02402	trehalose_TreZ	 - 	cl38930	No
Q#943 - WP_210975511.1	specific	235445	28	738	0.0	1260.47	PRK05402	PRK05402	 - 	cl38930	No
Q#944 - WP_018386765.1	specific	200471	12	488	0.0	695.56	cd11332	AmyAc_OligoGlu_TS	 - 	cl38930	No
Q#945 - WP_031020059.1	specific	441132	44	752	0.0	1159.83	COG1523	PulA	 - 	cl34294	No
Q#946 - WP_126274448.1	specific	274140	23	562	0.0	1041.25	TIGR02456	treS_nterm	 - 	cl37116	No
Q#947 - WP_030205853.1	specific	200471	20	492	0.0	783.0	cd11332	AmyAc_OligoGlu_TS	 - 	cl38930	No
Q#947 - WP_030205853.1	specific	432205	473	553	0.000306828	40.0007	pfam11941	DUF3459	 - 	cl02706	No
Q#948 - WP_240529264.1	specific	200471	10	491	0.0	777.993	cd11332	AmyAc_OligoGlu_TS	 - 	cl38930	No
Q#949 - WP_133886293.1	superfamily	274113	26	799	0.0	895.993	cl30297	trehalose_TreY superfamily	 - 	 - 	No
Q#950 - WP_193433580.1	specific	200471	6	475	0.0	727.532	cd11332	AmyAc_OligoGlu_TS	 - 	cl38930	No
Q#950 - WP_193433580.1	specific	432205	456	532	0.000380165	39.6155	pfam11941	DUF3459	 - 	cl02706	No
Q#951 - WP_125822544.1	specific	235445	45	761	0.0	1270.87	PRK05402	PRK05402	 - 	cl38930	No
Q#952 - WP_069778083.1	superfamily	274113	2	775	0.0	854.777	cl30297	trehalose_TreY superfamily	 - 	 - 	No
Q#953 - WP_182468863.1	specific	200471	22	494	0.0	781.845	cd11332	AmyAc_OligoGlu_TS	 - 	cl38930	No
Q#953 - WP_182468863.1	specific	432205	475	554	6.36842e-06	44.6231	pfam11941	DUF3459	 - 	cl02706	No
Q#954 - WP_030838980.1	superfamily	274113	11	786	0.0	936.824	cl30297	trehalose_TreY superfamily	 - 	 - 	No
Q#955 - WP_031183571.1	specific	200471	12	469	0.0	702.109	cd11332	AmyAc_OligoGlu_TS	 - 	cl38930	No
Q#955 - WP_031183571.1	superfamily	445893	459	533	0.00216303	37.3043	cl02706	Malt_amylase_C superfamily	 - 	 - 	No
Q#956 - WP_151786834.1	specific	200471	10	467	0.0	678.226	cd11332	AmyAc_OligoGlu_TS	 - 	cl38930	No
Q#956 - WP_151786834.1	superfamily	445893	457	531	0.00414508	36.5339	cl02706	Malt_amylase_C superfamily	 - 	 - 	No
Q#957 - WP_229893751.1	specific	235445	104	826	0.0	1252.0	PRK05402	PRK05402	 - 	cl38930	No
Q#957 - WP_229893751.1	superfamily	223065	53	116	0.00273749	41.5912	cl33729	PHA03378 superfamily	NC	 - 	No
Q#958 - WP_030348666.1	specific	200471	12	467	0.0	685.16	cd11332	AmyAc_OligoGlu_TS	 - 	cl38930	No
Q#958 - WP_030348666.1	specific	432205	459	533	0.000100717	41.1563	pfam11941	DUF3459	 - 	cl02706	No
Q#959 - WP_020942333.1	specific	274140	23	562	0.0	1035.86	TIGR02456	treS_nterm	 - 	cl37116	No
Q#960 - WP_212671840.1	specific	200485	2	390	0.0	594.987	cd11347	AmyAc_1	 - 	cl38930	No
Q#961 - WP_254664771.1	superfamily	274140	23	257	2.92084e-160	455.362	cl37116	treS_nterm superfamily	C	 - 	No
Q#962 - WP_071375303.1	specific	200471	14	495	0.0	762.585	cd11332	AmyAc_OligoGlu_TS	 - 	cl38930	No
Q#962 - WP_071375303.1	specific	432205	476	551	0.000243666	40.3859	pfam11941	DUF3459	 - 	cl02706	No
Q#963 - WP_167551625.1	specific	200471	22	503	0.0	768.748	cd11332	AmyAc_OligoGlu_TS	 - 	cl38930	No
Q#963 - WP_167551625.1	specific	432205	484	558	2.796e-07	48.4751	pfam11941	DUF3459	 - 	cl02706	No
Q#964 - WP_052856656.1	specific	274114	3	568	0.0	702.943	TIGR02402	trehalose_TreZ	 - 	cl38930	No
Q#965 - WP_161366040.1	specific	200482	242	598	0.0	708.216	cd11344	AmyAc_GlgE_like	 - 	cl38930	No
Q#965 - WP_161366040.1	specific	463388	49	237	7.95386e-81	254.011	pfam11896	GlgE_dom_N_S	 - 	cl13354	No
Q#965 - WP_161366040.1	superfamily	440065	572	636	9.20274e-05	45.514	cl43092	GlgB superfamily	N	 - 	No
Q#965 - WP_161366040.1	superfamily	445893	606	670	0.00628027	35.9861	cl02706	Malt_amylase_C superfamily	C	 - 	No
Q#966 - WP_190902657.1	specific	274140	22	562	0.0	1038.17	TIGR02456	treS_nterm	 - 	cl37116	No
Q#967 - WP_037908366.1	specific	200471	5	466	0.0	683.234	cd11332	AmyAc_OligoGlu_TS	 - 	cl38930	No
Q#967 - WP_037908366.1	specific	432205	449	524	3.07688e-06	45.3935	pfam11941	DUF3459	 - 	cl02706	No
Q#968 - WP_177239912.1	specific	200471	7	475	0.0	719.057	cd11332	AmyAc_OligoGlu_TS	 - 	cl38930	No
Q#968 - WP_177239912.1	specific	432205	456	532	1.84513e-05	43.4675	pfam11941	DUF3459	 - 	cl02706	No
Q#969 - WP_019060873.1	specific	441132	49	761	0.0	1169.85	COG1523	PulA	 - 	cl34294	No
Q#970 - WP_188292766.1	specific	200472	11	486	0.0	774.323	cd11333	AmyAc_SI_OligoGlu_DGase	 - 	cl38930	No
Q#970 - WP_188292766.1	specific	432205	477	569	3.66197e-06	45.3935	pfam11941	DUF3459	 - 	cl02706	No
Q#971 - WP_189721548.1	superfamily	274113	11	786	0.0	922.957	cl30297	trehalose_TreY superfamily	 - 	 - 	No
Q#972 - WP_184764015.1	specific	441132	38	750	0.0	1154.44	COG1523	PulA	 - 	cl34294	No
Q#973 - WP_210918495.1	superfamily	273974	6	489	0.0	654.586	cl37055	pullul_strch superfamily	N	 - 	No
Q#974 - WP_148024843.1(Warning: this sequence record may be obsolete or preliminary)	specific	441132	13	709	0.0	1300.82	COG1523	PulA	 - 	cl34294	No
Q#975 - WP_030811709.1	specific	235445	2	724	0.0	1255.08	PRK05402	PRK05402	 - 	cl38930	No
Q#976 - WP_059148553.1	specific	200482	195	533	0.0	645.428	cd11344	AmyAc_GlgE_like	 - 	cl38930	No
Q#976 - WP_059148553.1	specific	463388	3	190	6.47668e-87	269.804	pfam11896	GlgE_dom_N_S	 - 	cl13354	No
Q#976 - WP_059148553.1	superfamily	445893	564	640	0.000864159	38.2973	cl02706	Malt_amylase_C superfamily	 - 	 - 	No
Q#977 - WP_190225154.1	specific	200471	21	487	0.0	788.778	cd11332	AmyAc_OligoGlu_TS	 - 	cl38930	No
Q#977 - WP_190225154.1	superfamily	445893	469	549	0.00287858	37.3043	cl02706	Malt_amylase_C superfamily	 - 	 - 	No
Q#978 - WP_075972199.1	specific	441132	12	720	0.0	1148.66	COG1523	PulA	 - 	cl34294	No
Q#979 - WP_128983305.1	specific	200471	20	491	0.0	824.987	cd11332	AmyAc_OligoGlu_TS	 - 	cl38930	No
Q#979 - WP_128983305.1	specific	432205	473	553	9.57816e-06	44.2379	pfam11941	DUF3459	 - 	cl02706	No
Q#980 - WP_150487580.1	specific	235445	153	872	0.0	1292.83	PRK05402	PRK05402	 - 	cl38930	No
Q#981 - WP_189729885.1	specific	441132	13	706	0.0	1308.9	COG1523	PulA	 - 	cl34294	No
Q#982 - WP_147872726.1	specific	200471	23	496	0.0	757.962	cd11332	AmyAc_OligoGlu_TS	 - 	cl38930	No
Q#983 - WP_097270209.1	specific	441132	1	703	0.0	1271.15	COG1523	PulA	 - 	cl34294	No
Q#984 - WP_071370235.1	specific	200471	24	496	0.0	787.238	cd11332	AmyAc_OligoGlu_TS	 - 	cl38930	No
Q#984 - WP_071370235.1	specific	432205	478	558	2.72578e-07	48.4751	pfam11941	DUF3459	 - 	cl02706	No
Q#985 - WP_190223377.1	specific	274140	24	563	0.0	1010.44	TIGR02456	treS_nterm	 - 	cl37116	No
Q#986 - WP_037880507.1	specific	441132	1	716	0.0	1263.45	COG1523	PulA	 - 	cl34294	No
Q#987 - WP_151786468.1	specific	441132	1	708	0.0	1270.0	COG1523	PulA	 - 	cl34294	No
Q#988 - WP_150517334.1	superfamily	442511	19	757	0.0	789.392	cl30295	TreY superfamily	 - 	 - 	No
Q#989 - WP_097270957.1	specific	200471	6	455	0.0	701.338	cd11332	AmyAc_OligoGlu_TS	 - 	cl38930	No
Q#989 - WP_097270957.1	superfamily	445893	445	519	0.00640052	36.1487	cl02706	Malt_amylase_C superfamily	 - 	 - 	No
Q#990 - WP_232817207.1	specific	200471	28	495	0.0	751.414	cd11332	AmyAc_OligoGlu_TS	 - 	cl38930	No
Q#990 - WP_232817207.1	specific	432205	481	556	4.91519e-06	45.0083	pfam11941	DUF3459	 - 	cl02706	No
Q#991 - WP_029180768.1	superfamily	274113	11	786	0.0	929.89	cl30297	trehalose_TreY superfamily	 - 	 - 	No
Q#992 - WP_055551760.1	specific	274140	23	568	0.0	1033.55	TIGR02456	treS_nterm	 - 	cl37116	No
Q#993 - WP_185015004.1	specific	441132	13	706	0.0	1312.76	COG1523	PulA	 - 	cl34294	No
Q#994 - WP_037838507.1	specific	200471	43	517	0.0	730.228	cd11332	AmyAc_OligoGlu_TS	 - 	cl38930	No
Q#995 - WP_246101213.1	superfamily	274113	3	772	0.0	894.452	cl30297	trehalose_TreY superfamily	 - 	 - 	No
Q#996 - WP_109163013.1	specific	274114	2	544	0.0	818.502	TIGR02402	trehalose_TreZ	 - 	cl38930	No
Q#997 - WP_048820660.1	specific	274140	23	561	0.0	1036.24	TIGR02456	treS_nterm	 - 	cl37116	No
Q#998 - WP_207229106.1	superfamily	274113	11	781	0.0	866.333	cl30297	trehalose_TreY superfamily	 - 	 - 	No
Q#999 - WP_141207469.1	specific	274114	2	544	0.0	811.184	TIGR02402	trehalose_TreZ	 - 	cl38930	No
Q#1 - WP_007502260.1	specific	441132	1	723	0.0	1250.74	COG1523	PulA	 - 	cl34294	No
Q#2 - WP_048819786.1	specific	235445	1	550	0.0	1030.51	PRK05402	PRK05402	N	cl38930	No
Q#3 - WP_099968971.1	superfamily	476817	15	449	0.0	695.593	cl38930	AmyAc_family superfamily	 - 	 - 	No
Q#4 - WP_175434834.1	specific	441132	40	747	0.0	1158.29	COG1523	PulA	 - 	cl34294	No
Q#5 - WP_055539765.1	specific	235445	28	745	0.0	1274.72	PRK05402	PRK05402	 - 	cl38930	No
Q#6 - WP_189296353.1	specific	200471	14	495	0.0	759.888	cd11332	AmyAc_OligoGlu_TS	 - 	cl38930	No
Q#6 - WP_189296353.1	specific	432205	476	551	1.46328e-05	43.8527	pfam11941	DUF3459	 - 	cl02706	No
Q#7 - WP_033300174.1	superfamily	274113	3	791	0.0	865.177	cl30297	trehalose_TreY superfamily	 - 	 - 	No
Q#8 - WP_052860390.1	specific	200471	21	473	0.0	794.942	cd11332	AmyAc_OligoGlu_TS	 - 	cl38930	No
Q#8 - WP_052860390.1	specific	432205	455	540	1.20168e-06	46.5491	pfam11941	DUF3459	 - 	cl02706	No
Q#9 - WP_260609546.1	superfamily	476817	1	228	1.48941e-112	333.858	cl38930	AmyAc_family superfamily	N	 - 	No
Q#9 - WP_260609546.1	superfamily	445893	245	305	0.00430305	35.7635	cl02706	Malt_amylase_C superfamily	N	 - 	No
Q#10 - WP_093631143.1	specific	200485	8	399	0.0	627.729	cd11347	AmyAc_1	 - 	cl38930	No
Q#11 - WP_229868597.1	specific	200471	10	484	0.0	741.784	cd11332	AmyAc_OligoGlu_TS	 - 	cl38930	No
Q#11 - WP_229868597.1	specific	432205	465	540	0.000106437	41.1563	pfam11941	DUF3459	 - 	cl02706	No
Q#12 - WP_030875826.1	specific	200471	20	497	0.0	738.702	cd11332	AmyAc_OligoGlu_TS	 - 	cl38930	No
Q#12 - WP_030875826.1	specific	432205	478	557	4.016e-05	42.3119	pfam11941	DUF3459	 - 	cl02706	No
Q#13 - WP_239581026.1	specific	441132	2	703	0.0	1147.89	COG1523	PulA	 - 	cl34294	No
Q#14 - WP_184986016.1	specific	200471	22	503	0.0	791.86	cd11332	AmyAc_OligoGlu_TS	 - 	cl38930	No
Q#14 - WP_184986016.1	specific	432205	484	558	1.99198e-05	43.4675	pfam11941	DUF3459	 - 	cl02706	No
Q#15 - WP_136232045.1	specific	200471	21	496	0.0	702.494	cd11332	AmyAc_OligoGlu_TS	 - 	cl38930	No
Q#15 - WP_136232045.1	specific	432205	477	553	7.17029e-07	47.3195	pfam11941	DUF3459	 - 	cl02706	No
Q#16 - WP_217134594.1	specific	441132	1	710	0.0	1272.31	COG1523	PulA	 - 	cl34294	No
Q#17 - WP_031044928.1	specific	200471	12	472	0.0	711.738	cd11332	AmyAc_OligoGlu_TS	 - 	cl38930	No
Q#17 - WP_031044928.1	specific	432205	455	532	2.64097e-07	48.4751	pfam11941	DUF3459	 - 	cl02706	No
Q#18 - WP_020114640.1	specific	274140	23	567	0.0	1022.76	TIGR02456	treS_nterm	 - 	cl37116	No
Q#19 - WP_118082378.1	superfamily	274113	11	780	0.0	904.852	cl30297	trehalose_TreY superfamily	 - 	 - 	No
Q#20 - WP_253914563.1	specific	200456	14	355	1.8163300000000003e-176	496.315	cd11317	AmyAc_bac_euk_AmyA	 - 	cl38930	No
Q#20 - WP_253914563.1	specific	214749	361	436	1.12032e-23	93.8416	smart00632	Aamy_C	 - 	cl02706	No
Q#21 - WP_043376225.1	specific	200482	200	556	0.0	678.555	cd11344	AmyAc_GlgE_like	 - 	cl38930	No
Q#21 - WP_043376225.1	specific	463388	8	195	2.71207e-81	255.166	pfam11896	GlgE_dom_N_S	 - 	cl13354	No
Q#21 - WP_043376225.1	superfamily	445893	564	640	0.00554704	35.9861	cl02706	Malt_amylase_C superfamily	 - 	 - 	No
Q#22 - WP_128431142.1	specific	441132	1	717	0.0	1269.23	COG1523	PulA	 - 	cl34294	No
Q#23 - WP_055689271.1	specific	274114	2	543	0.0	813.495	TIGR02402	trehalose_TreZ	 - 	cl38930	No
Q#24 - WP_370682695.1	specific	235445	129	851	0.0	1258.55	PRK05402	PRK05402	 - 	cl38930	No
Q#24 - WP_370682695.1	superfamily	236090	16	151	0.00177071	41.8953	cl35613	PRK07764 superfamily	N	 - 	No
Q#25 - WP_084996843.1	specific	200471	10	473	0.0	692.864	cd11332	AmyAc_OligoGlu_TS	 - 	cl38930	No
Q#25 - WP_084996843.1	specific	432205	454	531	4.17813e-07	48.0899	pfam11941	DUF3459	 - 	cl02706	No
Q#26 - WP_015579278.1	specific	441132	1	716	0.0	1264.22	COG1523	PulA	 - 	cl34294	No
Q#27 - WP_030207879.1	specific	200471	11	453	0.0	675.915	cd11332	AmyAc_OligoGlu_TS	 - 	cl38930	No
Q#27 - WP_030207879.1	superfamily	445893	481	533	0.00987326	35.7635	cl02706	Malt_amylase_C superfamily	N	 - 	No
Q#28 - WP_261386778.1	specific	235445	17	730	0.0	1252.38	PRK05402	PRK05402	 - 	cl38930	No
Q#29 - WP_030750953.1	specific	441132	21	730	0.0	1124.01	COG1523	PulA	 - 	cl34294	No
Q#30 - WP_142168521.1	specific	274140	23	562	0.0	1032.01	TIGR02456	treS_nterm	 - 	cl37116	No
Q#31 - WP_003951313.1	specific	200471	5	465	0.0	709.812	cd11332	AmyAc_OligoGlu_TS	 - 	cl38930	No
Q#31 - WP_003951313.1	specific	432205	448	525	7.87683e-07	47.3195	pfam11941	DUF3459	 - 	cl02706	No
Q#32 - WP_020114641.1	specific	200482	202	558	0.0	688.956	cd11344	AmyAc_GlgE_like	 - 	cl38930	No
Q#32 - WP_020114641.1	specific	463388	10	197	2.66517e-83	260.559	pfam11896	GlgE_dom_N_S	 - 	cl13354	No
Q#32 - WP_020114641.1	superfamily	440065	529	596	0.00105575	42.0472	cl43092	GlgB superfamily	N	 - 	No
Q#33 - WP_069758426.1	specific	441132	1	690	0.0	1321.23	COG1523	PulA	 - 	cl34294	No
Q#34 - WP_053210341.1	specific	200471	14	493	0.0	714.435	cd11332	AmyAc_OligoGlu_TS	 - 	cl38930	No
Q#34 - WP_053210341.1	specific	432205	474	551	1.45819e-06	46.5491	pfam11941	DUF3459	 - 	cl02706	No
Q#35 - WP_126900647.1	specific	235445	23	737	0.0	1241.21	PRK05402	PRK05402	 - 	cl38930	No
Q#36 - WP_019060073.1	specific	200482	199	559	0.0	655.828	cd11344	AmyAc_GlgE_like	 - 	cl38930	No
Q#36 - WP_019060073.1	specific	463388	6	193	1.65442e-68	221.654	pfam11896	GlgE_dom_N_S	 - 	cl13354	No
Q#36 - WP_019060073.1	superfamily	440065	530	602	0.00956916	38.9656	cl43092	GlgB superfamily	N	 - 	No
Q#37 - WP_268983312.1	superfamily	274140	1	209	5.65301e-139	399.123	cl37116	treS_nterm superfamily	C	 - 	No
Q#38 - WP_162468549.1	specific	235445	22	733	0.0	1255.08	PRK05402	PRK05402	 - 	cl38930	No
Q#39 - WP_030044165.1	specific	441132	12	706	0.0	1314.3	COG1523	PulA	 - 	cl34294	No
Q#40 - WP_150517774.1	specific	235445	47	762	0.0	1268.95	PRK05402	PRK05402	 - 	cl38930	No
Q#41 - WP_167396348.1	specific	441132	57	765	0.0	1148.66	COG1523	PulA	 - 	cl34294	No
Q#42 - WP_215174056.1	specific	235445	91	815	0.0	1280.89	PRK05402	PRK05402	 - 	cl38930	No
Q#43 - WP_053210123.1	specific	274140	23	568	0.0	1022.76	TIGR02456	treS_nterm	 - 	cl37116	No
Q#44 - WP_234310955.1	specific	441132	1	700	0.0	1282.71	COG1523	PulA	 - 	cl34294	No
Q#45 - WP_190897882.1	specific	200471	18	492	0.0	744.095	cd11332	AmyAc_OligoGlu_TS	 - 	cl38930	No
Q#45 - WP_190897882.1	specific	432205	473	547	5.35202e-05	41.9267	pfam11941	DUF3459	 - 	cl02706	No
Q#46 - WP_053929349.1	specific	441132	32	741	0.0	1169.46	COG1523	PulA	 - 	cl34294	No
Q#47 - WP_190096266.1	specific	200471	29	510	0.0	779.919	cd11332	AmyAc_OligoGlu_TS	 - 	cl38930	No
Q#47 - WP_190096266.1	specific	432205	491	565	1.56617e-05	43.4675	pfam11941	DUF3459	 - 	cl02706	No
Q#48 - WP_053929353.1	specific	200482	195	592	0.0	671.622	cd11344	AmyAc_GlgE_like	 - 	cl38930	No
Q#48 - WP_053929353.1	specific	463388	3	190	1.73482e-82	259.018	pfam11896	GlgE_dom_N_S	 - 	cl13354	No
Q#49 - WP_086872732.1	specific	235445	266	990	0.0	1312.47	PRK05402	PRK05402	 - 	cl38930	No
Q#49 - WP_086872732.1	superfamily	369339	66	274	1.96317e-12	66.7258	cl22465	HC2 superfamily	 - 	 - 	No
Q#50 - WP_030315049.1	specific	200471	5	460	0.0	665.9	cd11332	AmyAc_OligoGlu_TS	 - 	cl38930	No
Q#50 - WP_030315049.1	specific	432205	450	524	9.79236e-05	41.1563	pfam11941	DUF3459	 - 	cl02706	No
Q#51 - WP_078951232.1	specific	200471	21	496	0.0	708.272	cd11332	AmyAc_OligoGlu_TS	 - 	cl38930	No
Q#51 - WP_078951232.1	specific	432205	477	553	1.84229e-05	43.4675	pfam11941	DUF3459	 - 	cl02706	No
Q#52 - WP_078651986.1	specific	235445	93	811	0.0	1300.15	PRK05402	PRK05402	 - 	cl38930	No
Q#53 - WP_093629196.1	specific	274140	22	562	0.0	1029.31	TIGR02456	treS_nterm	 - 	cl37116	No
Q#54 - WP_030788818.1	specific	200471	12	468	0.0	690.167	cd11332	AmyAc_OligoGlu_TS	 - 	cl38930	No
Q#54 - WP_030788818.1	specific	432205	459	532	0.00022389	40.3859	pfam11941	DUF3459	 - 	cl02706	No
Q#55 - WP_236580057.1	specific	441132	37	749	0.0	1162.91	COG1523	PulA	 - 	cl34294	No
Q#56 - WP_258314573.1	superfamily	274140	23	273	1.21133e-178	502.742	cl37116	treS_nterm superfamily	C	 - 	No
Q#57 - WP_185058064.1	specific	235445	9	730	0.0	1241.6	PRK05402	PRK05402	 - 	cl38930	No
Q#58 - WP_189886678.1	specific	235445	22	733	0.0	1271.64	PRK05402	PRK05402	 - 	cl38930	No
Q#59 - WP_093865194.1	specific	274114	2	534	0.0	776.901	TIGR02402	trehalose_TreZ	 - 	cl38930	No
Q#60 - WP_141209077.1	specific	441132	1	690	0.0	1318.92	COG1523	PulA	 - 	cl34294	No
Q#61 - WP_053210481.1	specific	274114	3	549	0.0	769.582	TIGR02402	trehalose_TreZ	 - 	cl38930	No
Q#62 - WP_037641662.1	specific	200482	247	603	0.0	713.994	cd11344	AmyAc_GlgE_like	 - 	cl38930	No
Q#62 - WP_037641662.1	specific	463388	55	242	9.23984e-82	257.863	pfam11896	GlgE_dom_N_S	 - 	cl13354	No
Q#62 - WP_037641662.1	superfamily	445893	610	690	0.000613953	39.0677	cl02706	Malt_amylase_C superfamily	 - 	 - 	No
Q#63 - WP_037808039.1	specific	200471	19	498	0.0	716.746	cd11332	AmyAc_OligoGlu_TS	 - 	cl38930	No
Q#63 - WP_037808039.1	superfamily	445893	479	556	0.00109221	38.4599	cl02706	Malt_amylase_C superfamily	 - 	 - 	No
Q#64 - WP_141296607.1	specific	441132	21	730	0.0	1136.33	COG1523	PulA	 - 	cl34294	No
Q#65 - WP_145877776.1	specific	200471	13	467	0.0	681.693	cd11332	AmyAc_OligoGlu_TS	 - 	cl38930	No
Q#66 - WP_005311658.1	specific	441132	48	765	0.0	1167.15	COG1523	PulA	 - 	cl34294	No
Q#67 - WP_003985404.1	specific	274114	3	590	0.0	769.197	TIGR02402	trehalose_TreZ	 - 	cl38930	No
Q#68 - WP_169086640.1	specific	441132	21	731	0.0	1115.92	COG1523	PulA	 - 	cl34294	No
Q#69 - WP_148023458.1(Warning: this sequence record may be obsolete or preliminary)	specific	200471	12	467	0.0	694.79	cd11332	AmyAc_OligoGlu_TS	 - 	cl38930	No
Q#69 - WP_148023458.1(Warning: this sequence record may be obsolete or preliminary)	specific	432205	459	533	2.37361e-05	43.0823	pfam11941	DUF3459	 - 	cl02706	No
Q#70 - WP_240045576.1	specific	200471	36	512	0.0	726.761	cd11332	AmyAc_OligoGlu_TS	 - 	cl38930	No
Q#70 - WP_240045576.1	specific	432205	496	578	3.73073e-06	45.3935	pfam11941	DUF3459	 - 	cl02706	No
Q#71 - WP_046925924.1	specific	274140	23	568	0.0	1022.76	TIGR02456	treS_nterm	 - 	cl37116	No
Q#72 - WP_033270260.1	specific	274114	3	552	0.0	735.685	TIGR02402	trehalose_TreZ	 - 	cl38930	No
Q#73 - WP_104784608.1	specific	200471	2	460	0.0	692.864	cd11332	AmyAc_OligoGlu_TS	 - 	cl38930	No
Q#73 - WP_104784608.1	superfamily	445893	441	521	0.00155434	37.6895	cl02706	Malt_amylase_C superfamily	 - 	 - 	No
Q#74 - WP_256095789.1	specific	235445	13	731	0.0	1290.9	PRK05402	PRK05402	 - 	cl38930	No
Q#75 - WP_069765629.1	specific	441132	33	742	0.0	1176.01	COG1523	PulA	 - 	cl34294	No
Q#76 - WP_039631213.1	specific	200471	21	494	0.0	722.909	cd11332	AmyAc_OligoGlu_TS	 - 	cl38930	No
Q#76 - WP_039631213.1	specific	432205	475	551	1.93143e-06	46.1639	pfam11941	DUF3459	 - 	cl02706	No
Q#77 - WP_189990200.1	specific	274114	2	544	0.0	827.747	TIGR02402	trehalose_TreZ	 - 	cl38930	No
Q#78 - WP_104785000.1	specific	200471	23	495	0.0	819.594	cd11332	AmyAc_OligoGlu_TS	 - 	cl38930	No
Q#78 - WP_104785000.1	specific	432205	476	556	1.20597e-05	43.8527	pfam11941	DUF3459	 - 	cl02706	No
Q#79 - WP_012378519.1	specific	441132	1	707	0.0	1278.09	COG1523	PulA	 - 	cl34294	No
Q#80 - WP_097269171.1	specific	235445	110	827	0.0	1305.93	PRK05402	PRK05402	 - 	cl38930	No
Q#81 - WP_159742836.1	specific	441132	1	734	0.0	1267.69	COG1523	PulA	 - 	cl34294	No
Q#82 - WP_237291543.1	specific	441132	23	704	0.0	973.396	COG1523	PulA	 - 	cl34294	No
Q#83 - WP_133888770.1	specific	200471	19	499	0.0	756.807	cd11332	AmyAc_OligoGlu_TS	 - 	cl38930	No
Q#83 - WP_133888770.1	specific	432205	480	554	2.70169e-05	43.0823	pfam11941	DUF3459	 - 	cl02706	No
Q#84 - WP_205022177.1	superfamily	274113	3	791	0.0	848.999	cl30297	trehalose_TreY superfamily	 - 	 - 	No
Q#85 - WP_037878880.1	specific	235445	12	738	0.0	1256.24	PRK05402	PRK05402	 - 	cl38930	No
Q#86 - WP_043733892.1	superfamily	274113	11	780	0.0	889.83	cl30297	trehalose_TreY superfamily	 - 	 - 	No
Q#87 - WP_189744055.1	specific	200471	11	474	0.0	720.213	cd11332	AmyAc_OligoGlu_TS	 - 	cl38930	No
Q#87 - WP_189744055.1	specific	432205	455	532	0.000221714	40.3859	pfam11941	DUF3459	 - 	cl02706	No
Q#88 - WP_125507379.1	specific	200471	5	478	0.0	744.48	cd11332	AmyAc_OligoGlu_TS	 - 	cl38930	No
Q#88 - WP_125507379.1	specific	432205	459	535	1.55709e-05	43.4675	pfam11941	DUF3459	 - 	cl02706	No
Q#89 - WP_014180300.1	specific	200471	21	488	0.0	766.822	cd11332	AmyAc_OligoGlu_TS	 - 	cl38930	No
Q#89 - WP_014180300.1	specific	432205	472	551	7.11837e-06	44.6231	pfam11941	DUF3459	 - 	cl02706	No
Q#90 - WP_094220041.1	specific	441132	1	701	0.0	1262.3	COG1523	PulA	 - 	cl34294	No
Q#91 - WP_030885601.1	specific	274140	23	562	0.0	1019.29	TIGR02456	treS_nterm	 - 	cl37116	No
Q#92 - WP_150472824.1	specific	200482	293	649	0.0	711.682	cd11344	AmyAc_GlgE_like	 - 	cl38930	No
Q#92 - WP_150472824.1	specific	463388	85	288	2.20669e-81	257.477	pfam11896	GlgE_dom_N_S	 - 	cl13354	No
Q#92 - WP_150472824.1	superfamily	445893	657	721	0.00419501	36.7565	cl02706	Malt_amylase_C superfamily	C	 - 	No
Q#93 - WP_216719236.1	specific	235445	125	847	0.0	1275.88	PRK05402	PRK05402	 - 	cl38930	No
Q#94 - WP_184989770.1	specific	274114	2	543	0.0	827.362	TIGR02402	trehalose_TreZ	 - 	cl38930	No
Q#95 - WP_015037071.1	specific	274114	3	545	0.0	781.909	TIGR02402	trehalose_TreZ	 - 	cl38930	No
Q#96 - WP_194293910.1	specific	200471	6	475	0.0	726.761	cd11332	AmyAc_OligoGlu_TS	 - 	cl38930	No
Q#96 - WP_194293910.1	specific	432205	456	532	0.000240704	40.0007	pfam11941	DUF3459	 - 	cl02706	No
Q#97 - WP_189308638.1	specific	200471	21	494	0.0	719.828	cd11332	AmyAc_OligoGlu_TS	 - 	cl38930	No
Q#97 - WP_189308638.1	specific	432205	475	551	8.92582e-06	44.2379	pfam11941	DUF3459	 - 	cl02706	No
Q#98 - WP_030887785.1	specific	441132	1	711	0.0	1275.01	COG1523	PulA	 - 	cl34294	No
Q#99 - WP_217463830.1	specific	200471	12	469	0.0	697.871	cd11332	AmyAc_OligoGlu_TS	 - 	cl38930	No
Q#100 - WP_053126950.1	specific	235445	28	737	0.0	1259.32	PRK05402	PRK05402	 - 	cl38930	No
Q#101 - WP_046425026.1	specific	235445	26	733	0.0	1241.98	PRK05402	PRK05402	 - 	cl38930	No
Q#102 - WP_106412364.1	specific	274140	23	562	0.0	1035.86	TIGR02456	treS_nterm	 - 	cl37116	No
Q#103 - WP_408647953.1	specific	235445	277	1000	0.0	1291.29	PRK05402	PRK05402	 - 	cl38930	No
Q#103 - WP_408647953.1	superfamily	481241	212	335	0.000417158	44.32	cl46901	PRK12323 superfamily	N	 - 	No
Q#104 - WP_030415658.1	specific	235445	2	724	0.0	1253.15	PRK05402	PRK05402	 - 	cl38930	No
Q#105 - WP_104636622.1	specific	235445	28	738	0.0	1259.7	PRK05402	PRK05402	 - 	cl38930	No
Q#106 - WP_107456377.1	specific	200471	15	496	0.0	770.289	cd11332	AmyAc_OligoGlu_TS	 - 	cl38930	No
Q#106 - WP_107456377.1	specific	432205	477	551	1.12389e-07	49.6307	pfam11941	DUF3459	 - 	cl02706	No
Q#107 - WP_184566032.1	specific	235445	23	732	0.0	1257.78	PRK05402	PRK05402	 - 	cl38930	No
Q#108 - WP_150242591.1	specific	200471	59	538	0.0	714.05	cd11332	AmyAc_OligoGlu_TS	 - 	cl38930	No
Q#108 - WP_150242591.1	specific	432205	519	596	8.25459e-06	44.6231	pfam11941	DUF3459	 - 	cl02706	No
Q#109 - WP_226651367.1	specific	200482	195	555	0.0	678.94	cd11344	AmyAc_GlgE_like	 - 	cl38930	No
Q#109 - WP_226651367.1	specific	463388	2	190	5.22803e-75	238.603	pfam11896	GlgE_dom_N_S	 - 	cl13354	No
Q#109 - WP_226651367.1	superfamily	445893	563	639	8.82896e-05	40.9937	cl02706	Malt_amylase_C superfamily	 - 	 - 	No
Q#110 - WP_126900055.1	specific	200471	10	467	0.0	657.04	cd11332	AmyAc_OligoGlu_TS	 - 	cl38930	No
Q#110 - WP_126900055.1	specific	432205	457	531	0.00015416	40.7711	pfam11941	DUF3459	 - 	cl02706	No
Q#111 - WP_125192824.1	specific	274114	2	544	0.0	818.502	TIGR02402	trehalose_TreZ	 - 	cl38930	No
Q#112 - WP_086716686.1	specific	274140	23	568	0.0	1021.22	TIGR02456	treS_nterm	 - 	cl37116	No
Q#113 - WP_073766606.1	specific	200471	5	455	0.0	670.907	cd11332	AmyAc_OligoGlu_TS	 - 	cl38930	No
Q#113 - WP_073766606.1	superfamily	445893	439	524	0.00222999	37.3043	cl02706	Malt_amylase_C superfamily	 - 	 - 	No
Q#114 - WP_030611812.1	specific	441132	1	690	0.0	1323.54	COG1523	PulA	 - 	cl34294	No
Q#115 - WP_125207633.1	specific	441132	1	700	0.0	1295.42	COG1523	PulA	 - 	cl34294	No
Q#116 - WP_185941150.1	specific	200482	195	556	0.0	681.252	cd11344	AmyAc_GlgE_like	 - 	cl38930	No
Q#116 - WP_185941150.1	specific	463388	3	190	4.73547e-75	238.603	pfam11896	GlgE_dom_N_S	 - 	cl13354	No
Q#116 - WP_185941150.1	superfamily	440065	548	620	0.000730527	42.8176	cl43092	GlgB superfamily	N	 - 	No
Q#117 - WP_161369135.1	superfamily	274140	22	414	0.0	784.708	cl37116	treS_nterm superfamily	C	 - 	No
Q#118 - WP_067436496.1	specific	200471	15	495	0.0	761.814	cd11332	AmyAc_OligoGlu_TS	 - 	cl38930	No
Q#118 - WP_067436496.1	superfamily	445893	476	550	0.00120913	38.0747	cl02706	Malt_amylase_C superfamily	 - 	 - 	No
Q#119 - WP_125509337.1	specific	441132	13	706	0.0	1328.55	COG1523	PulA	 - 	cl34294	No
Q#120 - WP_004946444.1	specific	200482	195	556	0.0	678.555	cd11344	AmyAc_GlgE_like	 - 	cl38930	No
Q#120 - WP_004946444.1	specific	463388	3	190	4.30249e-85	265.181	pfam11896	GlgE_dom_N_S	 - 	cl13354	No
Q#120 - WP_004946444.1	superfamily	440065	548	620	0.000670445	42.8176	cl43092	GlgB superfamily	N	 - 	No
Q#121 - WP_159469989.1	specific	274140	23	568	0.0	1021.61	TIGR02456	treS_nterm	 - 	cl37116	No
Q#122 - WP_046918057.1	specific	441132	1	711	0.0	1277.32	COG1523	PulA	 - 	cl34294	No
Q#123 - WP_150259501.1	specific	441132	57	766	0.0	1155.59	COG1523	PulA	 - 	cl34294	No
Q#124 - WP_190143902.1	specific	200471	14	493	0.0	714.05	cd11332	AmyAc_OligoGlu_TS	 - 	cl38930	No
Q#124 - WP_190143902.1	specific	432205	474	549	3.10967e-05	42.6971	pfam11941	DUF3459	 - 	cl02706	No
Q#125 - WP_019434334.1	specific	274140	22	562	0.0	1010.44	TIGR02456	treS_nterm	 - 	cl37116	No
Q#126 - WP_190904087.1	specific	200482	200	556	0.0	709.756	cd11344	AmyAc_GlgE_like	 - 	cl38930	No
Q#126 - WP_190904087.1	specific	463388	8	195	7.43598e-83	259.018	pfam11896	GlgE_dom_N_S	 - 	cl13354	No
Q#126 - WP_190904087.1	superfamily	445893	564	640	0.00487431	36.3713	cl02706	Malt_amylase_C superfamily	 - 	 - 	No
Q#127 - WP_145869703.1	specific	200471	27	516	0.0	810.35	cd11332	AmyAc_OligoGlu_TS	 - 	cl38930	No
Q#127 - WP_145869703.1	specific	432205	498	578	1.97063e-06	46.1639	pfam11941	DUF3459	 - 	cl02706	No
Q#128 - WP_119987365.1	specific	200471	22	491	0.0	781.46	cd11332	AmyAc_OligoGlu_TS	 - 	cl38930	No
Q#128 - WP_119987365.1	specific	432205	472	551	2.22536e-07	48.8603	pfam11941	DUF3459	 - 	cl02706	No
Q#129 - WP_202201820.1	specific	200471	23	474	0.0	746.021	cd11332	AmyAc_OligoGlu_TS	 - 	cl38930	No
Q#129 - WP_202201820.1	specific	432205	456	563	7.81536e-05	41.5415	pfam11941	DUF3459	 - 	cl02706	No
Q#130 - WP_106415635.1	specific	441132	13	706	0.0	1325.85	COG1523	PulA	 - 	cl34294	No
Q#131 - WP_189273211.1	specific	235445	88	811	0.0	1240.83	PRK05402	PRK05402	 - 	cl38930	No
Q#131 - WP_189273211.1	superfamily	476867	2	77	0.00448216	40.6442	cl39092	kgd superfamily	C	 - 	No
Q#132 - WP_107059645.1	specific	441132	11	706	0.0	1302.36	COG1523	PulA	 - 	cl34294	No
Q#133 - WP_184560312.1	specific	235445	238	961	0.0	1297.07	PRK05402	PRK05402	 - 	cl38930	No
Q#134 - WP_161365759.1	superfamily	274113	11	785	0.0	926.038	cl30297	trehalose_TreY superfamily	 - 	 - 	No
Q#135 - WP_189295735.1	specific	200482	195	556	0.0	664.303	cd11344	AmyAc_GlgE_like	 - 	cl38930	No
Q#135 - WP_189295735.1	specific	463388	3	190	9.3774e-76	240.529	pfam11896	GlgE_dom_N_S	 - 	cl13354	No
Q#135 - WP_189295735.1	superfamily	440065	527	598	0.00345212	40.5064	cl43092	GlgB superfamily	N	 - 	No
Q#136 - WP_189997671.1	specific	441132	19	687	0.0	835.109	COG1523	PulA	 - 	cl34294	No
Q#137 - WP_159507302.1	specific	200471	21	494	0.0	720.598	cd11332	AmyAc_OligoGlu_TS	 - 	cl38930	No
Q#137 - WP_159507302.1	specific	432205	475	551	5.44011e-07	47.7047	pfam11941	DUF3459	 - 	cl02706	No
Q#138 - WP_159535867.1	specific	274140	22	562	0.0	1042.79	TIGR02456	treS_nterm	 - 	cl37116	No
Q#139 - WP_150274250.1	specific	274114	3	545	0.0	791.153	TIGR02402	trehalose_TreZ	 - 	cl38930	No
Q#140 - WP_133886292.1	specific	441132	1	700	0.0	1305.05	COG1523	PulA	 - 	cl34294	No
Q#141 - WP_031146283.1	specific	200471	21	468	0.0	794.171	cd11332	AmyAc_OligoGlu_TS	 - 	cl38930	No
Q#142 - WP_071376178.1	specific	441132	1	697	0.0	1306.98	COG1523	PulA	 - 	cl34294	No
Q#143 - WP_240528092.1	specific	441132	9	716	0.0	1148.28	COG1523	PulA	 - 	cl34294	No
Q#144 - WP_042148918.1	specific	274140	23	568	0.0	1027.38	TIGR02456	treS_nterm	 - 	cl37116	No
Q#145 - WP_069922479.1	specific	274114	2	543	0.0	751.863	TIGR02402	trehalose_TreZ	 - 	cl38930	No
Q#146 - WP_073731930.1	specific	441132	1	701	0.0	1270.38	COG1523	PulA	 - 	cl34294	No
Q#147 - WP_006134575.1	specific	200471	29	507	0.0	786.467	cd11332	AmyAc_OligoGlu_TS	 - 	cl38930	No
Q#147 - WP_006134575.1	specific	432205	491	567	1.64825e-06	46.5491	pfam11941	DUF3459	 - 	cl02706	No
Q#148 - WP_078899417.1	specific	235445	219	942	0.0	1300.15	PRK05402	PRK05402	 - 	cl38930	No
Q#149 - WP_099201092.1	specific	274140	23	567	0.0	1021.99	TIGR02456	treS_nterm	 - 	cl37116	No
Q#150 - WP_145828770.1	specific	274114	2	544	0.0	810.413	TIGR02402	trehalose_TreZ	 - 	cl38930	No
Q#151 - WP_094372705.1	specific	200471	12	467	0.0	678.611	cd11332	AmyAc_OligoGlu_TS	 - 	cl38930	No
Q#151 - WP_094372705.1	specific	432205	459	533	3.75608e-05	42.3119	pfam11941	DUF3459	 - 	cl02706	No
Q#152 - WP_152895872.1	superfamily	274140	9	477	0.0	918.758	cl37116	treS_nterm superfamily	 - 	 - 	No
Q#153 - WP_030772087.1	specific	200471	23	548	0.0	687.856	cd11332	AmyAc_OligoGlu_TS	 - 	cl38930	No
Q#153 - WP_030772087.1	specific	432205	530	629	0.000102865	41.5415	pfam11941	DUF3459	 - 	cl02706	No
Q#153 - WP_030772087.1	superfamily	273167	410	478	0.00248955	40.6487	cl36702	rad23 superfamily	NC	 - 	No
Q#154 - WP_042175931.1	specific	441132	53	759	0.0	1095.5	COG1523	PulA	 - 	cl34294	No
Q#155 - WP_057660803.1	specific	200471	10	468	0.0	691.708	cd11332	AmyAc_OligoGlu_TS	 - 	cl38930	No
Q#155 - WP_057660803.1	specific	432205	454	531	6.78716e-05	41.5415	pfam11941	DUF3459	 - 	cl02706	No
Q#156 - WP_217212045.1	specific	235445	180	904	0.0	1297.07	PRK05402	PRK05402	 - 	cl38930	No
Q#156 - WP_217212045.1	superfamily	237855	122	167	0.000133454	45.7532	cl36437	valS superfamily	N	 - 	No
Q#156 - WP_217212045.1	superfamily	369339	10	183	0.00027687	42.8435	cl22465	HC2 superfamily	 - 	 - 	No
Q#157 - WP_190143408.1	specific	441132	1	733	0.0	1270.0	COG1523	PulA	 - 	cl34294	No
Q#158 - WP_129296740.1	specific	200471	12	463	0.0	792.245	cd11332	AmyAc_OligoGlu_TS	 - 	cl38930	No
Q#158 - WP_129296740.1	specific	432205	445	526	1.0587e-07	49.6307	pfam11941	DUF3459	 - 	cl02706	No
Q#159 - WP_053192649.1	specific	200473	10	460	0.0	722.429	cd11334	AmyAc_TreS	 - 	cl38930	No
Q#159 - WP_053192649.1	specific	435493	470	550	2.72068e-10	56.4017	pfam16657	Malt_amylase_C	 - 	cl02706	No
Q#160 - WP_093720575.1	superfamily	274113	11	780	0.0	927.194	cl30297	trehalose_TreY superfamily	 - 	 - 	No
Q#161 - WP_069758430.1	specific	274140	23	561	0.0	1021.61	TIGR02456	treS_nterm	 - 	cl37116	No
Q#162 - WP_089513000.1	specific	200482	195	556	0.0	666.229	cd11344	AmyAc_GlgE_like	 - 	cl38930	No
Q#162 - WP_089513000.1	specific	463388	3	190	7.4528e-86	266.722	pfam11896	GlgE_dom_N_S	 - 	cl13354	No
Q#162 - WP_089513000.1	superfamily	445893	564	640	6.0514e-05	41.7641	cl02706	Malt_amylase_C superfamily	 - 	 - 	No
Q#163 - WP_305257041.1	specific	235445	65	794	0.0	1242.75	PRK05402	PRK05402	 - 	cl38930	No
Q#164 - WP_010984235.1	specific	274140	22	568	0.0	1045.87	TIGR02456	treS_nterm	 - 	cl37116	No
Q#165 - WP_030258322.1	specific	200482	195	556	0.0	673.162	cd11344	AmyAc_GlgE_like	 - 	cl38930	No
Q#165 - WP_030258322.1	specific	463388	3	190	7.6257e-77	243.225	pfam11896	GlgE_dom_N_S	 - 	cl13354	No
Q#165 - WP_030258322.1	superfamily	445893	564	640	0.0016657	37.5269	cl02706	Malt_amylase_C superfamily	 - 	 - 	No
Q#166 - WP_129768942.1	specific	274114	1	521	0.0	799.628	TIGR02402	trehalose_TreZ	 - 	cl38930	No
Q#167 - WP_104632690.1	specific	200471	12	472	0.0	715.205	cd11332	AmyAc_OligoGlu_TS	 - 	cl38930	No
Q#167 - WP_104632690.1	specific	432205	455	532	1.45157e-06	46.5491	pfam11941	DUF3459	 - 	cl02706	No
Q#168 - WP_037800795.1	specific	274114	3	553	0.0	787.301	TIGR02402	trehalose_TreZ	 - 	cl38930	No
Q#169 - WP_079044263.1	specific	235445	87	805	0.0	1298.61	PRK05402	PRK05402	 - 	cl38930	No
Q#169 - WP_079044263.1	superfamily	223065	2	85	0.00288317	41.206	cl33729	PHA03378 superfamily	NC	 - 	No
Q#170 - WP_425506578.1	specific	441132	57	775	0.0	1168.69	COG1523	PulA	 - 	cl34294	No
Q#171 - WP_125211405.1	specific	441132	13	709	0.0	1296.96	COG1523	PulA	 - 	cl34294	No
Q#172 - WP_239010048.1	specific	235445	55	789	0.0	1236.59	PRK05402	PRK05402	 - 	cl38930	No
Q#173 - WP_073728332.1	specific	200471	11	472	0.0	710.583	cd11332	AmyAc_OligoGlu_TS	 - 	cl38930	No
Q#173 - WP_073728332.1	specific	432205	455	532	8.32137e-07	47.3195	pfam11941	DUF3459	 - 	cl02706	No
Q#174 - WP_208779940.1	specific	441132	32	741	0.0	1166.38	COG1523	PulA	 - 	cl34294	No
Q#175 - WP_208778955.1	specific	200471	7	475	0.0	741.399	cd11332	AmyAc_OligoGlu_TS	 - 	cl38930	No
Q#175 - WP_208778955.1	specific	432205	456	532	0.000597006	39.2303	pfam11941	DUF3459	 - 	cl02706	No
Q#176 - WP_030861352.1	specific	274114	2	544	0.0	815.421	TIGR02402	trehalose_TreZ	 - 	cl38930	No
Q#177 - WP_179082736.1	specific	274140	23	568	0.0	1021.61	TIGR02456	treS_nterm	 - 	cl37116	No
Q#178 - WP_030977103.1	specific	200471	30	502	0.0	816.898	cd11332	AmyAc_OligoGlu_TS	 - 	cl38930	No
Q#178 - WP_030977103.1	specific	432205	484	564	1.01777e-06	46.9343	pfam11941	DUF3459	 - 	cl02706	No
Q#179 - WP_031150396.1	specific	441132	63	775	0.0	1144.42	COG1523	PulA	 - 	cl34294	No
Q#180 - WP_073447854.1	specific	200471	22	487	0.0	742.169	cd11332	AmyAc_OligoGlu_TS	 - 	cl38930	No
Q#180 - WP_073447854.1	specific	432205	468	547	0.00027236	40.0007	pfam11941	DUF3459	 - 	cl02706	No
Q#181 - WP_055629423.1	specific	441132	1	625	0.0	951.439	COG1523	PulA	 - 	cl34294	No
Q#182 - WP_062026962.1	specific	441132	33	745	0.0	1164.45	COG1523	PulA	 - 	cl34294	No
Q#183 - WP_042166621.1	specific	200471	6	479	0.0	711.353	cd11332	AmyAc_OligoGlu_TS	 - 	cl38930	No
Q#183 - WP_042166621.1	specific	432205	460	536	0.00012987	40.7711	pfam11941	DUF3459	 - 	cl02706	No
Q#184 - WP_153540441.1	specific	200471	14	495	0.0	781.845	cd11332	AmyAc_OligoGlu_TS	 - 	cl38930	No
Q#184 - WP_153540441.1	specific	432205	476	551	1.61336e-05	43.4675	pfam11941	DUF3459	 - 	cl02706	No
Q#185 - WP_030568940.1	specific	274140	23	562	0.0	1027.77	TIGR02456	treS_nterm	 - 	cl37116	No
Q#186 - WP_107460141.1	specific	274140	23	561	0.0	1011.59	TIGR02456	treS_nterm	 - 	cl37116	No
Q#187 - WP_019058961.1	specific	200471	12	464	0.0	673.219	cd11332	AmyAc_OligoGlu_TS	 - 	cl38930	No
Q#187 - WP_019058961.1	specific	432205	456	530	2.52705e-06	45.7787	pfam11941	DUF3459	 - 	cl02706	No
Q#188 - WP_030352716.1	specific	200471	23	494	0.0	779.919	cd11332	AmyAc_OligoGlu_TS	 - 	cl38930	No
Q#188 - WP_030352716.1	specific	432205	476	556	0.000104375	41.1563	pfam11941	DUF3459	 - 	cl02706	No
Q#189 - WP_030655787.1	specific	200482	195	557	0.0	678.94	cd11344	AmyAc_GlgE_like	 - 	cl38930	No
Q#189 - WP_030655787.1	specific	463388	3	190	4.02428e-67	217.802	pfam11896	GlgE_dom_N_S	 - 	cl13354	No
Q#189 - WP_030655787.1	superfamily	440065	528	595	0.000963977	42.4324	cl43092	GlgB superfamily	N	 - 	No
Q#189 - WP_030655787.1	superfamily	445893	564	641	0.00491471	36.3713	cl02706	Malt_amylase_C superfamily	 - 	 - 	No
Q#190 - WP_031146387.1	specific	441132	1	702	0.0	1255.75	COG1523	PulA	 - 	cl34294	No
Q#191 - WP_097221555.1	superfamily	274113	11	786	0.0	937.209	cl30297	trehalose_TreY superfamily	 - 	 - 	No
Q#192 - WP_200691838.1	specific	441132	19	702	0.0	1016.92	COG1523	PulA	 - 	cl34294	No
Q#193 - WP_019432989.1	superfamily	476817	15	454	0.0	616.627	cl38930	AmyAc_family superfamily	 - 	 - 	No
Q#194 - WP_126399422.1	specific	200471	21	493	0.0	801.105	cd11332	AmyAc_OligoGlu_TS	 - 	cl38930	No
Q#194 - WP_126399422.1	specific	432205	475	555	1.07056e-05	44.2379	pfam11941	DUF3459	 - 	cl02706	No
Q#195 - WP_003951612.1	specific	441132	1	713	0.0	1262.68	COG1523	PulA	 - 	cl34294	No
Q#196 - WP_194079905.1	specific	274140	23	562	0.0	1044.72	TIGR02456	treS_nterm	 - 	cl37116	No
Q#197 - WP_210916708.1	superfamily	274113	15	797	0.0	870.185	cl30297	trehalose_TreY superfamily	 - 	 - 	No
Q#198 - WP_073891598.1	specific	200471	12	467	0.0	691.323	cd11332	AmyAc_OligoGlu_TS	 - 	cl38930	No
Q#199 - WP_121547601.1	specific	441132	38	748	0.0	1168.69	COG1523	PulA	 - 	cl34294	No
Q#200 - WP_217236700.1	specific	274114	2	544	0.0	830.444	TIGR02402	trehalose_TreZ	 - 	cl38930	No
Q#201 - WP_097269175.1	specific	274140	23	562	0.0	1034.32	TIGR02456	treS_nterm	 - 	cl37116	No
Q#202 - WP_145828774.1	specific	441132	1	714	0.0	1275.01	COG1523	PulA	 - 	cl34294	No
Q#203 - WP_181795056.1	specific	200471	12	468	0.0	690.938	cd11332	AmyAc_OligoGlu_TS	 - 	cl38930	No
Q#203 - WP_181795056.1	specific	432205	459	532	0.000642923	38.8451	pfam11941	DUF3459	 - 	cl02706	No
Q#204 - WP_037642320.1	specific	274114	2	544	0.0	812.339	TIGR02402	trehalose_TreZ	 - 	cl38930	No
Q#205 - WP_189815774.1	specific	200471	12	469	0.0	685.545	cd11332	AmyAc_OligoGlu_TS	 - 	cl38930	No
Q#205 - WP_189815774.1	specific	432205	459	532	0.000493884	39.2303	pfam11941	DUF3459	 - 	cl02706	No
Q#206 - WP_067426077.1	specific	441132	1	696	0.0	1324.7	COG1523	PulA	 - 	cl34294	No
Q#207 - WP_202199639.1	specific	441132	57	766	0.0	1156.75	COG1523	PulA	 - 	cl34294	No
Q#208 - WP_205083643.1	specific	200482	195	566	0.0	672.392	cd11344	AmyAc_GlgE_like	 - 	cl38930	No
Q#208 - WP_205083643.1	specific	463388	3	190	6.44083e-78	246.307	pfam11896	GlgE_dom_N_S	 - 	cl13354	No
Q#208 - WP_205083643.1	superfamily	440065	554	604	0.00857625	39.3508	cl43092	GlgB superfamily	N	 - 	No
Q#209 - WP_241253211.1	specific	200471	30	502	0.0	729.458	cd11332	AmyAc_OligoGlu_TS	 - 	cl38930	No
Q#209 - WP_241253211.1	specific	432205	484	586	1.18987e-06	46.9343	pfam11941	DUF3459	 - 	cl02706	No
Q#210 - WP_104791064.1	specific	200471	12	472	0.0	705.96	cd11332	AmyAc_OligoGlu_TS	 - 	cl38930	No
Q#210 - WP_104791064.1	specific	432205	456	540	0.000203162	40.3859	pfam11941	DUF3459	 - 	cl02706	No
Q#211 - WP_030816280.1	specific	200471	12	469	0.0	706.346	cd11332	AmyAc_OligoGlu_TS	 - 	cl38930	No
Q#211 - WP_030816280.1	superfamily	445893	459	533	0.00307455	36.9191	cl02706	Malt_amylase_C superfamily	 - 	 - 	No
Q#212 - WP_181796407.1	specific	441132	1	700	0.0	1316.22	COG1523	PulA	 - 	cl34294	No
Q#213 - WP_244212137.1	superfamily	476817	1	396	0.0	644.329	cl38930	AmyAc_family superfamily	 - 	 - 	No
Q#214 - WP_011031594.1	specific	274140	23	561	0.0	1026.23	TIGR02456	treS_nterm	 - 	cl37116	No
Q#215 - WP_175430589.1	specific	200482	200	556	0.0	708.986	cd11344	AmyAc_GlgE_like	 - 	cl38930	No
Q#215 - WP_175430589.1	specific	463388	8	195	1.54918e-80	253.24	pfam11896	GlgE_dom_N_S	 - 	cl13354	No
Q#215 - WP_175430589.1	superfamily	445893	564	605	0.000561959	39.0677	cl02706	Malt_amylase_C superfamily	C	 - 	No
Q#216 - WP_030745403.1	specific	200471	12	473	0.0	680.923	cd11332	AmyAc_OligoGlu_TS	 - 	cl38930	No
Q#217 - WP_093627824.1	specific	200471	11	492	0.0	766.437	cd11332	AmyAc_OligoGlu_TS	 - 	cl38930	No
Q#217 - WP_093627824.1	specific	432205	473	551	6.57107e-08	50.4011	pfam11941	DUF3459	 - 	cl02706	No
Q#218 - WP_107051318.1	specific	441132	11	706	0.0	1328.55	COG1523	PulA	 - 	cl34294	No
Q#219 - WP_241253170.1	specific	441132	23	704	0.0	1053.52	COG1523	PulA	 - 	cl34294	No
Q#220 - WP_089508773.1	superfamily	442511	13	856	0.0	860.268	cl30295	TreY superfamily	 - 	 - 	No
Q#221 - WP_268253501.1	superfamily	476817	40	227	2.04873e-137	389.27	cl38930	AmyAc_family superfamily	C	 - 	No
Q#221 - WP_268253501.1	superfamily	463388	1	35	2.37299e-10	57.5588	cl13354	GlgE_dom_N_S superfamily	N	 - 	No
Q#222 - WP_085478838.1	specific	200471	21	485	0.0	798.794	cd11332	AmyAc_OligoGlu_TS	 - 	cl38930	No
Q#222 - WP_085478838.1	specific	432205	468	551	4.33421e-05	42.3119	pfam11941	DUF3459	 - 	cl02706	No
Q#223 - WP_078513414.1	specific	200482	225	586	0.0	674.318	cd11344	AmyAc_GlgE_like	 - 	cl38930	No
Q#223 - WP_078513414.1	specific	463388	33	220	5.00745e-81	255.166	pfam11896	GlgE_dom_N_S	 - 	cl13354	No
Q#223 - WP_078513414.1	superfamily	445893	593	670	0.000476654	39.0677	cl02706	Malt_amylase_C superfamily	 - 	 - 	No
Q#224 - WP_030351844.1	superfamily	476817	15	459	0.0	680.57	cl38930	AmyAc_family superfamily	 - 	 - 	No
Q#225 - WP_128505173.1	specific	441132	1	739	0.0	1270.0	COG1523	PulA	 - 	cl34294	No
Q#226 - WP_107907179.1	specific	200471	6	480	0.0	733.695	cd11332	AmyAc_OligoGlu_TS	 - 	cl38930	No
Q#226 - WP_107907179.1	specific	432205	461	537	9.70804e-05	41.1563	pfam11941	DUF3459	 - 	cl02706	No
Q#227 - WP_051732398.1	specific	441132	13	708	0.0	1325.47	COG1523	PulA	 - 	cl34294	No
Q#228 - WP_145871076.1	specific	200482	200	556	0.0	704.749	cd11344	AmyAc_GlgE_like	 - 	cl38930	No
Q#228 - WP_145871076.1	specific	463388	8	195	2.85802e-81	255.166	pfam11896	GlgE_dom_N_S	 - 	cl13354	No
Q#228 - WP_145871076.1	superfamily	440065	530	594	3.36302e-05	47.0548	cl43092	GlgB superfamily	N	 - 	No
Q#228 - WP_145871076.1	superfamily	445893	564	640	4.05453e-05	42.1493	cl02706	Malt_amylase_C superfamily	 - 	 - 	No
Q#229 - WP_015579277.1	superfamily	442511	1	794	0.0	864.506	cl30295	TreY superfamily	 - 	 - 	No
Q#230 - WP_161381466.1	specific	200471	11	474	0.0	718.287	cd11332	AmyAc_OligoGlu_TS	 - 	cl38930	No
Q#230 - WP_161381466.1	specific	432205	455	532	0.00043926	39.6155	pfam11941	DUF3459	 - 	cl02706	No
Q#231 - WP_030791452.1	specific	200471	23	495	0.0	819.209	cd11332	AmyAc_OligoGlu_TS	 - 	cl38930	No
Q#231 - WP_030791452.1	specific	432205	477	557	1.59192e-06	46.5491	pfam11941	DUF3459	 - 	cl02706	No
Q#232 - WP_037928029.1	specific	235445	45	762	0.0	1290.9	PRK05402	PRK05402	 - 	cl38930	No
Q#233 - WP_030602905.1	specific	441132	1	703	0.0	1262.3	COG1523	PulA	 - 	cl34294	No
Q#234 - WP_161363815.1	specific	441132	1	540	0.0	1142.5	COG1523	PulA	C	cl34294	No
Q#235 - WP_030861345.1	superfamily	274113	4	775	0.0	909.09	cl30297	trehalose_TreY superfamily	 - 	 - 	No
Q#236 - WP_205615922.1(Warning: this sequence record may be obsolete or preliminary)	specific	200471	10	491	0.0	771.059	cd11332	AmyAc_OligoGlu_TS	 - 	cl38930	No
Q#236 - WP_205615922.1(Warning: this sequence record may be obsolete or preliminary)	superfamily	445893	472	546	0.00607113	36.1487	cl02706	Malt_amylase_C superfamily	 - 	 - 	No
Q#237 - WP_094220996.1	specific	200471	12	467	0.0	680.923	cd11332	AmyAc_OligoGlu_TS	 - 	cl38930	No
Q#238 - WP_217207617.1	specific	200471	6	480	0.0	743.71	cd11332	AmyAc_OligoGlu_TS	 - 	cl38930	No
Q#238 - WP_217207617.1	specific	432205	461	537	5.17655e-05	41.9267	pfam11941	DUF3459	 - 	cl02706	No
Q#239 - WP_005480109.1	specific	235445	375	1098	0.0	1289.36	PRK05402	PRK05402	 - 	cl38930	No
Q#239 - WP_005480109.1	superfamily	369339	168	289	0.00118328	41.3027	cl22465	HC2 superfamily	C	 - 	No
Q#240 - WP_077192272.1	specific	200471	12	463	0.0	792.245	cd11332	AmyAc_OligoGlu_TS	 - 	cl38930	No
Q#240 - WP_077192272.1	specific	432205	445	526	3.69223e-07	48.0899	pfam11941	DUF3459	 - 	cl02706	No
Q#241 - WP_033208040.1	superfamily	274113	23	787	0.0	842.835	cl30297	trehalose_TreY superfamily	 - 	 - 	No
Q#242 - WP_032779036.1	specific	274140	23	562	0.0	1028.92	TIGR02456	treS_nterm	 - 	cl37116	No
Q#243 - WP_055626433.1	superfamily	274113	14	792	0.0	914.482	cl30297	trehalose_TreY superfamily	 - 	 - 	No
Q#244 - WP_055629287.1	superfamily	273974	914	1765	0.0	995.488	cl37055	pullul_strch superfamily	 - 	 - 	No
Q#244 - WP_055629287.1	specific	200478	22	491	2.97389e-146	454.404	cd11339	AmyAc_bac_CMD_like_2	 - 	cl38930	No
Q#244 - WP_055629287.1	specific	199215	700	799	1.94086e-34	127.834	cd10315	CBM41_pullulanase	 - 	cl47018	No
Q#244 - WP_055629287.1	specific	461022	809	901	1.68349e-31	119.398	pfam03714	PUD	 - 	cl47835	No
Q#244 - WP_055629287.1	specific	426991	506	586	0.00283865	38.8598	pfam02806	Alpha-amylase_C	 - 	cl02706	No
Q#245 - WP_126903501.1	specific	235445	159	883	0.0	1287.44	PRK05402	PRK05402	 - 	cl38930	No
Q#246 - WP_016824146.1	superfamily	274113	11	789	0.0	915.638	cl30297	trehalose_TreY superfamily	 - 	 - 	No
Q#247 - WP_145885143.1	specific	200482	213	583	0.0	664.688	cd11344	AmyAc_GlgE_like	 - 	cl38930	No
Q#247 - WP_145885143.1	specific	463388	17	207	3.5729499999999996e-71	228.973	pfam11896	GlgE_dom_N_S	 - 	cl13354	No
Q#247 - WP_145885143.1	superfamily	440065	571	634	0.000948134	42.4324	cl43092	GlgB superfamily	N	 - 	No
Q#248 - WP_016827566.1	specific	274140	22	561	0.0	1022.38	TIGR02456	treS_nterm	 - 	cl37116	No
Q#249 - WP_030218687.1	specific	235445	49	776	0.0	1239.67	PRK05402	PRK05402	 - 	cl38930	No
Q#250 - WP_030856021.1	specific	200471	11	458	0.0	681.693	cd11332	AmyAc_OligoGlu_TS	 - 	cl38930	No
Q#250 - WP_030856021.1	specific	432205	450	525	6.57482e-05	41.9267	pfam11941	DUF3459	 - 	cl02706	No
Q#251 - WP_185941149.1	specific	274140	23	562	0.0	1024.3	TIGR02456	treS_nterm	 - 	cl37116	No
Q#252 - WP_162470106.1	specific	200471	13	484	0.0	756.422	cd11332	AmyAc_OligoGlu_TS	 - 	cl38930	No
Q#252 - WP_162470106.1	superfamily	445893	470	550	0.000903773	38.4599	cl02706	Malt_amylase_C superfamily	 - 	 - 	No
Q#253 - WP_093767549.1	specific	200471	5	479	0.0	745.636	cd11332	AmyAc_OligoGlu_TS	 - 	cl38930	No
Q#253 - WP_093767549.1	specific	432205	460	536	4.78738e-06	45.0083	pfam11941	DUF3459	 - 	cl02706	No
Q#254 - WP_037915376.1	specific	441132	1	702	0.0	1269.23	COG1523	PulA	 - 	cl34294	No
Q#255 - WP_159685406.1	specific	200471	21	496	0.0	707.501	cd11332	AmyAc_OligoGlu_TS	 - 	cl38930	No
Q#255 - WP_159685406.1	specific	432205	477	553	1.06632e-05	44.2379	pfam11941	DUF3459	 - 	cl02706	No
Q#256 - WP_190226335.1	superfamily	274113	20	791	0.0	793.53	cl30297	trehalose_TreY superfamily	 - 	 - 	No
Q#257 - WP_201852865.1	specific	274114	3	540	0.0	771.508	TIGR02402	trehalose_TreZ	 - 	cl38930	No
Q#258 - WP_039632657.1	specific	274140	22	568	0.0	1025.46	TIGR02456	treS_nterm	 - 	cl37116	No
Q#259 - WP_125504125.1	specific	200482	247	603	0.0	703.978	cd11344	AmyAc_GlgE_like	 - 	cl38930	No
Q#259 - WP_125504125.1	specific	463388	55	242	8.63554e-83	260.559	pfam11896	GlgE_dom_N_S	 - 	cl13354	No
Q#259 - WP_125504125.1	superfamily	440065	574	641	0.000457499	43.588	cl43092	GlgB superfamily	N	 - 	No
Q#259 - WP_125504125.1	superfamily	445893	610	690	0.00267752	37.1417	cl02706	Malt_amylase_C superfamily	 - 	 - 	No
Q#260 - WP_037901481.1	specific	441132	33	745	0.0	1165.61	COG1523	PulA	 - 	cl34294	No
Q#261 - WP_030018551.1	specific	200485	8	398	0.0	605.002	cd11347	AmyAc_1	 - 	cl38930	No
Q#262 - WP_003971803.1	specific	441132	11	707	0.0	1317.38	COG1523	PulA	 - 	cl34294	No
Q#263 - WP_129293481.1	specific	200471	14	493	0.0	712.894	cd11332	AmyAc_OligoGlu_TS	 - 	cl38930	No
Q#263 - WP_129293481.1	specific	432205	474	551	0.000193861	40.3859	pfam11941	DUF3459	 - 	cl02706	No
Q#264 - WP_078662014.1	specific	235445	117	840	0.0	1279.35	PRK05402	PRK05402	 - 	cl38930	No
Q#265 - WP_217236705.1	superfamily	274113	11	780	0.0	894.067	cl30297	trehalose_TreY superfamily	 - 	 - 	No
Q#266 - WP_201814081.1	specific	274114	2	544	0.0	814.651	TIGR02402	trehalose_TreZ	 - 	cl38930	No
Q#267 - WP_159476918.1	specific	200471	43	530	0.0	775.682	cd11332	AmyAc_OligoGlu_TS	 - 	cl38930	No
Q#268 - WP_145867136.1	specific	441132	42	753	0.0	1142.88	COG1523	PulA	 - 	cl34294	No
Q#269 - WP_257002257.1	specific	235445	16	734	0.0	1291.29	PRK05402	PRK05402	 - 	cl38930	No
Q#270 - WP_145828773.1	superfamily	274113	11	779	0.0	909.475	cl30297	trehalose_TreY superfamily	 - 	 - 	No
Q#271 - WP_007379724.1	specific	274140	23	561	0.0	1020.07	TIGR02456	treS_nterm	 - 	cl37116	No
Q#272 - WP_063759143.1	specific	274114	2	560	0.0	814.265	TIGR02402	trehalose_TreZ	 - 	cl38930	No
Q#273 - WP_150259477.1	specific	274140	23	561	0.0	1005.04	TIGR02456	treS_nterm	 - 	cl37116	No
Q#274 - WP_053126939.1	specific	441132	11	707	0.0	1321.62	COG1523	PulA	 - 	cl34294	No
Q#275 - WP_125192194.1	specific	441132	18	704	0.0	1322.0	COG1523	PulA	 - 	cl34294	No
Q#276 - WP_030795668.1	superfamily	274140	1	213	5.3281e-140	401.82	cl37116	treS_nterm superfamily	C	 - 	No
Q#277 - WP_051841188.1	specific	200475	20	653	0.0	693.852	cd11336	AmyAc_MTSase	 - 	cl38930	No
Q#278 - WP_069782843.1	specific	274140	23	561	0.0	1027.77	TIGR02456	treS_nterm	 - 	cl37116	No
Q#279 - WP_079432017.1	specific	441132	1	702	0.0	1254.59	COG1523	PulA	 - 	cl34294	No
Q#280 - WP_174673816.1	specific	200471	18	492	0.0	741.784	cd11332	AmyAc_OligoGlu_TS	 - 	cl38930	No
Q#280 - WP_174673816.1	specific	432205	473	549	0.000311665	40.0007	pfam11941	DUF3459	 - 	cl02706	No
Q#281 - WP_162492126.1	specific	235445	128	851	0.0	1296.3	PRK05402	PRK05402	 - 	cl38930	No
Q#281 - WP_162492126.1	superfamily	369339	4	125	8.60689e-05	44.3843	cl22465	HC2 superfamily	C	 - 	No
Q#282 - WP_245002635.1	superfamily	274140	23	306	0.0	557.44	cl37116	treS_nterm superfamily	C	 - 	No
Q#283 - WP_217242937.1	specific	200471	21	480	0.0	773.37	cd11332	AmyAc_OligoGlu_TS	 - 	cl38930	No
Q#284 - WP_078843449.1	superfamily	442511	37	867	0.0	890.314	cl30295	TreY superfamily	 - 	 - 	No
Q#285 - WP_074993365.1	specific	441132	29	737	0.0	1163.68	COG1523	PulA	 - 	cl34294	No
Q#286 - WP_042159409.1	specific	200471	14	475	0.0	707.116	cd11332	AmyAc_OligoGlu_TS	 - 	cl38930	No
Q#286 - WP_042159409.1	superfamily	445893	495	549	0.00344536	36.9191	cl02706	Malt_amylase_C superfamily	N	 - 	No
Q#287 - WP_031019812.1	specific	200471	5	479	0.0	746.406	cd11332	AmyAc_OligoGlu_TS	 - 	cl38930	No
Q#287 - WP_031019812.1	specific	432205	460	535	5.81893e-05	41.9267	pfam11941	DUF3459	 - 	cl02706	No
Q#288 - WP_019324816.1	specific	200471	19	499	0.0	764.126	cd11332	AmyAc_OligoGlu_TS	 - 	cl38930	No
Q#288 - WP_019324816.1	specific	432205	480	554	8.20879e-06	44.2379	pfam11941	DUF3459	 - 	cl02706	No
Q#289 - WP_208783967.1	specific	441132	1	705	0.0	1295.04	COG1523	PulA	 - 	cl34294	No
Q#290 - WP_003972134.1	specific	200471	11	472	0.0	711.738	cd11332	AmyAc_OligoGlu_TS	 - 	cl38930	No
Q#290 - WP_003972134.1	specific	432205	455	532	2.43521e-06	45.7787	pfam11941	DUF3459	 - 	cl02706	No
Q#291 - WP_246101057.1	specific	200471	15	488	0.0	743.71	cd11332	AmyAc_OligoGlu_TS	 - 	cl38930	No
Q#291 - WP_246101057.1	specific	432205	469	545	2.20514e-05	43.0823	pfam11941	DUF3459	 - 	cl02706	No
Q#292 - WP_209493086.1	specific	200471	20	491	0.0	735.621	cd11332	AmyAc_OligoGlu_TS	 - 	cl38930	No
Q#292 - WP_209493086.1	specific	432205	474	550	3.88501e-05	42.3119	pfam11941	DUF3459	 - 	cl02706	No
Q#293 - WP_107453527.1	specific	441132	1	708	0.0	1278.47	COG1523	PulA	 - 	cl34294	No
Q#294 - WP_093474589.1	specific	235445	70	793	0.0	1291.67	PRK05402	PRK05402	 - 	cl38930	No
Q#295 - WP_190201303.1	superfamily	476817	241	380	9.84597e-99	297.208	cl38930	AmyAc_family superfamily	C	 - 	No
Q#295 - WP_190201303.1	specific	463388	49	236	9.988540000000001e-85	255.166	pfam11896	GlgE_dom_N_S	 - 	cl13354	No
Q#296 - WP_241745886.1	specific	235445	118	841	0.0	1252.38	PRK05402	PRK05402	 - 	cl38930	No
Q#297 - WP_055549753.1	superfamily	476817	8	447	0.0	628.586	cl38930	AmyAc_family superfamily	 - 	 - 	No
Q#298 - WP_205081743.1	specific	200471	23	495	0.0	809.194	cd11332	AmyAc_OligoGlu_TS	 - 	cl38930	No
Q#298 - WP_205081743.1	specific	432205	476	556	3.10949e-05	42.6971	pfam11941	DUF3459	 - 	cl02706	No
Q#299 - WP_141683557.1	specific	200482	40	391	0.0	687.415	cd11344	AmyAc_GlgE_like	 - 	cl38930	No
Q#299 - WP_141683557.1	superfamily	463388	1	35	1.7339e-10	59.4848	cl13354	GlgE_dom_N_S superfamily	N	 - 	No
Q#300 - WP_030030558.1	specific	274114	2	543	0.0	752.633	TIGR02402	trehalose_TreZ	 - 	cl38930	No
Q#301 - WP_215164759.1	specific	274114	2	544	0.0	822.354	TIGR02402	trehalose_TreZ	 - 	cl38930	No
Q#302 - WP_099969009.1	superfamily	274140	1	373	0.0	699.964	cl37116	treS_nterm superfamily	N	 - 	No
Q#303 - WP_093724165.1	superfamily	274140	23	381	0.0	708.824	cl37116	treS_nterm superfamily	C	 - 	No
Q#304 - WP_045297625.1	superfamily	274140	1	172	1.8796600000000002e-107	317.076	cl37116	treS_nterm superfamily	C	 - 	No
Q#305 - WP_136232665.1	specific	200482	195	557	0.0	678.555	cd11344	AmyAc_GlgE_like	 - 	cl38930	No
Q#305 - WP_136232665.1	specific	463388	3	190	5.51305e-69	222.809	pfam11896	GlgE_dom_N_S	 - 	cl13354	No
Q#305 - WP_136232665.1	superfamily	440065	528	595	0.000203825	44.3584	cl43092	GlgB superfamily	N	 - 	No
Q#305 - WP_136232665.1	superfamily	445893	564	641	0.00930833	35.6009	cl02706	Malt_amylase_C superfamily	 - 	 - 	No
Q#306 - WP_109163529.1	specific	274140	23	562	0.0	1033.55	TIGR02456	treS_nterm	 - 	cl37116	No
Q#307 - WP_094222217.1	superfamily	274140	22	395	0.0	735.403	cl37116	treS_nterm superfamily	C	 - 	No
Q#308 - WP_208607264.1	specific	200471	18	492	0.0	754.11	cd11332	AmyAc_OligoGlu_TS	 - 	cl38930	No
Q#308 - WP_208607264.1	specific	432205	473	549	1.33753e-05	43.8527	pfam11941	DUF3459	 - 	cl02706	No
Q#309 - WP_073761848.1	specific	200471	22	466	0.0	749.103	cd11332	AmyAc_OligoGlu_TS	 - 	cl38930	No
Q#309 - WP_073761848.1	specific	432205	447	532	6.08535e-08	50.4011	pfam11941	DUF3459	 - 	cl02706	No
Q#310 - WP_190101263.1	superfamily	274140	1	257	1.9006900000000002e-176	496.579	cl37116	treS_nterm superfamily	N	 - 	No
Q#311 - WP_164235300.1	specific	274114	2	544	0.0	821.969	TIGR02402	trehalose_TreZ	 - 	cl38930	No
Q#312 - WP_121824171.1	specific	200471	21	502	0.0	784.541	cd11332	AmyAc_OligoGlu_TS	 - 	cl38930	No
Q#313 - WP_200716724.1	specific	274140	22	562	0.0	1024.69	TIGR02456	treS_nterm	 - 	cl37116	No
Q#314 - WP_045321225.1	specific	200482	195	557	0.0	681.252	cd11344	AmyAc_GlgE_like	 - 	cl38930	No
Q#314 - WP_045321225.1	specific	463388	3	190	7.651379999999999e-71	227.817	pfam11896	GlgE_dom_N_S	 - 	cl13354	No
Q#314 - WP_045321225.1	superfamily	440065	528	595	0.000198641	44.3584	cl43092	GlgB superfamily	N	 - 	No
Q#314 - WP_045321225.1	superfamily	445893	564	641	0.0081119	35.6009	cl02706	Malt_amylase_C superfamily	 - 	 - 	No
Q#315 - WP_109495986.1	specific	235445	114	835	0.0	1286.28	PRK05402	PRK05402	 - 	cl38930	No
Q#315 - WP_109495986.1	superfamily	441360	60	94	7.3571e-07	52.896	cl34356	COG1754 superfamily	N	 - 	No
Q#316 - WP_125053482.1	superfamily	442511	19	833	0.0	837.927	cl30295	TreY superfamily	 - 	 - 	No
Q#317 - WP_030613490.1	specific	235445	25	730	0.0	1272.41	PRK05402	PRK05402	 - 	cl38930	No
Q#318 - WP_099970574.1	specific	441132	1	690	0.0	1311.22	COG1523	PulA	 - 	cl34294	No
Q#319 - WP_161369359.1	specific	235445	23	583	0.0	1070.57	PRK05402	PRK05402	C	cl38930	No
Q#320 - WP_030258292.1	specific	441132	24	737	0.0	1178.32	COG1523	PulA	 - 	cl34294	No
Q#321 - WP_018383164.1	superfamily	442511	7	839	0.0	782.073	cl30295	TreY superfamily	 - 	 - 	No
Q#322 - WP_210963010.1	specific	441132	1	705	0.0	1263.07	COG1523	PulA	 - 	cl34294	No
Q#323 - WP_125656966.1	specific	200472	15	482	0.0	747.744	cd11333	AmyAc_SI_OligoGlu_DGase	 - 	cl38930	No
Q#323 - WP_125656966.1	specific	435493	489	561	1.01768e-09	54.8609	pfam16657	Malt_amylase_C	 - 	cl02706	No
Q#324 - WP_217136285.1	specific	200471	5	479	0.0	735.621	cd11332	AmyAc_OligoGlu_TS	 - 	cl38930	No
Q#324 - WP_217136285.1	specific	432205	460	536	1.8967e-05	43.4675	pfam11941	DUF3459	 - 	cl02706	No
Q#325 - WP_079162560.1	specific	441132	1	700	0.0	1262.68	COG1523	PulA	 - 	cl34294	No
Q#326 - WP_030289276.1	specific	200471	18	473	0.0	749.103	cd11332	AmyAc_OligoGlu_TS	 - 	cl38930	No
Q#326 - WP_030289276.1	specific	432205	454	535	3.51204e-07	48.0899	pfam11941	DUF3459	 - 	cl02706	No
Q#327 - WP_201813719.1	specific	200471	12	477	0.0	677.841	cd11332	AmyAc_OligoGlu_TS	 - 	cl38930	No
Q#327 - WP_201813719.1	specific	432205	459	533	5.13394e-05	41.9267	pfam11941	DUF3459	 - 	cl02706	No
Q#328 - WP_030238690.1	specific	200471	19	472	0.0	762.585	cd11332	AmyAc_OligoGlu_TS	 - 	cl38930	No
Q#328 - WP_030238690.1	specific	432205	454	534	5.65118e-08	50.4011	pfam11941	DUF3459	 - 	cl02706	No
Q#329 - WP_189547152.1	specific	235445	52	762	0.0	1209.63	PRK05402	PRK05402	 - 	cl38930	No
Q#330 - WP_019890229.1	specific	441132	1	704	0.0	1266.53	COG1523	PulA	 - 	cl34294	No
Q#331 - WP_235029250.1(Warning: this sequence record may be obsolete or preliminary)	superfamily	273974	917	1770	0.0	1002.42	cl37055	pullul_strch superfamily	 - 	 - 	No
Q#331 - WP_235029250.1(Warning: this sequence record may be obsolete or preliminary)	specific	200478	32	501	2.37871e-146	454.404	cd11339	AmyAc_bac_CMD_like_2	 - 	cl38930	No
Q#331 - WP_235029250.1(Warning: this sequence record may be obsolete or preliminary)	specific	199215	703	802	1.25233e-32	122.441	cd10315	CBM41_pullulanase	 - 	cl47018	No
Q#331 - WP_235029250.1(Warning: this sequence record may be obsolete or preliminary)	specific	461022	812	904	2.4129900000000002e-29	113.235	pfam03714	PUD	 - 	cl47835	No
Q#331 - WP_235029250.1(Warning: this sequence record may be obsolete or preliminary)	specific	214749	510	586	5.69857e-07	48.7733	smart00632	Aamy_C	 - 	cl02706	No
Q#332 - WP_240499191.1	superfamily	274140	23	292	0.0	529.321	cl37116	treS_nterm superfamily	C	 - 	No
Q#333 - WP_030179481.1	specific	441132	6	662	0.0	1076.24	COG1523	PulA	 - 	cl34294	No
Q#334 - WP_079165882.1	specific	235445	46	769	0.0	1292.06	PRK05402	PRK05402	 - 	cl38930	No
Q#335 - WP_164237913.1	specific	235445	80	798	0.0	1293.6	PRK05402	PRK05402	 - 	cl38930	No
Q#336 - WP_419184025.1	specific	235445	42	765	0.0	1242.75	PRK05402	PRK05402	 - 	cl38930	No
Q#337 - WP_194278920.1	specific	274140	23	561	0.0	1025.46	TIGR02456	treS_nterm	 - 	cl37116	No
Q#338 - WP_053193826.1	specific	274114	2	544	0.0	821.199	TIGR02402	trehalose_TreZ	 - 	cl38930	No
Q#339 - WP_053140220.1	specific	200471	11	452	0.0	684.004	cd11332	AmyAc_OligoGlu_TS	 - 	cl38930	No
Q#339 - WP_053140220.1	superfamily	445893	479	532	0.000904964	38.4599	cl02706	Malt_amylase_C superfamily	N	 - 	No
Q#340 - WP_238427307.1	superfamily	274113	11	780	0.0	917.949	cl30297	trehalose_TreY superfamily	 - 	 - 	No
Q#341 - WP_159534810.1	specific	200471	29	510	0.0	796.868	cd11332	AmyAc_OligoGlu_TS	 - 	cl38930	No
Q#341 - WP_159534810.1	specific	432205	491	565	9.89768e-06	44.2379	pfam11941	DUF3459	 - 	cl02706	No
Q#342 - WP_031005249.1	superfamily	274113	12	780	0.0	824.346	cl30297	trehalose_TreY superfamily	 - 	 - 	No
Q#343 - WP_077797889.1	superfamily	274113	22	791	0.0	909.86	cl30297	trehalose_TreY superfamily	 - 	 - 	No
Q#344 - WP_102912762.1	specific	200471	6	491	0.0	768.748	cd11332	AmyAc_OligoGlu_TS	 - 	cl38930	No
Q#344 - WP_102912762.1	superfamily	445893	472	548	0.00301674	36.9191	cl02706	Malt_amylase_C superfamily	 - 	 - 	No
Q#345 - WP_059198822.1	superfamily	274140	1	459	0.0	887.942	cl37116	treS_nterm superfamily	 - 	 - 	No
Q#346 - WP_004949368.1	specific	441132	1	706	0.0	1271.93	COG1523	PulA	 - 	cl34294	No
Q#347 - WP_126274946.1	specific	274114	2	544	0.0	833.14	TIGR02402	trehalose_TreZ	 - 	cl38930	No
Q#348 - WP_159469987.1	specific	200482	195	556	0.0	668.155	cd11344	AmyAc_GlgE_like	 - 	cl38930	No
Q#348 - WP_159469987.1	specific	463388	3	190	3.61631e-81	254.781	pfam11896	GlgE_dom_N_S	 - 	cl13354	No
Q#349 - WP_087789497.1	specific	200482	212	568	0.0	709.756	cd11344	AmyAc_GlgE_like	 - 	cl38930	No
Q#349 - WP_087789497.1	specific	463388	20	207	4.80358e-87	270.189	pfam11896	GlgE_dom_N_S	 - 	cl13354	No
Q#349 - WP_087789497.1	superfamily	445893	575	652	0.00834647	35.6009	cl02706	Malt_amylase_C superfamily	 - 	 - 	No
Q#350 - WP_201824354.1	specific	235445	22	733	0.0	1260.86	PRK05402	PRK05402	 - 	cl38930	No
Q#351 - WP_159507993.1	specific	200482	195	556	0.0	670.081	cd11344	AmyAc_GlgE_like	 - 	cl38930	No
Q#351 - WP_159507993.1	specific	463388	3	190	1.36396e-74	237.447	pfam11896	GlgE_dom_N_S	 - 	cl13354	No
Q#351 - WP_159507993.1	superfamily	440065	527	598	0.0010122	42.4324	cl43092	GlgB superfamily	N	 - 	No
Q#352 - WP_164438876.1	superfamily	274113	11	784	0.0	912.556	cl30297	trehalose_TreY superfamily	 - 	 - 	No
Q#353 - WP_053126944.1	specific	200482	200	556	0.0	700.126	cd11344	AmyAc_GlgE_like	 - 	cl38930	No
Q#353 - WP_053126944.1	specific	463388	8	195	2.44227e-74	237.062	pfam11896	GlgE_dom_N_S	 - 	cl13354	No
Q#353 - WP_053126944.1	superfamily	445893	564	640	0.000633195	38.6825	cl02706	Malt_amylase_C superfamily	 - 	 - 	No
Q#354 - WP_107052101.1	specific	235445	23	744	0.0	1267.02	PRK05402	PRK05402	 - 	cl38930	No
Q#355 - WP_164339283.1	specific	200471	5	477	0.0	747.947	cd11332	AmyAc_OligoGlu_TS	 - 	cl38930	No
Q#355 - WP_164339283.1	superfamily	445893	460	536	0.00140776	38.0747	cl02706	Malt_amylase_C superfamily	 - 	 - 	No
Q#356 - WP_003982836.1	specific	200471	23	467	0.0	766.052	cd11332	AmyAc_OligoGlu_TS	 - 	cl38930	No
Q#356 - WP_003982836.1	specific	432205	448	533	5.58819e-07	47.7047	pfam11941	DUF3459	 - 	cl02706	No
Q#357 - WP_019891695.1	superfamily	274140	9	550	0.0	959.204	cl37116	treS_nterm superfamily	 - 	 - 	No
Q#358 - WP_145868226.1	specific	200471	29	510	0.0	798.408	cd11332	AmyAc_OligoGlu_TS	 - 	cl38930	No
Q#358 - WP_145868226.1	superfamily	445893	491	565	0.00111778	38.4599	cl02706	Malt_amylase_C superfamily	 - 	 - 	No
Q#359 - WP_125622527.1	specific	274114	2	543	0.0	755.33	TIGR02402	trehalose_TreZ	 - 	cl38930	No
Q#360 - WP_194278923.1	specific	441132	12	707	0.0	1310.45	COG1523	PulA	 - 	cl34294	No
Q#361 - WP_257234831.1	superfamily	274140	14	187	1.1288500000000001e-121	354.055	cl37116	treS_nterm superfamily	C	 - 	No
Q#362 - WP_161366486.1	specific	235445	235	958	0.0	1309.39	PRK05402	PRK05402	 - 	cl38930	No
Q#363 - WP_189813890.1	specific	441132	1	701	0.0	1306.98	COG1523	PulA	 - 	cl34294	No
Q#364 - WP_123992594.1	specific	200471	21	488	0.0	793.786	cd11332	AmyAc_OligoGlu_TS	 - 	cl38930	No
Q#364 - WP_123992594.1	specific	432205	470	550	1.8869e-06	46.1639	pfam11941	DUF3459	 - 	cl02706	No
Q#365 - WP_215165987.1	specific	235445	27	736	0.0	1254.31	PRK05402	PRK05402	 - 	cl38930	No
Q#366 - WP_237403404.1	specific	200471	12	475	0.0	681.308	cd11332	AmyAc_OligoGlu_TS	 - 	cl38930	No
Q#366 - WP_237403404.1	specific	432205	456	533	0.00010997	41.1563	pfam11941	DUF3459	 - 	cl02706	No
Q#367 - WP_343244019.1	superfamily	476817	42	173	7.588229999999999e-65	204.024	cl38930	AmyAc_family superfamily	C	 - 	No
Q#368 - WP_189893558.1	specific	441132	11	706	0.0	1329.71	COG1523	PulA	 - 	cl34294	No
Q#369 - WP_172624696.1	specific	441132	38	741	0.0	1183.33	COG1523	PulA	 - 	cl34294	No
Q#370 - WP_079429834.1	specific	235445	45	761	0.0	1266.25	PRK05402	PRK05402	 - 	cl38930	No
Q#371 - WP_106416199.1	specific	441132	1	709	0.0	1280.78	COG1523	PulA	 - 	cl34294	No
Q#372 - WP_189596101.1	specific	274114	2	544	0.0	812.725	TIGR02402	trehalose_TreZ	 - 	cl38930	No
Q#373 - WP_115507869.1	specific	441132	35	747	0.0	1178.71	COG1523	PulA	 - 	cl34294	No
Q#374 - WP_173937312.1	specific	200471	18	492	0.0	741.399	cd11332	AmyAc_OligoGlu_TS	 - 	cl38930	No
Q#374 - WP_173937312.1	specific	432205	473	548	7.9876e-06	44.2379	pfam11941	DUF3459	 - 	cl02706	No
Q#375 - WP_197359114.1	superfamily	476817	1	506	0.0	666.349	cl38930	AmyAc_family superfamily	 - 	 - 	No
Q#376 - WP_210918212.1	specific	235445	96	819	0.0	1267.02	PRK05402	PRK05402	 - 	cl38930	No
Q#377 - WP_053138950.1	superfamily	274113	11	813	0.0	886.748	cl30297	trehalose_TreY superfamily	 - 	 - 	No
Q#378 - WP_107438325.1	superfamily	476817	22	624	0.0	648.013	cl38930	AmyAc_family superfamily	 - 	 - 	No
Q#379 - WP_030777797.1	specific	441132	1	700	0.0	1314.3	COG1523	PulA	 - 	cl34294	No
Q#380 - WP_215213777.1	specific	441132	1	712	0.0	1273.47	COG1523	PulA	 - 	cl34294	No
Q#381 - WP_148001276.1	specific	200471	11	472	0.0	720.213	cd11332	AmyAc_OligoGlu_TS	 - 	cl38930	No
Q#382 - WP_217210892.1	specific	200471	21	481	0.0	708.657	cd11332	AmyAc_OligoGlu_TS	 - 	cl38930	No
Q#383 - WP_133898221.1	specific	200471	23	480	0.0	774.141	cd11332	AmyAc_OligoGlu_TS	 - 	cl38930	No
Q#383 - WP_133898221.1	superfamily	445893	462	544	0.00180104	37.6895	cl02706	Malt_amylase_C superfamily	 - 	 - 	No
Q#384 - WP_030323027.1	specific	274114	3	545	0.0	788.842	TIGR02402	trehalose_TreZ	 - 	cl38930	No
Q#385 - WP_374201399.1	specific	441132	1	698	0.0	1294.27	COG1523	PulA	 - 	cl34294	No
Q#386 - WP_042159534.1	specific	274114	3	549	0.0	739.922	TIGR02402	trehalose_TreZ	 - 	cl38930	No
Q#387 - WP_030258325.1	specific	274140	23	562	0.0	1030.85	TIGR02456	treS_nterm	 - 	cl37116	No
Q#388 - WP_073762708.1	specific	200485	8	398	0.0	607.698	cd11347	AmyAc_1	 - 	cl38930	No
Q#389 - WP_247697113.1	specific	200471	19	493	0.0	741.014	cd11332	AmyAc_OligoGlu_TS	 - 	cl38930	No
Q#389 - WP_247697113.1	superfamily	445893	474	549	0.00233557	37.3043	cl02706	Malt_amylase_C superfamily	 - 	 - 	No
Q#390 - WP_148024254.1	specific	200471	10	491	0.0	786.082	cd11332	AmyAc_OligoGlu_TS	 - 	cl38930	No
Q#390 - WP_148024254.1	specific	432205	472	547	1.50966e-05	43.4675	pfam11941	DUF3459	 - 	cl02706	No
Q#391 - WP_077797893.1	specific	274114	2	544	0.0	832.755	TIGR02402	trehalose_TreZ	 - 	cl38930	No
Q#392 - WP_069629435.1	specific	200471	23	494	0.0	779.534	cd11332	AmyAc_OligoGlu_TS	 - 	cl38930	No
Q#393 - WP_127469514.1	specific	235445	110	826	0.0	1302.46	PRK05402	PRK05402	 - 	cl38930	No
Q#394 - WP_189852796.1	specific	441132	1	704	0.0	1291.96	COG1523	PulA	 - 	cl34294	No
Q#395 - WP_125822947.1	specific	441132	1	702	0.0	1254.21	COG1523	PulA	 - 	cl34294	No
Q#396 - WP_194079919.1	specific	441132	32	744	0.0	1172.16	COG1523	PulA	 - 	cl34294	No
Q#397 - WP_062716992.1	specific	235445	23	735	0.0	1243.14	PRK05402	PRK05402	 - 	cl38930	No
Q#398 - WP_014055570.1	superfamily	442511	7	819	0.0	831.378	cl30295	TreY superfamily	 - 	 - 	No
Q#399 - WP_053210485.1	superfamily	442511	9	819	0.0	890.314	cl30295	TreY superfamily	 - 	 - 	No
Q#400 - WP_030238680.1	specific	200471	23	474	0.0	748.332	cd11332	AmyAc_OligoGlu_TS	 - 	cl38930	No
Q#400 - WP_030238680.1	superfamily	445893	456	538	0.00152218	38.0747	cl02706	Malt_amylase_C superfamily	 - 	 - 	No
Q#401 - WP_015657722.1	specific	200482	234	586	0.0	696.274	cd11344	AmyAc_GlgE_like	 - 	cl38930	No
Q#401 - WP_015657722.1	specific	463388	43	229	2.14437e-82	258.633	pfam11896	GlgE_dom_N_S	 - 	cl13354	No
Q#401 - WP_015657722.1	superfamily	445893	593	665	0.000694203	38.6825	cl02706	Malt_amylase_C superfamily	 - 	 - 	No
Q#402 - WP_190096969.1	specific	235445	145	868	0.0	1282.81	PRK05402	PRK05402	 - 	cl38930	No
Q#403 - WP_234308026.1	specific	200482	295	647	0.0	666.999	cd11344	AmyAc_GlgE_like	 - 	cl38930	No
Q#403 - WP_234308026.1	specific	463388	103	290	2.77935e-82	257.092	pfam11896	GlgE_dom_N_S	 - 	cl13354	No
Q#404 - WP_128429579.1	specific	441132	13	706	0.0	1322.39	COG1523	PulA	 - 	cl34294	No
Q#405 - WP_115506964.1	specific	235445	23	735	0.0	1239.29	PRK05402	PRK05402	 - 	cl38930	No
Q#406 - WP_216725013.1	specific	235445	28	737	0.0	1258.16	PRK05402	PRK05402	 - 	cl38930	No
Q#407 - WP_141295204.1	superfamily	274113	11	778	0.0	826.657	cl30297	trehalose_TreY superfamily	 - 	 - 	No
Q#408 - WP_109500672.1	specific	441132	1	690	0.0	1330.09	COG1523	PulA	 - 	cl34294	No
Q#409 - WP_189990210.1	specific	441132	1	700	0.0	1312.76	COG1523	PulA	 - 	cl34294	No
Q#410 - WP_216721243.1	specific	441132	1	705	0.0	1267.69	COG1523	PulA	 - 	cl34294	No
Q#411 - WP_031151287.1	specific	441132	1	702	0.0	1264.22	COG1523	PulA	 - 	cl34294	No
Q#412 - WP_033217783.1	specific	441132	1	702	0.0	1265.38	COG1523	PulA	 - 	cl34294	No
Q#413 - WP_150239515.1	specific	200471	23	467	0.0	764.896	cd11332	AmyAc_OligoGlu_TS	 - 	cl38930	No
Q#413 - WP_150239515.1	specific	432205	448	533	1.11751e-06	46.9343	pfam11941	DUF3459	 - 	cl02706	No
Q#414 - WP_172624393.1	superfamily	274113	11	785	0.0	842.835	cl30297	trehalose_TreY superfamily	 - 	 - 	No
Q#415 - WP_147873774.1	specific	200482	195	556	0.0	683.178	cd11344	AmyAc_GlgE_like	 - 	cl38930	No
Q#415 - WP_147873774.1	specific	463388	3	190	1.2513200000000001e-82	258.633	pfam11896	GlgE_dom_N_S	 - 	cl13354	No
Q#416 - WP_031133872.1	specific	274114	2	544	0.0	820.428	TIGR02402	trehalose_TreZ	 - 	cl38930	No
Q#417 - WP_126269986.1	specific	235445	23	733	0.0	1265.48	PRK05402	PRK05402	 - 	cl38930	No
Q#418 - WP_030831760.1	specific	200471	23	486	0.0	798.408	cd11332	AmyAc_OligoGlu_TS	 - 	cl38930	No
Q#418 - WP_030831760.1	specific	432205	468	559	6.67414e-09	53.0975	pfam11941	DUF3459	 - 	cl02706	No
Q#419 - WP_244943177.1	superfamily	273974	2	719	0.0	871.839	cl37055	pullul_strch superfamily	 - 	 - 	No
Q#420 - WP_004938576.1	specific	200471	21	485	0.0	796.097	cd11332	AmyAc_OligoGlu_TS	 - 	cl38930	No
Q#420 - WP_004938576.1	specific	432205	466	545	1.50669e-05	43.4675	pfam11941	DUF3459	 - 	cl02706	No
Q#421 - WP_150472823.1	specific	274140	23	562	0.0	1030.47	TIGR02456	treS_nterm	 - 	cl37116	No
Q#422 - WP_007384801.1	specific	200482	236	588	0.0	718.231	cd11344	AmyAc_GlgE_like	 - 	cl38930	No
Q#422 - WP_007384801.1	specific	463388	44	231	1.13374e-74	238.603	pfam11896	GlgE_dom_N_S	 - 	cl13354	No
Q#422 - WP_007384801.1	superfamily	445893	595	672	0.00012627	40.6085	cl02706	Malt_amylase_C superfamily	 - 	 - 	No
Q#423 - WP_215105471.1	specific	235445	87	805	0.0	1293.6	PRK05402	PRK05402	 - 	cl38930	No
Q#424 - WP_188293765.1	specific	235445	26	514	0.0	878.739	PRK05402	PRK05402	C	cl38930	No
Q#425 - WP_159703286.1	specific	200471	10	491	0.0	784.156	cd11332	AmyAc_OligoGlu_TS	 - 	cl38930	No
Q#425 - WP_159703286.1	specific	432205	472	547	8.73798e-06	44.2379	pfam11941	DUF3459	 - 	cl02706	No
Q#426 - WP_086558889.1	specific	200482	200	556	0.0	705.134	cd11344	AmyAc_GlgE_like	 - 	cl38930	No
Q#426 - WP_086558889.1	specific	463388	8	195	7.923910000000001e-76	240.914	pfam11896	GlgE_dom_N_S	 - 	cl13354	No
Q#426 - WP_086558889.1	superfamily	445893	564	640	4.30021e-05	42.1493	cl02706	Malt_amylase_C superfamily	 - 	 - 	No
Q#427 - WP_167343631.1	specific	274140	23	568	0.0	1033.16	TIGR02456	treS_nterm	 - 	cl37116	No
Q#428 - WP_030862489.1	specific	235445	32	739	0.0	1249.69	PRK05402	PRK05402	 - 	cl38930	No
Q#429 - WP_159775551.1	specific	441132	1	689	0.0	1300.04	COG1523	PulA	 - 	cl34294	No
Q#430 - WP_189750285.1	specific	441132	54	770	0.0	1149.05	COG1523	PulA	 - 	cl34294	No
Q#431 - WP_044385096.1	specific	441132	1	703	0.0	1284.64	COG1523	PulA	 - 	cl34294	No
Q#432 - WP_075971271.1	specific	200475	22	647	0.0	733.913	cd11336	AmyAc_MTSase	 - 	cl38930	No
Q#433 - WP_048460155.1	specific	200471	12	468	0.0	697.871	cd11332	AmyAc_OligoGlu_TS	 - 	cl38930	No
Q#433 - WP_048460155.1	superfamily	445893	450	523	0.00536055	36.1487	cl02706	Malt_amylase_C superfamily	 - 	 - 	No
Q#434 - WP_051781833.1	specific	200475	22	661	0.0	765.884	cd11336	AmyAc_MTSase	 - 	cl38930	No
Q#434 - WP_051781833.1	superfamily	236759	589	737	0.000168596	44.998	cl35948	PRK10785 superfamily	N	 - 	No
Q#435 - WP_069622012.1	specific	200471	23	453	0.0	743.71	cd11332	AmyAc_OligoGlu_TS	 - 	cl38930	No
Q#436 - WP_184988365.1	specific	441132	40	747	0.0	1162.14	COG1523	PulA	 - 	cl34294	No
Q#437 - WP_190200230.1	specific	200471	18	492	0.0	746.792	cd11332	AmyAc_OligoGlu_TS	 - 	cl38930	No
Q#437 - WP_190200230.1	specific	432205	473	548	2.38431e-05	43.0823	pfam11941	DUF3459	 - 	cl02706	No
Q#438 - WP_185013764.1	specific	235445	23	732	0.0	1252.38	PRK05402	PRK05402	 - 	cl38930	No
Q#439 - WP_131589597.1	specific	200482	200	556	0.0	697.43	cd11344	AmyAc_GlgE_like	 - 	cl38930	No
Q#439 - WP_131589597.1	specific	463388	8	195	1.68981e-79	250.159	pfam11896	GlgE_dom_N_S	 - 	cl13354	No
Q#439 - WP_131589597.1	superfamily	445893	564	629	2.86782e-05	42.5345	cl02706	Malt_amylase_C superfamily	 - 	 - 	No
Q#440 - WP_229876552.1	specific	235445	231	952	0.0	1273.95	PRK05402	PRK05402	 - 	cl38930	No
Q#441 - WP_185014830.1	specific	200471	21	502	0.0	806.112	cd11332	AmyAc_OligoGlu_TS	 - 	cl38930	No
Q#442 - WP_030389554.1	specific	200471	19	468	0.0	755.266	cd11332	AmyAc_OligoGlu_TS	 - 	cl38930	No
Q#442 - WP_030389554.1	specific	432205	450	527	6.64527e-07	47.3195	pfam11941	DUF3459	 - 	cl02706	No
Q#443 - WP_162637318.1	superfamily	476817	200	381	1.3963699999999999e-132	383.492	cl38930	AmyAc_family superfamily	C	 - 	No
Q#443 - WP_162637318.1	specific	463388	8	195	2.3165e-74	228.973	pfam11896	GlgE_dom_N_S	 - 	cl13354	No
Q#444 - WP_125820949.1	specific	200471	19	468	0.0	756.036	cd11332	AmyAc_OligoGlu_TS	 - 	cl38930	No
Q#444 - WP_125820949.1	specific	432205	450	528	4.33907e-06	45.0083	pfam11941	DUF3459	 - 	cl02706	No
Q#445 - WP_037856712.1	superfamily	476817	1	219	1.33887e-143	409.301	cl38930	AmyAc_family superfamily	N	 - 	No
Q#445 - WP_037856712.1	specific	435493	227	292	4.52285e-07	46.7717	pfam16657	Malt_amylase_C	 - 	cl02706	No
Q#446 - WP_073767061.1	superfamily	442511	1	790	0.0	882.995	cl30295	TreY superfamily	 - 	 - 	No
Q#447 - WP_106411869.1	specific	274114	2	544	0.0	801.554	TIGR02402	trehalose_TreZ	 - 	cl38930	No
Q#448 - WP_150499313.1	superfamily	274113	11	780	0.0	916.794	cl30297	trehalose_TreY superfamily	 - 	 - 	No
Q#449 - WP_148023050.1	specific	274114	2	544	0.0	813.495	TIGR02402	trehalose_TreZ	 - 	cl38930	No
Q#450 - WP_030762472.1	specific	441132	1	704	0.0	1283.48	COG1523	PulA	 - 	cl34294	No
Q#451 - WP_194080523.1	specific	274114	2	544	0.0	838.918	TIGR02402	trehalose_TreZ	 - 	cl38930	No
Q#452 - WP_208031884.1	specific	200471	23	495	0.0	778.378	cd11332	AmyAc_OligoGlu_TS	 - 	cl38930	No
Q#453 - WP_201852868.1	superfamily	442511	7	864	0.0	857.572	cl30295	TreY superfamily	 - 	 - 	No
Q#454 - WP_087791531.1	specific	200471	5	479	0.0	728.687	cd11332	AmyAc_OligoGlu_TS	 - 	cl38930	No
Q#454 - WP_087791531.1	specific	432205	460	537	6.89737e-05	41.5415	pfam11941	DUF3459	 - 	cl02706	No
Q#455 - WP_055542204.1	specific	235445	1	597	0.0	1103.31	PRK05402	PRK05402	 - 	cl38930	No
Q#456 - WP_162468784.1	specific	200471	13	470	0.0	689.012	cd11332	AmyAc_OligoGlu_TS	 - 	cl38930	No
Q#456 - WP_162468784.1	specific	432205	462	536	1.40941e-05	43.8527	pfam11941	DUF3459	 - 	cl02706	No
Q#457 - WP_087792383.1	specific	274140	23	561	0.0	1026.23	TIGR02456	treS_nterm	 - 	cl37116	No
Q#458 - WP_037927189.1	specific	200471	21	485	0.0	811.12	cd11332	AmyAc_OligoGlu_TS	 - 	cl38930	No
Q#458 - WP_037927189.1	specific	432205	467	544	1.73153e-06	46.1639	pfam11941	DUF3459	 - 	cl02706	No
Q#459 - WP_189555233.1	specific	200471	5	478	0.0	740.628	cd11332	AmyAc_OligoGlu_TS	 - 	cl38930	No
Q#459 - WP_189555233.1	specific	432205	459	535	0.000350988	39.6155	pfam11941	DUF3459	 - 	cl02706	No
Q#460 - WP_043464139.1	specific	200471	11	480	0.0	714.05	cd11332	AmyAc_OligoGlu_TS	 - 	cl38930	No
Q#460 - WP_043464139.1	specific	432205	463	539	0.000262439	40.0007	pfam11941	DUF3459	 - 	cl02706	No
Q#461 - WP_189996455.1	specific	200471	23	495	0.0	819.98	cd11332	AmyAc_OligoGlu_TS	 - 	cl38930	No
Q#461 - WP_189996455.1	specific	432205	477	557	8.45184e-06	44.2379	pfam11941	DUF3459	 - 	cl02706	No
Q#462 - WP_208680514.1	specific	274114	3	549	0.0	749.937	TIGR02402	trehalose_TreZ	 - 	cl38930	No
Q#463 - WP_030079176.1	specific	274140	23	562	0.0	1029.7	TIGR02456	treS_nterm	 - 	cl37116	No
Q#464 - WP_126393618.1	specific	200471	16	476	0.0	739.858	cd11332	AmyAc_OligoGlu_TS	 - 	cl38930	No
Q#465 - WP_185010762.1	specific	441132	1	722	0.0	1275.78	COG1523	PulA	 - 	cl34294	No
Q#466 - WP_152370950.1	specific	274114	3	545	0.0	779.212	TIGR02402	trehalose_TreZ	 - 	cl38930	No
Q#467 - WP_030725287.1	specific	441132	57	766	0.0	1150.97	COG1523	PulA	 - 	cl34294	No
Q#468 - WP_037800872.1	specific	200471	15	472	0.0	725.606	cd11332	AmyAc_OligoGlu_TS	 - 	cl38930	No
Q#469 - WP_189848006.1	specific	274140	23	562	0.0	1010.82	TIGR02456	treS_nterm	 - 	cl37116	No
Q#470 - WP_071892235.1	superfamily	274113	13	780	0.0	799.693	cl30297	trehalose_TreY superfamily	 - 	 - 	No
Q#471 - WP_162833327.1	specific	235445	71	793	0.0	1283.2	PRK05402	PRK05402	 - 	cl38930	No
Q#472 - WP_216717374.1	specific	274114	2	544	0.0	813.11	TIGR02402	trehalose_TreZ	 - 	cl38930	No
Q#473 - WP_030258245.1	specific	200471	27	502	0.0	811.89	cd11332	AmyAc_OligoGlu_TS	 - 	cl38930	No
Q#473 - WP_030258245.1	specific	432205	483	563	1.73713e-05	43.4675	pfam11941	DUF3459	 - 	cl02706	No
Q#474 - WP_171157411.1	specific	200471	6	475	0.0	727.146	cd11332	AmyAc_OligoGlu_TS	 - 	cl38930	No
Q#474 - WP_171157411.1	specific	432205	456	532	7.45584e-05	41.5415	pfam11941	DUF3459	 - 	cl02706	No
Q#475 - WP_071385444.1	specific	441132	1	697	0.0	1310.83	COG1523	PulA	 - 	cl34294	No
Q#476 - WP_030802581.1	specific	274114	2	544	0.0	819.273	TIGR02402	trehalose_TreZ	 - 	cl38930	No
Q#477 - WP_037879556.1	specific	274140	23	562	0.0	1023.15	TIGR02456	treS_nterm	 - 	cl37116	No
Q#478 - WP_030280617.1	specific	200482	194	555	0.0	644.658	cd11344	AmyAc_GlgE_like	 - 	cl38930	No
Q#478 - WP_030280617.1	specific	463388	3	189	9.073199999999999e-59	195.845	pfam11896	GlgE_dom_N_S	 - 	cl13354	No
Q#479 - WP_184989783.1	superfamily	274113	11	786	0.0	928.735	cl30297	trehalose_TreY superfamily	 - 	 - 	No
Q#480 - WP_031051820.1	specific	441132	1	708	0.0	1261.14	COG1523	PulA	 - 	cl34294	No
Q#481 - WP_093860467.1	specific	274140	22	562	0.0	999.649	TIGR02456	treS_nterm	 - 	cl37116	No
Q#482 - WP_103530103.1	specific	200482	195	566	0.0	669.696	cd11344	AmyAc_GlgE_like	 - 	cl38930	No
Q#482 - WP_103530103.1	specific	463388	3	190	3.04445e-76	242.069	pfam11896	GlgE_dom_N_S	 - 	cl13354	No
Q#482 - WP_103530103.1	superfamily	445893	573	650	0.000755211	38.6825	cl02706	Malt_amylase_C superfamily	 - 	 - 	No
Q#483 - WP_189303160.1	specific	200471	12	467	0.0	690.938	cd11332	AmyAc_OligoGlu_TS	 - 	cl38930	No
Q#483 - WP_189303160.1	superfamily	445893	459	533	0.00384905	36.9191	cl02706	Malt_amylase_C superfamily	 - 	 - 	No
Q#484 - WP_237292703.1	specific	441132	23	704	0.0	1021.93	COG1523	PulA	 - 	cl34294	No
Q#485 - WP_030887782.1	superfamily	442511	9	851	0.0	830.223	cl30295	TreY superfamily	 - 	 - 	No
Q#486 - WP_064457912.1	specific	200471	22	485	0.0	819.98	cd11332	AmyAc_OligoGlu_TS	 - 	cl38930	No
Q#486 - WP_064457912.1	specific	432205	466	545	1.67753e-05	43.4675	pfam11941	DUF3459	 - 	cl02706	No
Q#487 - WP_064456276.1	specific	441132	1	712	0.0	1279.63	COG1523	PulA	 - 	cl34294	No
Q#488 - WP_210913737.1	specific	200471	2	461	0.0	695.945	cd11332	AmyAc_OligoGlu_TS	 - 	cl38930	No
Q#488 - WP_210913737.1	specific	432205	442	522	2.302e-06	45.7787	pfam11941	DUF3459	 - 	cl02706	No
Q#489 - WP_043468717.1	specific	274114	2	543	0.0	752.248	TIGR02402	trehalose_TreZ	 - 	cl38930	No
Q#490 - WP_119991838.1	specific	274114	3	541	0.0	763.804	TIGR02402	trehalose_TreZ	 - 	cl38930	No
Q#491 - WP_030412439.1	specific	274140	23	568	0.0	1028.92	TIGR02456	treS_nterm	 - 	cl37116	No
Q#492 - WP_077797888.1	specific	441132	1	703	0.0	1282.33	COG1523	PulA	 - 	cl34294	No
Q#493 - WP_268252902.1	superfamily	274140	1	163	1.651e-111	327.476	cl37116	treS_nterm superfamily	C	 - 	No
Q#494 - WP_057666536.1	superfamily	442511	1	790	0.0	876.832	cl30295	TreY superfamily	 - 	 - 	No
Q#495 - WP_208614960.1	specific	200471	6	480	0.0	741.399	cd11332	AmyAc_OligoGlu_TS	 - 	cl38930	No
Q#495 - WP_208614960.1	specific	432205	461	537	7.80142e-05	41.5415	pfam11941	DUF3459	 - 	cl02706	No
Q#496 - WP_208034517.1	specific	441132	37	745	0.0	1165.61	COG1523	PulA	 - 	cl34294	No
Q#497 - WP_193563978.1	specific	235445	113	839	0.0	1264.71	PRK05402	PRK05402	 - 	cl38930	No
Q#498 - WP_254664758.1	specific	441132	1	535	0.0	1110.14	COG1523	PulA	C	cl34294	No
Q#499 - WP_003973556.1	specific	274140	23	562	0.0	1031.24	TIGR02456	treS_nterm	 - 	cl37116	No
Q#500 - WP_190009573.1	specific	200471	12	470	0.0	694.019	cd11332	AmyAc_OligoGlu_TS	 - 	cl38930	No
Q#500 - WP_190009573.1	superfamily	445893	452	525	0.00121949	38.0747	cl02706	Malt_amylase_C superfamily	 - 	 - 	No
Q#501 - WP_189304368.1	specific	200471	36	513	0.0	719.442	cd11332	AmyAc_OligoGlu_TS	 - 	cl38930	No
Q#501 - WP_189304368.1	specific	432205	494	569	1.02462e-05	44.2379	pfam11941	DUF3459	 - 	cl02706	No
Q#502 - WP_097263202.1	specific	200471	21	494	0.0	808.424	cd11332	AmyAc_OligoGlu_TS	 - 	cl38930	No
Q#502 - WP_097263202.1	specific	432205	476	556	2.10474e-06	46.1639	pfam11941	DUF3459	 - 	cl02706	No
Q#503 - WP_093538989.1	specific	200471	14	477	0.0	705.19	cd11332	AmyAc_OligoGlu_TS	 - 	cl38930	No
Q#503 - WP_093538989.1	specific	432205	458	535	0.000119388	41.1563	pfam11941	DUF3459	 - 	cl02706	No
Q#504 - WP_141296567.1	specific	274140	23	562	0.0	1010.44	TIGR02456	treS_nterm	 - 	cl37116	No
Q#505 - WP_053922089.1	specific	441132	21	757	0.0	1189.88	COG1523	PulA	 - 	cl34294	No
Q#506 - WP_030836433.1	specific	200471	27	499	0.0	821.52	cd11332	AmyAc_OligoGlu_TS	 - 	cl38930	No
Q#506 - WP_030836433.1	specific	432205	481	561	5.52512e-07	47.7047	pfam11941	DUF3459	 - 	cl02706	No
Q#507 - WP_189819469.1	specific	235445	70	793	0.0	1282.81	PRK05402	PRK05402	 - 	cl38930	No
Q#508 - WP_126399420.1(Warning: this sequence record may be obsolete or preliminary)	specific	200456	1	336	7.09629e-173	486.3	cd11317	AmyAc_bac_euk_AmyA	 - 	cl38930	No
Q#508 - WP_126399420.1(Warning: this sequence record may be obsolete or preliminary)	specific	214749	342	416	3.62207e-26	100.775	smart00632	Aamy_C	 - 	cl02706	No
Q#509 - WP_125668169.1	specific	441132	21	730	0.0	1157.91	COG1523	PulA	 - 	cl34294	No
Q#510 - WP_145825729.1	specific	274140	22	561	0.0	1028.92	TIGR02456	treS_nterm	 - 	cl37116	No
Q#511 - WP_185831244.1	specific	200482	195	556	0.0	680.481	cd11344	AmyAc_GlgE_like	 - 	cl38930	No
Q#511 - WP_185831244.1	specific	463388	3	190	1.3069299999999999e-80	253.24	pfam11896	GlgE_dom_N_S	 - 	cl13354	No
Q#511 - WP_185831244.1	superfamily	445893	563	643	0.000115785	40.9937	cl02706	Malt_amylase_C superfamily	 - 	 - 	No
Q#512 - WP_079154343.1	specific	235445	48	762	0.0	1280.89	PRK05402	PRK05402	 - 	cl38930	No
Q#513 - WP_086721439.1	specific	200471	13	463	0.0	786.852	cd11332	AmyAc_OligoGlu_TS	 - 	cl38930	No
Q#513 - WP_086721439.1	specific	432205	445	526	3.76424e-09	53.8679	pfam11941	DUF3459	 - 	cl02706	No
Q#514 - WP_159685575.1	specific	200471	19	485	0.0	789.164	cd11332	AmyAc_OligoGlu_TS	 - 	cl38930	No
Q#514 - WP_159685575.1	specific	432205	467	547	0.000275033	40.0007	pfam11941	DUF3459	 - 	cl02706	No
Q#515 - WP_208948740.1	specific	441132	58	770	0.0	1142.5	COG1523	PulA	 - 	cl34294	No
Q#516 - WP_094222216.1	specific	200482	200	556	0.0	698.586	cd11344	AmyAc_GlgE_like	 - 	cl38930	No
Q#516 - WP_094222216.1	specific	463388	8	195	3.55718e-78	246.692	pfam11896	GlgE_dom_N_S	 - 	cl13354	No
Q#516 - WP_094222216.1	superfamily	445893	564	605	0.000451406	39.0677	cl02706	Malt_amylase_C superfamily	C	 - 	No
Q#517 - WP_145885148.1	specific	441132	21	708	0.0	1014.23	COG1523	PulA	 - 	cl34294	No
Q#518 - WP_102911363.1	specific	441132	1	708	0.0	1273.47	COG1523	PulA	 - 	cl34294	No
Q#519 - WP_041819087.1	superfamily	274113	11	780	0.0	885.207	cl30297	trehalose_TreY superfamily	 - 	 - 	No
Q#520 - WP_128978692.1	specific	441132	29	740	0.0	1229.94	COG1523	PulA	 - 	cl34294	No
Q#521 - WP_107474943.1	specific	441132	64	772	0.0	1162.53	COG1523	PulA	 - 	cl34294	No
Q#522 - WP_217464436.1	superfamily	274140	1	304	0.0	570.152	cl37116	treS_nterm superfamily	N	 - 	No
Q#523 - WP_126274449.1	specific	200482	229	581	0.0	713.994	cd11344	AmyAc_GlgE_like	 - 	cl38930	No
Q#523 - WP_126274449.1	specific	463388	38	224	5.25667e-84	262.87	pfam11896	GlgE_dom_N_S	 - 	cl13354	No
Q#523 - WP_126274449.1	superfamily	445893	588	665	0.00030213	39.8381	cl02706	Malt_amylase_C superfamily	 - 	 - 	No
Q#524 - WP_189598971.1	superfamily	274140	1	255	2.5133600000000002e-176	496.194	cl37116	treS_nterm superfamily	N	 - 	No
Q#525 - WP_030386028.1	specific	441132	1	702	0.0	1263.84	COG1523	PulA	 - 	cl34294	No
Q#526 - WP_150484816.1	specific	235445	23	732	0.0	1259.7	PRK05402	PRK05402	 - 	cl38930	No
Q#527 - WP_217131023.1	specific	235445	130	853	0.0	1290.9	PRK05402	PRK05402	 - 	cl38930	No
Q#527 - WP_217131023.1	superfamily	369339	60	114	2.66385e-07	51.7031	cl22465	HC2 superfamily	NC	 - 	No
Q#528 - WP_216717371.1	specific	441132	1	709	0.0	1279.63	COG1523	PulA	 - 	cl34294	No
Q#529 - WP_208643279.1	superfamily	274113	11	785	0.0	870.955	cl30297	trehalose_TreY superfamily	 - 	 - 	No
Q#530 - WP_059083729.1	specific	200471	14	489	0.0	729.072	cd11332	AmyAc_OligoGlu_TS	 - 	cl38930	No
Q#531 - WP_033264622.1	specific	235445	8	732	0.0	1240.44	PRK05402	PRK05402	 - 	cl38930	No
Q#532 - WP_055598798.1	specific	441132	21	733	0.0	1160.22	COG1523	PulA	 - 	cl34294	No
Q#533 - WP_189298044.1	specific	200471	22	484	0.0	742.554	cd11332	AmyAc_OligoGlu_TS	 - 	cl38930	No
Q#533 - WP_189298044.1	superfamily	445893	465	544	0.0017662	37.6895	cl02706	Malt_amylase_C superfamily	 - 	 - 	No
Q#534 - WP_073745369.1	specific	200482	195	595	0.0	661.992	cd11344	AmyAc_GlgE_like	 - 	cl38930	No
Q#534 - WP_073745369.1	specific	463388	3	190	4.45831e-84	263.255	pfam11896	GlgE_dom_N_S	 - 	cl13354	No
Q#535 - WP_084991397.1	superfamily	442511	1	793	0.0	901.485	cl30295	TreY superfamily	 - 	 - 	No
Q#536 - WP_030749173.1	specific	441132	11	706	0.0	1321.23	COG1523	PulA	 - 	cl34294	No
Q#537 - WP_184765483.1	specific	200471	27	499	0.0	810.35	cd11332	AmyAc_OligoGlu_TS	 - 	cl38930	No
Q#537 - WP_184765483.1	specific	432205	481	561	1.6011e-06	46.5491	pfam11941	DUF3459	 - 	cl02706	No
Q#538 - WP_062666477.1	specific	441132	36	748	0.0	1185.26	COG1523	PulA	 - 	cl34294	No
Q#539 - WP_030339420.1	specific	235445	21	732	0.0	1250.07	PRK05402	PRK05402	 - 	cl38930	No
Q#540 - WP_205023007.1	specific	235445	89	774	0.0	1236.2	PRK05402	PRK05402	 - 	cl38930	No
Q#541 - WP_208641568.1	specific	200471	18	492	0.0	746.792	cd11332	AmyAc_OligoGlu_TS	 - 	cl38930	No
Q#542 - WP_053930051.1	specific	200471	12	472	0.0	682.463	cd11332	AmyAc_OligoGlu_TS	 - 	cl38930	No
Q#542 - WP_053930051.1	specific	432205	456	540	0.00012107	41.1563	pfam11941	DUF3459	 - 	cl02706	No
Q#543 - WP_210918214.1	specific	274140	1	520	0.0	994.257	TIGR02456	treS_nterm	 - 	cl37116	No
Q#544 - WP_067440006.1	specific	441132	32	744	0.0	1172.93	COG1523	PulA	 - 	cl34294	No
Q#545 - WP_194277968.1	specific	200471	26	498	0.0	813.431	cd11332	AmyAc_OligoGlu_TS	 - 	cl38930	No
Q#545 - WP_194277968.1	specific	432205	480	560	2.31575e-06	45.7787	pfam11941	DUF3459	 - 	cl02706	No
Q#546 - WP_062026989.1	specific	274140	23	562	0.0	1044.33	TIGR02456	treS_nterm	 - 	cl37116	No
Q#547 - WP_030858686.1	specific	200471	5	479	0.0	742.554	cd11332	AmyAc_OligoGlu_TS	 - 	cl38930	No
Q#548 - WP_030544373.1	specific	441132	1	748	0.0	1256.52	COG1523	PulA	 - 	cl34294	No
Q#549 - WP_212671553.1	specific	235445	23	735	0.0	1268.56	PRK05402	PRK05402	 - 	cl38930	No
Q#550 - WP_063735571.1	specific	200471	9	491	0.0	768.363	cd11332	AmyAc_OligoGlu_TS	 - 	cl38930	No
Q#550 - WP_063735571.1	superfamily	445893	472	549	0.00388138	36.9191	cl02706	Malt_amylase_C superfamily	 - 	 - 	No
Q#551 - WP_077799197.1	specific	274140	23	561	0.0	1030.47	TIGR02456	treS_nterm	 - 	cl37116	No
Q#552 - WP_164235211.1	specific	200472	15	482	0.0	793.198	cd11333	AmyAc_SI_OligoGlu_DGase	 - 	cl38930	No
Q#552 - WP_164235211.1	specific	435493	489	561	1.99762e-09	54.0905	pfam16657	Malt_amylase_C	 - 	cl02706	No
Q#553 - WP_142196072.1	specific	200471	5	479	0.0	752.57	cd11332	AmyAc_OligoGlu_TS	 - 	cl38930	No
Q#553 - WP_142196072.1	specific	432205	460	535	9.01248e-06	44.2379	pfam11941	DUF3459	 - 	cl02706	No
Q#554 - WP_129260623.1	specific	200471	12	472	0.0	705.19	cd11332	AmyAc_OligoGlu_TS	 - 	cl38930	No
Q#554 - WP_129260623.1	specific	432205	456	540	2.23519e-05	43.0823	pfam11941	DUF3459	 - 	cl02706	No
Q#555 - WP_130336043.1	specific	200482	200	556	0.0	704.364	cd11344	AmyAc_GlgE_like	 - 	cl38930	No
Q#555 - WP_130336043.1	specific	463388	8	195	6.5295400000000005e-83	259.403	pfam11896	GlgE_dom_N_S	 - 	cl13354	No
Q#555 - WP_130336043.1	superfamily	445893	564	629	6.73009e-05	41.3789	cl02706	Malt_amylase_C superfamily	 - 	 - 	No
Q#556 - WP_042159518.1	specific	441132	1	732	0.0	1268.46	COG1523	PulA	 - 	cl34294	No
Q#557 - WP_141295377.1	specific	274114	3	545	0.0	786.146	TIGR02402	trehalose_TreZ	 - 	cl38930	No
Q#558 - WP_030668721.1	specific	200471	6	487	0.0	798.023	cd11332	AmyAc_OligoGlu_TS	 - 	cl38930	No
Q#558 - WP_030668721.1	specific	432205	468	544	0.000270754	40.0007	pfam11941	DUF3459	 - 	cl02706	No
Q#559 - WP_181797500.1	specific	235445	1	669	0.0	1180.35	PRK05402	PRK05402	 - 	cl38930	No
Q#560 - WP_030323041.1	specific	441132	1	704	0.0	1278.09	COG1523	PulA	 - 	cl34294	No
Q#561 - WP_217234794.1	specific	441132	37	741	0.0	1150.97	COG1523	PulA	 - 	cl34294	No
Q#562 - WP_189886999.1	specific	200471	12	469	0.0	687.086	cd11332	AmyAc_OligoGlu_TS	 - 	cl38930	No
Q#562 - WP_189886999.1	specific	432205	459	532	7.14127e-05	41.5415	pfam11941	DUF3459	 - 	cl02706	No
Q#563 - WP_097220777.1	specific	441132	40	747	0.0	1161.76	COG1523	PulA	 - 	cl34294	No
Q#564 - WP_030080210.1	specific	235445	2	723	0.0	1242.37	PRK05402	PRK05402	 - 	cl38930	No
Q#565 - WP_208034498.1	specific	235445	70	793	0.0	1288.98	PRK05402	PRK05402	 - 	cl38930	No
Q#566 - WP_030235940.1	specific	200482	195	557	0.0	674.703	cd11344	AmyAc_GlgE_like	 - 	cl38930	No
Q#566 - WP_030235940.1	specific	463388	3	190	4.86192e-67	217.802	pfam11896	GlgE_dom_N_S	 - 	cl13354	No
Q#566 - WP_030235940.1	superfamily	440065	528	595	0.00127955	42.0472	cl43092	GlgB superfamily	N	 - 	No
Q#567 - WP_037776136.1	specific	274114	3	545	0.0	820.814	TIGR02402	trehalose_TreZ	 - 	cl38930	No
Q#568 - WP_078597715.1	specific	235445	87	805	0.0	1291.67	PRK05402	PRK05402	 - 	cl38930	No
Q#569 - WP_079022682.1	specific	235445	158	874	0.0	1313.24	PRK05402	PRK05402	 - 	cl38930	No
Q#569 - WP_079022682.1	superfamily	369339	45	170	9.30989e-11	61.7182	cl22465	HC2 superfamily	C	 - 	No
Q#570 - WP_098026102.1	superfamily	442511	1	792	0.0	885.692	cl30295	TreY superfamily	 - 	 - 	No
Q#571 - WP_079162004.1	specific	200482	215	571	0.0	665.458	cd11344	AmyAc_GlgE_like	 - 	cl38930	No
Q#571 - WP_079162004.1	specific	463388	23	210	2.28223e-73	234.751	pfam11896	GlgE_dom_N_S	 - 	cl13354	No
Q#571 - WP_079162004.1	superfamily	445893	579	650	0.0082219	35.6009	cl02706	Malt_amylase_C superfamily	 - 	 - 	No
Q#572 - WP_019890211.1	specific	274114	2	548	0.0	794.62	TIGR02402	trehalose_TreZ	 - 	cl38930	No
Q#573 - WP_052856388.1	specific	200482	195	556	0.0	667.384	cd11344	AmyAc_GlgE_like	 - 	cl38930	No
Q#573 - WP_052856388.1	specific	463388	3	190	5.19064e-81	254.396	pfam11896	GlgE_dom_N_S	 - 	cl13354	No
Q#573 - WP_052856388.1	superfamily	445893	563	644	0.00121227	37.9121	cl02706	Malt_amylase_C superfamily	 - 	 - 	No
Q#574 - WP_376697955.1	specific	235445	41	756	0.0	1210.78	PRK05402	PRK05402	 - 	cl38930	No
Q#575 - WP_044384084.1	specific	441132	41	747	0.0	1168.31	COG1523	PulA	 - 	cl34294	No
Q#576 - WP_031064144.1	specific	200471	6	463	0.0	787.238	cd11332	AmyAc_OligoGlu_TS	 - 	cl38930	No
Q#577 - WP_020938141.1	specific	274140	22	561	0.0	1029.7	TIGR02456	treS_nterm	 - 	cl37116	No
Q#578 - WP_188293642.1	specific	441132	34	746	0.0	1177.17	COG1523	PulA	 - 	cl34294	No
Q#579 - WP_093632167.1	specific	441132	1	703	0.0	1261.52	COG1523	PulA	 - 	cl34294	No
Q#580 - WP_099967542.1	superfamily	274140	1	380	0.0	696.883	cl37116	treS_nterm superfamily	N	 - 	No
Q#581 - WP_030719936.1	specific	274114	2	545	0.0	758.797	TIGR02402	trehalose_TreZ	 - 	cl38930	No
Q#582 - WP_128434759.1	specific	235445	165	889	0.0	1297.84	PRK05402	PRK05402	 - 	cl38930	No
Q#583 - WP_125051584.1	specific	200471	19	498	0.0	727.917	cd11332	AmyAc_OligoGlu_TS	 - 	cl38930	No
Q#583 - WP_125051584.1	specific	432205	479	556	0.000110234	41.1563	pfam11941	DUF3459	 - 	cl02706	No
Q#584 - WP_109163008.1	specific	441132	1	707	0.0	1277.7	COG1523	PulA	 - 	cl34294	No
Q#585 - WP_146046341.1	superfamily	273974	224	1074	0.0	1007.81	cl37055	pullul_strch superfamily	 - 	 - 	No
Q#585 - WP_146046341.1	specific	199215	10	109	1.23348e-34	127.834	cd10315	CBM41_pullulanase	 - 	cl47018	No
Q#585 - WP_146046341.1	specific	461022	119	211	3.5015299999999998e-31	117.857	pfam03714	PUD	 - 	cl47835	No
Q#586 - WP_215173413.1	specific	200471	27	494	0.0	806.883	cd11332	AmyAc_OligoGlu_TS	 - 	cl38930	No
Q#586 - WP_215173413.1	specific	432205	476	556	3.7441e-06	45.3935	pfam11941	DUF3459	 - 	cl02706	No
Q#587 - WP_150257176.1	specific	200471	19	485	0.0	821.135	cd11332	AmyAc_OligoGlu_TS	 - 	cl38930	No
Q#587 - WP_150257176.1	specific	432205	467	544	1.71317e-07	49.2455	pfam11941	DUF3459	 - 	cl02706	No
Q#588 - WP_215106481.1	specific	200482	195	566	0.0	670.851	cd11344	AmyAc_GlgE_like	 - 	cl38930	No
Q#588 - WP_215106481.1	specific	463388	3	190	4.2718600000000005e-76	241.684	pfam11896	GlgE_dom_N_S	 - 	cl13354	No
Q#588 - WP_215106481.1	superfamily	445893	573	650	0.000344411	39.4529	cl02706	Malt_amylase_C superfamily	 - 	 - 	No
Q#589 - WP_010983163.1	specific	200471	12	471	0.0	699.027	cd11332	AmyAc_OligoGlu_TS	 - 	cl38930	No
Q#589 - WP_010983163.1	specific	432205	457	531	0.000276996	40.0007	pfam11941	DUF3459	 - 	cl02706	No
Q#590 - WP_217461794.1	specific	441132	34	743	0.0	1153.67	COG1523	PulA	 - 	cl34294	No
Q#591 - WP_190010949.1	specific	235445	27	736	0.0	1258.16	PRK05402	PRK05402	 - 	cl38930	No
Q#592 - WP_031127136.1	specific	441132	1	707	0.0	1279.63	COG1523	PulA	 - 	cl34294	No
Q#593 - WP_046089258.1	specific	274114	3	540	0.0	769.197	TIGR02402	trehalose_TreZ	 - 	cl38930	No
Q#594 - WP_052856389.1	specific	274140	23	569	0.0	1025.84	TIGR02456	treS_nterm	 - 	cl37116	No
Q#595 - WP_147878142.1	specific	200471	12	473	0.0	706.346	cd11332	AmyAc_OligoGlu_TS	 - 	cl38930	No
Q#595 - WP_147878142.1	specific	432205	456	544	0.00022271	40.3859	pfam11941	DUF3459	 - 	cl02706	No
Q#596 - WP_067426087.1	specific	200482	200	556	0.0	701.667	cd11344	AmyAc_GlgE_like	 - 	cl38930	No
Q#596 - WP_067426087.1	specific	463388	8	195	1.29946e-84	263.641	pfam11896	GlgE_dom_N_S	 - 	cl13354	No
Q#596 - WP_067426087.1	superfamily	445893	568	605	0.000732488	38.6825	cl02706	Malt_amylase_C superfamily	C	 - 	No
Q#597 - WP_097250933.1	specific	235445	28	745	0.0	1278.19	PRK05402	PRK05402	 - 	cl38930	No
Q#598 - WP_093630278.1	specific	200471	12	466	0.0	677.841	cd11332	AmyAc_OligoGlu_TS	 - 	cl38930	No
Q#598 - WP_093630278.1	specific	432205	456	530	3.35405e-06	45.3935	pfam11941	DUF3459	 - 	cl02706	No
Q#599 - WP_323376583.1	specific	274114	2	544	0.0	833.14	TIGR02402	trehalose_TreZ	 - 	cl38930	No
Q#600 - WP_086016295.1	specific	441132	11	701	0.0	1301.59	COG1523	PulA	 - 	cl34294	No
Q#601 - WP_030350158.1	specific	200471	12	475	0.0	710.583	cd11332	AmyAc_OligoGlu_TS	 - 	cl38930	No
Q#601 - WP_030350158.1	specific	432205	456	532	3.01865e-06	45.3935	pfam11941	DUF3459	 - 	cl02706	No
Q#602 - WP_173310734.1	specific	200471	21	496	0.0	797.253	cd11332	AmyAc_OligoGlu_TS	 - 	cl38930	No
Q#602 - WP_173310734.1	specific	432205	478	563	2.67014e-06	45.7787	pfam11941	DUF3459	 - 	cl02706	No
Q#603 - WP_202199116.1	specific	200475	22	661	0.0	773.588	cd11336	AmyAc_MTSase	 - 	cl38930	No
Q#604 - WP_052392896.1	specific	441132	52	774	0.0	1167.15	COG1523	PulA	 - 	cl34294	No
Q#605 - WP_240003562.1	specific	235445	93	817	0.0	1241.21	PRK05402	PRK05402	 - 	cl38930	No
Q#606 - WP_078622865.1	specific	441132	11	705	0.0	1311.6	COG1523	PulA	 - 	cl34294	No
Q#607 - WP_184992634.1	specific	441132	13	706	0.0	1316.99	COG1523	PulA	 - 	cl34294	No
Q#608 - WP_053625939.1	specific	200471	19	468	0.0	764.896	cd11332	AmyAc_OligoGlu_TS	 - 	cl38930	No
Q#608 - WP_053625939.1	specific	432205	450	527	1.27993e-05	43.8527	pfam11941	DUF3459	 - 	cl02706	No
Q#609 - WP_064455637.1	specific	200471	12	470	0.0	682.849	cd11332	AmyAc_OligoGlu_TS	 - 	cl38930	No
Q#609 - WP_064455637.1	specific	432205	453	530	5.72652e-06	44.6231	pfam11941	DUF3459	 - 	cl02706	No
Q#610 - WP_069737953.1	specific	200471	23	495	0.0	808.809	cd11332	AmyAc_OligoGlu_TS	 - 	cl38930	No
Q#610 - WP_069737953.1	specific	432205	476	556	2.60827e-05	43.0823	pfam11941	DUF3459	 - 	cl02706	No
Q#611 - WP_173316467.1	superfamily	274113	3	798	0.0	864.407	cl30297	trehalose_TreY superfamily	 - 	 - 	No
Q#612 - WP_041131326.1	specific	441132	21	730	0.0	1160.22	COG1523	PulA	 - 	cl34294	No
Q#613 - WP_056703900.1	specific	274140	23	562	0.0	1028.54	TIGR02456	treS_nterm	 - 	cl37116	No
Q#614 - WP_073763668.1	specific	274140	23	562	0.0	1032.78	TIGR02456	treS_nterm	 - 	cl37116	No
Q#615 - WP_189750173.1	specific	274140	23	561	0.0	1028.54	TIGR02456	treS_nterm	 - 	cl37116	No
Q#616 - WP_133886568.1	specific	235445	28	738	0.0	1248.15	PRK05402	PRK05402	 - 	cl38930	No
Q#617 - WP_159529517.1	specific	441132	11	706	0.0	1310.06	COG1523	PulA	 - 	cl34294	No
Q#618 - WP_141295208.1	specific	441132	1	704	0.0	1279.63	COG1523	PulA	 - 	cl34294	No
Q#619 - WP_129265488.1	specific	200482	195	599	0.0	662.377	cd11344	AmyAc_GlgE_like	 - 	cl38930	No
Q#619 - WP_129265488.1	specific	463388	3	190	4.0491600000000003e-85	265.952	pfam11896	GlgE_dom_N_S	 - 	cl13354	No
Q#619 - WP_129265488.1	superfamily	445893	606	683	0.00745114	35.9861	cl02706	Malt_amylase_C superfamily	 - 	 - 	No
Q#620 - WP_059144090.1	specific	441132	49	764	0.0	1162.14	COG1523	PulA	 - 	cl34294	No
Q#621 - WP_125191524.1	specific	235445	23	735	0.0	1256.24	PRK05402	PRK05402	 - 	cl38930	No
Q#622 - WP_127467139.1	superfamily	442511	1	793	0.0	904.181	cl30295	TreY superfamily	 - 	 - 	No
Q#623 - WP_190145872.1	specific	200471	23	481	0.0	752.184	cd11332	AmyAc_OligoGlu_TS	 - 	cl38930	No
Q#623 - WP_190145872.1	specific	432205	462	541	0.000223562	40.3859	pfam11941	DUF3459	 - 	cl02706	No
Q#624 - WP_189813891.1	superfamily	274113	11	785	0.0	882.896	cl30297	trehalose_TreY superfamily	 - 	 - 	No
Q#625 - WP_030837597.1	superfamily	274140	1	256	2.2958e-176	496.194	cl37116	treS_nterm superfamily	N	 - 	No
Q#626 - WP_190902658.1	specific	200482	243	599	0.0	706.29	cd11344	AmyAc_GlgE_like	 - 	cl38930	No
Q#626 - WP_190902658.1	specific	463388	50	238	1.93889e-76	243.225	pfam11896	GlgE_dom_N_S	 - 	cl13354	No
Q#626 - WP_190902658.1	superfamily	445893	606	683	0.000743342	38.6825	cl02706	Malt_amylase_C superfamily	 - 	 - 	No
Q#627 - WP_217132993.1	specific	200471	15	497	0.0	708.657	cd11332	AmyAc_OligoGlu_TS	 - 	cl38930	No
Q#627 - WP_217132993.1	specific	432205	478	555	0.000357255	39.6155	pfam11941	DUF3459	 - 	cl02706	No
Q#628 - WP_037880504.1	superfamily	274113	3	791	0.0	871.34	cl30297	trehalose_TreY superfamily	 - 	 - 	No
Q#629 - WP_159765714.1	specific	200482	200	556	0.0	695.119	cd11344	AmyAc_GlgE_like	 - 	cl38930	No
Q#629 - WP_159765714.1	specific	463388	8	195	8.5301e-82	256.322	pfam11896	GlgE_dom_N_S	 - 	cl13354	No
Q#629 - WP_159765714.1	superfamily	445893	564	598	0.00145115	37.9121	cl02706	Malt_amylase_C superfamily	C	 - 	No
Q#630 - WP_176711752.1	specific	200471	7	474	0.0	698.257	cd11332	AmyAc_OligoGlu_TS	 - 	cl38930	No
Q#630 - WP_176711752.1	superfamily	445893	455	531	0.000961529	38.4599	cl02706	Malt_amylase_C superfamily	 - 	 - 	No
Q#631 - WP_042165723.1	superfamily	476817	200	328	1.55006e-90	274.481	cl38930	AmyAc_family superfamily	C	 - 	No
Q#631 - WP_042165723.1	specific	463388	8	195	4.29837e-81	243.995	pfam11896	GlgE_dom_N_S	 - 	cl13354	No
Q#632 - WP_033204469.1	specific	441132	21	731	0.0	1150.97	COG1523	PulA	 - 	cl34294	No
Q#633 - WP_055601952.1	specific	441132	1	704	0.0	1280.01	COG1523	PulA	 - 	cl34294	No
Q#634 - WP_030813740.1	specific	200471	22	477	0.0	760.274	cd11332	AmyAc_OligoGlu_TS	 - 	cl38930	No
Q#635 - WP_150270938.1	specific	200471	20	492	0.0	809.579	cd11332	AmyAc_OligoGlu_TS	 - 	cl38930	No
Q#635 - WP_150270938.1	superfamily	445893	473	553	0.00496461	36.5339	cl02706	Malt_amylase_C superfamily	 - 	 - 	No
Q#636 - WP_031034370.1	specific	441132	31	742	0.0	1150.2	COG1523	PulA	 - 	cl34294	No
Q#637 - WP_182470895.1	specific	274140	23	568	0.0	1025.84	TIGR02456	treS_nterm	 - 	cl37116	No
Q#638 - WP_099967923.1	specific	274114	2	544	0.0	818.888	TIGR02402	trehalose_TreZ	 - 	cl38930	No
Q#639 - WP_030386886.1	specific	274140	23	562	0.0	1010.44	TIGR02456	treS_nterm	 - 	cl37116	No
Q#640 - WP_030588129.1	specific	200471	23	467	0.0	766.437	cd11332	AmyAc_OligoGlu_TS	 - 	cl38930	No
Q#640 - WP_030588129.1	specific	432205	448	533	5.16844e-07	47.7047	pfam11941	DUF3459	 - 	cl02706	No
Q#641 - WP_176985566.1	specific	441132	36	743	0.0	1158.68	COG1523	PulA	 - 	cl34294	No
Q#642 - WP_126273214.1	specific	200471	25	506	0.0	799.949	cd11332	AmyAc_OligoGlu_TS	 - 	cl38930	No
Q#642 - WP_126273214.1	superfamily	445893	487	561	0.00111804	38.4599	cl02706	Malt_amylase_C superfamily	 - 	 - 	No
Q#643 - WP_107459494.1	specific	441132	40	747	0.0	1166.0	COG1523	PulA	 - 	cl34294	No
Q#644 - WP_126274446.1	specific	235445	115	832	0.0	1312.47	PRK05402	PRK05402	 - 	cl38930	No
Q#645 - WP_159468857.1	specific	274114	3	552	0.0	718.351	TIGR02402	trehalose_TreZ	 - 	cl38930	No
Q#646 - WP_128437357.1	specific	441132	36	745	0.0	1165.61	COG1523	PulA	 - 	cl34294	No
Q#647 - WP_011028213.1	specific	200471	23	512	0.0	804.572	cd11332	AmyAc_OligoGlu_TS	 - 	cl38930	No
Q#647 - WP_011028213.1	specific	432205	494	574	2.30916e-06	46.1639	pfam11941	DUF3459	 - 	cl02706	No
Q#648 - WP_229876452.1	specific	235445	126	849	0.0	1285.12	PRK05402	PRK05402	 - 	cl38930	No
Q#649 - WP_150472849.1	specific	441132	32	741	0.0	1184.1	COG1523	PulA	 - 	cl34294	No
Q#650 - WP_093473825.1	specific	441132	1	700	0.0	1307.75	COG1523	PulA	 - 	cl34294	No
Q#651 - WP_062229771.1	specific	200471	5	460	0.0	664.744	cd11332	AmyAc_OligoGlu_TS	 - 	cl38930	No
Q#651 - WP_062229771.1	specific	432205	450	524	0.000119047	41.1563	pfam11941	DUF3459	 - 	cl02706	No
Q#652 - WP_093629822.1	specific	274114	2	545	0.0	814.265	TIGR02402	trehalose_TreZ	 - 	cl38930	No
Q#653 - WP_145489775.1	specific	441132	10	708	0.0	1322.0	COG1523	PulA	 - 	cl34294	No
Q#654 - WP_123992281.1	specific	274114	2	544	0.0	805.021	TIGR02402	trehalose_TreZ	 - 	cl38930	No
Q#655 - WP_078656019.1	specific	235445	83	806	0.0	1252.0	PRK05402	PRK05402	 - 	cl38930	No
Q#656 - WP_003966184.1	specific	274140	23	562	0.0	1028.15	TIGR02456	treS_nterm	 - 	cl37116	No
Q#657 - WP_069782844.1	specific	200482	200	556	0.0	701.667	cd11344	AmyAc_GlgE_like	 - 	cl38930	No
Q#657 - WP_069782844.1	specific	463388	8	195	1.0769e-82	258.633	pfam11896	GlgE_dom_N_S	 - 	cl13354	No
Q#657 - WP_069782844.1	superfamily	445893	564	605	0.000159541	40.6085	cl02706	Malt_amylase_C superfamily	C	 - 	No
Q#658 - WP_030683864.1	specific	200471	17	497	0.0	788.393	cd11332	AmyAc_OligoGlu_TS	 - 	cl38930	No
Q#658 - WP_030683864.1	superfamily	445893	478	554	0.00222857	37.3043	cl02706	Malt_amylase_C superfamily	 - 	 - 	No
Q#659 - WP_030579965.1	specific	274140	23	562	0.0	1030.08	TIGR02456	treS_nterm	 - 	cl37116	No
Q#660 - WP_171151742.1	superfamily	274113	11	785	0.0	871.725	cl30297	trehalose_TreY superfamily	 - 	 - 	No
Q#661 - WP_067426446.1	specific	200471	8	479	0.0	762.2	cd11332	AmyAc_OligoGlu_TS	 - 	cl38930	No
Q#661 - WP_067426446.1	specific	432205	460	536	1.10413e-05	43.8527	pfam11941	DUF3459	 - 	cl02706	No
Q#662 - WP_030799716.1	specific	274140	23	568	0.0	1029.7	TIGR02456	treS_nterm	 - 	cl37116	No
Q#663 - WP_031021166.1	specific	235445	28	737	0.0	1265.09	PRK05402	PRK05402	 - 	cl38930	No
Q#664 - WP_200709053.1	specific	235445	20	730	0.0	1262.01	PRK05402	PRK05402	 - 	cl38930	No
Q#665 - WP_217134584.1	specific	274114	2	544	0.0	810.799	TIGR02402	trehalose_TreZ	 - 	cl38930	No
Q#666 - WP_044378518.1	specific	274140	22	561	0.0	1029.31	TIGR02456	treS_nterm	 - 	cl37116	No
Q#667 - WP_143076845.1	specific	200482	46	399	0.0	678.555	cd11344	AmyAc_GlgE_like	 - 	cl38930	No
Q#667 - WP_143076845.1	superfamily	463388	1	41	2.59471e-10	59.0996	cl13354	GlgE_dom_N_S superfamily	N	 - 	No
Q#668 - WP_003962224.1	superfamily	442511	1	779	0.0	845.631	cl30295	TreY superfamily	 - 	 - 	No
Q#669 - WP_069627851.1	specific	200471	12	471	0.0	701.723	cd11332	AmyAc_OligoGlu_TS	 - 	cl38930	No
Q#669 - WP_069627851.1	superfamily	445893	456	542	0.00162698	37.6895	cl02706	Malt_amylase_C superfamily	 - 	 - 	No
Q#670 - WP_031022205.1	superfamily	274113	12	785	0.0	884.052	cl30297	trehalose_TreY superfamily	 - 	 - 	No
Q#671 - WP_216716895.1	specific	200471	29	510	0.0	791.475	cd11332	AmyAc_OligoGlu_TS	 - 	cl38930	No
Q#671 - WP_216716895.1	specific	432205	491	565	0.000875598	38.8451	pfam11941	DUF3459	 - 	cl02706	No
Q#672 - WP_151785960.1	specific	200482	243	599	0.0	694.348	cd11344	AmyAc_GlgE_like	 - 	cl38930	No
Q#672 - WP_151785960.1	specific	463388	51	238	6.64366e-83	260.559	pfam11896	GlgE_dom_N_S	 - 	cl13354	No
Q#672 - WP_151785960.1	superfamily	445893	606	678	0.000511576	39.0677	cl02706	Malt_amylase_C superfamily	 - 	 - 	No
Q#673 - WP_200681951.1	superfamily	274113	11	778	0.0	877.118	cl30297	trehalose_TreY superfamily	 - 	 - 	No
Q#674 - WP_102911345.1	specific	274140	23	561	0.0	1017.75	TIGR02456	treS_nterm	 - 	cl37116	No
Q#675 - WP_221511614.1	specific	200482	242	598	0.0	705.904	cd11344	AmyAc_GlgE_like	 - 	cl38930	No
Q#675 - WP_221511614.1	specific	463388	49	237	8.32486e-76	241.684	pfam11896	GlgE_dom_N_S	 - 	cl13354	No
Q#675 - WP_221511614.1	superfamily	445893	605	682	0.00161207	37.5269	cl02706	Malt_amylase_C superfamily	 - 	 - 	No
Q#676 - WP_093543259.1	specific	200471	23	510	0.0	806.498	cd11332	AmyAc_OligoGlu_TS	 - 	cl38930	No
Q#676 - WP_093543259.1	specific	432205	493	573	5.38888e-05	41.9267	pfam11941	DUF3459	 - 	cl02706	No
Q#677 - WP_309485284.1	specific	441132	13	641	0.0	903.674	COG1523	PulA	 - 	cl34294	No
Q#678 - WP_186363111.1	specific	200482	239	595	0.0	706.29	cd11344	AmyAc_GlgE_like	 - 	cl38930	No
Q#678 - WP_186363111.1	specific	463388	47	234	2.82172e-83	261.329	pfam11896	GlgE_dom_N_S	 - 	cl13354	No
Q#678 - WP_186363111.1	superfamily	445893	602	682	0.00303692	36.7565	cl02706	Malt_amylase_C superfamily	 - 	 - 	No
Q#679 - WP_209497409.1	specific	441132	1	704	0.0	1286.18	COG1523	PulA	 - 	cl34294	No
Q#680 - WP_159529523.1	specific	200482	200	556	0.0	698.971	cd11344	AmyAc_GlgE_like	 - 	cl38930	No
Q#680 - WP_159529523.1	specific	463388	8	195	3.0650699999999996e-79	249.773	pfam11896	GlgE_dom_N_S	 - 	cl13354	No
Q#680 - WP_159529523.1	superfamily	445893	564	628	3.39858e-05	42.1493	cl02706	Malt_amylase_C superfamily	C	 - 	No
Q#681 - WP_125506850.1	specific	200471	27	499	0.0	820.75	cd11332	AmyAc_OligoGlu_TS	 - 	cl38930	No
Q#681 - WP_125506850.1	specific	432205	481	561	1.87005e-07	49.2455	pfam11941	DUF3459	 - 	cl02706	No
Q#682 - WP_150250585.1	specific	441132	29	740	0.0	1202.97	COG1523	PulA	 - 	cl34294	No
Q#683 - WP_147876195.1	specific	200471	19	498	0.0	717.516	cd11332	AmyAc_OligoGlu_TS	 - 	cl38930	No
Q#684 - WP_184969231.1	specific	200471	12	469	0.0	676.3	cd11332	AmyAc_OligoGlu_TS	 - 	cl38930	No
Q#684 - WP_184969231.1	specific	432205	459	533	0.000341438	39.6155	pfam11941	DUF3459	 - 	cl02706	No
Q#685 - WP_030679111.1	specific	200491	6	362	0.0	561.948	cd11354	AmyAc_bac_CMD_like	 - 	cl38930	No
Q#686 - WP_015661259.1	specific	200471	7	475	0.0	692.093	cd11332	AmyAc_OligoGlu_TS	 - 	cl38930	No
Q#686 - WP_015661259.1	specific	432205	456	532	3.7271e-05	42.3119	pfam11941	DUF3459	 - 	cl02706	No
Q#687 - WP_133890366.1	specific	441132	11	707	0.0	1323.54	COG1523	PulA	 - 	cl34294	No
Q#688 - WP_018383430.1	specific	200471	9	494	0.0	791.09	cd11332	AmyAc_OligoGlu_TS	 - 	cl38930	No
Q#688 - WP_018383430.1	specific	432205	475	552	4.08827e-06	45.3935	pfam11941	DUF3459	 - 	cl02706	No
Q#689 - WP_093859316.1	superfamily	476817	15	448	0.0	637.428	cl38930	AmyAc_family superfamily	 - 	 - 	No
Q#690 - WP_164397644.1(Warning: this sequence record may be obsolete or preliminary)	specific	200471	31	503	0.0	825.372	cd11332	AmyAc_OligoGlu_TS	 - 	cl38930	No
Q#690 - WP_164397644.1(Warning: this sequence record may be obsolete or preliminary)	specific	432205	485	565	9.16972e-08	50.0159	pfam11941	DUF3459	 - 	cl02706	No
Q#691 - WP_201822661.1	specific	235445	56	777	0.0	1282.43	PRK05402	PRK05402	 - 	cl38930	No
Q#692 - WP_125504894.1	specific	441132	21	708	0.0	1016.92	COG1523	PulA	 - 	cl34294	No
Q#693 - WP_039648499.1	specific	274114	2	544	0.0	834.681	TIGR02402	trehalose_TreZ	 - 	cl38930	No
Q#694 - WP_147875107.1	superfamily	442511	1	780	0.0	881.069	cl30295	TreY superfamily	 - 	 - 	No
Q#695 - WP_102910492.1	specific	274140	22	569	0.0	1033.93	TIGR02456	treS_nterm	 - 	cl37116	No
Q#696 - WP_010984234.1	specific	200482	235	593	0.0	683.948	cd11344	AmyAc_GlgE_like	 - 	cl38930	No
Q#696 - WP_010984234.1	specific	463388	42	230	1.04359e-79	251.699	pfam11896	GlgE_dom_N_S	 - 	cl13354	No
Q#696 - WP_010984234.1	superfamily	445893	600	677	0.00142233	37.9121	cl02706	Malt_amylase_C superfamily	 - 	 - 	No
Q#697 - WP_164420976.1	specific	274114	2	544	0.0	826.977	TIGR02402	trehalose_TreZ	 - 	cl38930	No
Q#698 - WP_046915588.1	specific	441132	43	755	0.0	1164.45	COG1523	PulA	 - 	cl34294	No
Q#699 - WP_102907477.1	specific	200471	18	492	0.0	743.71	cd11332	AmyAc_OligoGlu_TS	 - 	cl38930	No
Q#699 - WP_102907477.1	specific	432205	473	548	8.24106e-05	41.5415	pfam11941	DUF3459	 - 	cl02706	No
Q#700 - WP_201852872.1	specific	441132	1	712	0.0	1269.61	COG1523	PulA	 - 	cl34294	No
Q#701 - WP_189736442.1	specific	200471	23	512	0.0	722.524	cd11332	AmyAc_OligoGlu_TS	 - 	cl38930	No
Q#701 - WP_189736442.1	superfamily	445893	495	601	0.00115968	38.4599	cl02706	Malt_amylase_C superfamily	 - 	 - 	No
Q#702 - WP_072486786.1	specific	235445	52	762	0.0	1212.32	PRK05402	PRK05402	 - 	cl38930	No
Q#703 - WP_071380329.1	specific	274114	2	544	0.0	810.028	TIGR02402	trehalose_TreZ	 - 	cl38930	No
Q#704 - WP_030358236.1	specific	200471	18	491	0.0	811.89	cd11332	AmyAc_OligoGlu_TS	 - 	cl38930	No
Q#704 - WP_030358236.1	specific	432205	472	552	1.04376e-05	44.2379	pfam11941	DUF3459	 - 	cl02706	No
Q#705 - WP_073897353.1	specific	441132	1	700	0.0	1304.28	COG1523	PulA	 - 	cl34294	No
Q#706 - WP_159686913.1	specific	441132	48	765	0.0	1204.52	COG1523	PulA	 - 	cl34294	No
Q#707 - WP_229887468.1	specific	440065	204	810	0.0	569.0	COG0296	GlgB	 - 	cl43092	No
Q#708 - WP_127153512.1	superfamily	442511	9	814	0.0	887.618	cl30295	TreY superfamily	 - 	 - 	No
Q#709 - WP_081522134.1	specific	200475	22	646	0.0	748.551	cd11336	AmyAc_MTSase	 - 	cl38930	No
Q#710 - WP_103535262.1	specific	274114	2	544	0.0	810.028	TIGR02402	trehalose_TreZ	 - 	cl38930	No
Q#711 - WP_141294244.1	specific	200471	11	474	0.0	715.59	cd11332	AmyAc_OligoGlu_TS	 - 	cl38930	No
Q#711 - WP_141294244.1	specific	432205	457	534	3.65501e-05	42.3119	pfam11941	DUF3459	 - 	cl02706	No
Q#712 - WP_097269177.1	specific	200482	229	581	0.0	715.534	cd11344	AmyAc_GlgE_like	 - 	cl38930	No
Q#712 - WP_097269177.1	specific	463388	38	224	3.37538e-83	260.559	pfam11896	GlgE_dom_N_S	 - 	cl13354	No
Q#712 - WP_097269177.1	superfamily	445893	588	665	0.00030213	39.8381	cl02706	Malt_amylase_C superfamily	 - 	 - 	No
Q#713 - WP_150486857.1	superfamily	442511	1	791	0.0	876.447	cl30295	TreY superfamily	 - 	 - 	No
Q#714 - WP_202919833.1	specific	200471	4	477	0.0	746.406	cd11332	AmyAc_OligoGlu_TS	 - 	cl38930	No
Q#715 - WP_019064443.1	specific	200471	25	515	0.0	799.564	cd11332	AmyAc_OligoGlu_TS	 - 	cl38930	No
Q#715 - WP_019064443.1	specific	432205	497	572	5.18967e-05	42.3119	pfam11941	DUF3459	 - 	cl02706	No
Q#716 - WP_406712718.1	specific	235445	169	890	0.0	1257.01	PRK05402	PRK05402	 - 	cl38930	No
Q#716 - WP_406712718.1	superfamily	236090	3	194	1.42385e-07	55.3773	cl35613	PRK07764 superfamily	N	 - 	No
Q#717 - WP_019056900.1	specific	200485	8	399	0.0	609.239	cd11347	AmyAc_1	 - 	cl38930	No
Q#718 - WP_010032195.1	specific	200471	18	492	0.0	756.036	cd11332	AmyAc_OligoGlu_TS	 - 	cl38930	No
Q#718 - WP_010032195.1	specific	432205	474	551	8.17695e-06	44.2379	pfam11941	DUF3459	 - 	cl02706	No
Q#719 - WP_044378520.1	specific	235445	28	737	0.0	1266.25	PRK05402	PRK05402	 - 	cl38930	No
Q#720 - WP_159507557.1	superfamily	442511	9	849	0.0	851.794	cl30295	TreY superfamily	 - 	 - 	No
Q#721 - WP_030879988.1	specific	441132	10	670	0.0	1056.98	COG1523	PulA	 - 	cl34294	No
Q#722 - WP_014048418.1	specific	274140	23	562	0.0	1029.7	TIGR02456	treS_nterm	 - 	cl37116	No
Q#723 - WP_135066095.1	specific	200471	18	494	0.0	722.139	cd11332	AmyAc_OligoGlu_TS	 - 	cl38930	No
Q#724 - WP_217237312.1	specific	200471	27	499	0.0	805.342	cd11332	AmyAc_OligoGlu_TS	 - 	cl38930	No
Q#724 - WP_217237312.1	specific	432205	481	561	5.9232e-06	44.6231	pfam11941	DUF3459	 - 	cl02706	No
Q#725 - WP_055538526.1	specific	274114	2	544	0.0	823.895	TIGR02402	trehalose_TreZ	 - 	cl38930	No
Q#726 - WP_053785091.1	specific	200471	25	480	0.0	756.036	cd11332	AmyAc_OligoGlu_TS	 - 	cl38930	No
Q#726 - WP_053785091.1	superfamily	445893	462	542	0.0016918	37.6895	cl02706	Malt_amylase_C superfamily	 - 	 - 	No
Q#727 - WP_243878899.1	specific	235445	61	775	0.0	1282.81	PRK05402	PRK05402	 - 	cl38930	No
Q#728 - WP_030841455.1	specific	441132	23	704	0.0	996.893	COG1523	PulA	 - 	cl34294	No
Q#729 - WP_093625931.1	specific	200471	22	489	0.0	796.868	cd11332	AmyAc_OligoGlu_TS	 - 	cl38930	No
Q#729 - WP_093625931.1	specific	432205	471	544	0.000199645	40.3859	pfam11941	DUF3459	 - 	cl02706	No
Q#730 - WP_223831098.1	specific	200482	195	555	0.0	684.718	cd11344	AmyAc_GlgE_like	 - 	cl38930	No
Q#730 - WP_223831098.1	specific	463388	2	190	1.13569e-83	261.329	pfam11896	GlgE_dom_N_S	 - 	cl13354	No
Q#730 - WP_223831098.1	superfamily	445893	563	639	1.23052e-05	43.6901	cl02706	Malt_amylase_C superfamily	 - 	 - 	No
Q#731 - WP_030838983.1	specific	441132	1	722	0.0	1273.85	COG1523	PulA	 - 	cl34294	No
Q#732 - WP_127469512.1	specific	200482	195	566	0.0	673.933	cd11344	AmyAc_GlgE_like	 - 	cl38930	No
Q#732 - WP_127469512.1	specific	463388	3	190	3.27137e-79	249.773	pfam11896	GlgE_dom_N_S	 - 	cl13354	No
Q#732 - WP_127469512.1	superfamily	445893	573	650	0.00130867	37.9121	cl02706	Malt_amylase_C superfamily	 - 	 - 	No
Q#733 - WP_164837833.1	specific	441132	61	769	0.0	1159.06	COG1523	PulA	 - 	cl34294	No
Q#734 - WP_039653554.1	specific	200471	10	491	0.0	782.615	cd11332	AmyAc_OligoGlu_TS	 - 	cl38930	No
Q#734 - WP_039653554.1	specific	432205	472	547	5.05775e-06	45.0083	pfam11941	DUF3459	 - 	cl02706	No
Q#735 - WP_073748991.1	specific	200471	7	477	0.0	745.251	cd11332	AmyAc_OligoGlu_TS	 - 	cl38930	No
Q#736 - WP_073767060.1	specific	441132	1	707	0.0	1284.64	COG1523	PulA	 - 	cl34294	No
Q#737 - WP_189881448.1	superfamily	274113	11	785	0.0	889.059	cl30297	trehalose_TreY superfamily	 - 	 - 	No
Q#738 - WP_190100890.1	specific	200471	11	458	0.0	673.604	cd11332	AmyAc_OligoGlu_TS	 - 	cl38930	No
Q#738 - WP_190100890.1	specific	432205	450	525	3.55377e-05	42.6971	pfam11941	DUF3459	 - 	cl02706	No
Q#739 - WP_261993136.1	specific	200482	195	558	0.0	674.703	cd11344	AmyAc_GlgE_like	 - 	cl38930	No
Q#739 - WP_261993136.1	specific	463388	2	190	1.4982000000000002e-68	221.654	pfam11896	GlgE_dom_N_S	 - 	cl13354	No
Q#739 - WP_261993136.1	superfamily	445893	566	642	1.00638e-05	43.6901	cl02706	Malt_amylase_C superfamily	 - 	 - 	No
Q#740 - WP_129267130.1	specific	441132	2	703	0.0	1164.84	COG1523	PulA	 - 	cl34294	No
Q#741 - WP_097259906.1	specific	235445	23	733	0.0	1266.25	PRK05402	PRK05402	 - 	cl38930	No
Q#742 - WP_244300266.1	specific	200473	8	458	0.0	723.969	cd11334	AmyAc_TreS	 - 	cl38930	No
Q#742 - WP_244300266.1	specific	435493	468	546	1.93238e-11	59.8684	pfam16657	Malt_amylase_C	 - 	cl02706	No
Q#743 - WP_247748871.1	specific	235445	114	842	0.0	1272.41	PRK05402	PRK05402	 - 	cl38930	No
Q#744 - WP_109493725.1	specific	235445	23	715	0.0	1241.6	PRK05402	PRK05402	 - 	cl38930	No
Q#745 - WP_062229593.1	specific	200456	1	310	1.2697000000000001e-143	411.186	cd11317	AmyAc_bac_euk_AmyA	 - 	cl38930	No
Q#745 - WP_062229593.1	specific	214749	317	390	1.26141e-27	104.242	smart00632	Aamy_C	 - 	cl02706	No
Q#746 - WP_046421206.1	specific	200471	24	487	0.0	794.171	cd11332	AmyAc_OligoGlu_TS	 - 	cl38930	No
Q#747 - WP_215215544.1	specific	235445	28	740	0.0	1259.32	PRK05402	PRK05402	 - 	cl38930	No
Q#748 - WP_190196093.1	specific	200471	6	487	0.0	797.253	cd11332	AmyAc_OligoGlu_TS	 - 	cl38930	No
Q#748 - WP_190196093.1	specific	432205	468	544	0.000276095	40.0007	pfam11941	DUF3459	 - 	cl02706	No
Q#749 - WP_181795355.1	specific	200471	22	485	0.0	788.393	cd11332	AmyAc_OligoGlu_TS	 - 	cl38930	No
Q#749 - WP_181795355.1	specific	432205	468	552	1.01544e-11	61.1867	pfam11941	DUF3459	 - 	cl02706	No
Q#750 - WP_093864890.1	specific	200482	195	554	0.0	687.8	cd11344	AmyAc_GlgE_like	 - 	cl38930	No
Q#750 - WP_093864890.1	specific	463388	3	190	4.77027e-78	246.307	pfam11896	GlgE_dom_N_S	 - 	cl13354	No
Q#751 - WP_159538545.1	specific	200471	6	479	0.0	751.799	cd11332	AmyAc_OligoGlu_TS	 - 	cl38930	No
Q#751 - WP_159538545.1	specific	432205	460	536	9.95677e-06	44.2379	pfam11941	DUF3459	 - 	cl02706	No
Q#752 - WP_205022176.1	specific	441132	1	716	0.0	1267.69	COG1523	PulA	 - 	cl34294	No
Q#753 - WP_012381212.1	specific	200471	23	495	0.0	808.424	cd11332	AmyAc_OligoGlu_TS	 - 	cl38930	No
Q#753 - WP_012381212.1	specific	432205	476	556	3.78015e-05	42.6971	pfam11941	DUF3459	 - 	cl02706	No
Q#754 - WP_173316462.1	specific	274114	2	544	0.0	795.005	TIGR02402	trehalose_TreZ	 - 	cl38930	No
Q#755 - WP_189891790.1	specific	235445	70	793	0.0	1279.73	PRK05402	PRK05402	 - 	cl38930	No
Q#756 - WP_055689636.1	specific	441132	13	706	0.0	1292.73	COG1523	PulA	 - 	cl34294	No
Q#757 - WP_093631000.1	specific	200482	201	557	0.0	702.438	cd11344	AmyAc_GlgE_like	 - 	cl38930	No
Q#757 - WP_093631000.1	specific	463388	9	196	6.08559e-76	240.914	pfam11896	GlgE_dom_N_S	 - 	cl13354	No
Q#757 - WP_093631000.1	superfamily	445893	565	606	0.00609096	35.9861	cl02706	Malt_amylase_C superfamily	C	 - 	No
Q#758 - WP_216718753.1	specific	200471	11	472	0.0	741.399	cd11332	AmyAc_OligoGlu_TS	 - 	cl38930	No
Q#758 - WP_216718753.1	specific	432205	455	532	5.52273e-07	47.7047	pfam11941	DUF3459	 - 	cl02706	No
Q#759 - WP_030543165.1	specific	200471	11	480	0.0	715.976	cd11332	AmyAc_OligoGlu_TS	 - 	cl38930	No
Q#759 - WP_030543165.1	specific	432205	463	539	0.000203584	40.3859	pfam11941	DUF3459	 - 	cl02706	No
Q#760 - WP_254397850.1	superfamily	274140	1	236	1.2642900000000001e-163	463.066	cl37116	treS_nterm superfamily	N	 - 	No
Q#761 - WP_094218173.1	specific	200471	23	490	0.0	776.837	cd11332	AmyAc_OligoGlu_TS	 - 	cl38930	No
Q#761 - WP_094218173.1	specific	432205	472	552	1.80684e-05	43.4675	pfam11941	DUF3459	 - 	cl02706	No
Q#762 - WP_030853749.1	specific	274140	23	562	0.0	1008.51	TIGR02456	treS_nterm	 - 	cl37116	No
Q#763 - WP_093767894.1	specific	200471	26	498	0.0	819.209	cd11332	AmyAc_OligoGlu_TS	 - 	cl38930	No
Q#763 - WP_093767894.1	specific	432205	480	560	3.22734e-06	45.3935	pfam11941	DUF3459	 - 	cl02706	No
Q#764 - WP_086560670.1	specific	200471	25	492	0.0	798.408	cd11332	AmyAc_OligoGlu_TS	 - 	cl38930	No
Q#764 - WP_086560670.1	superfamily	445893	474	554	0.00115145	38.4599	cl02706	Malt_amylase_C superfamily	 - 	 - 	No
Q#765 - WP_016578793.1	specific	441132	21	751	0.0	1164.84	COG1523	PulA	 - 	cl34294	No
Q#766 - WP_159698481.1	specific	274140	22	561	0.0	1024.69	TIGR02456	treS_nterm	 - 	cl37116	No
Q#767 - WP_142191910.1	specific	200471	11	478	0.0	679.767	cd11332	AmyAc_OligoGlu_TS	 - 	cl38930	No
Q#767 - WP_142191910.1	specific	432205	468	542	3.78726e-05	42.3119	pfam11941	DUF3459	 - 	cl02706	No
Q#768 - WP_125509329.1	specific	274140	23	561	0.0	1026.61	TIGR02456	treS_nterm	 - 	cl37116	No
Q#769 - WP_123455485.1	specific	441132	21	731	0.0	1160.99	COG1523	PulA	 - 	cl34294	No
Q#770 - WP_037882998.1	specific	200471	12	472	0.0	705.575	cd11332	AmyAc_OligoGlu_TS	 - 	cl38930	No
Q#770 - WP_037882998.1	specific	432205	456	540	0.000119418	41.1563	pfam11941	DUF3459	 - 	cl02706	No
Q#771 - WP_030211777.1	specific	441132	1	705	0.0	1290.8	COG1523	PulA	 - 	cl34294	No
Q#772 - WP_184828629.1	specific	441132	39	748	0.0	1157.91	COG1523	PulA	 - 	cl34294	No
Q#773 - WP_010034231.1	specific	274114	2	543	0.0	828.132	TIGR02402	trehalose_TreZ	 - 	cl38930	No
Q#774 - WP_104789240.1	specific	235445	93	811	0.0	1287.44	PRK05402	PRK05402	 - 	cl38930	No
Q#775 - WP_164438703.1	specific	441132	1	477	0.0	927.172	COG1523	PulA	N	cl34294	No
Q#776 - WP_059141748.1	specific	441132	1	712	0.0	1269.23	COG1523	PulA	 - 	cl34294	No
Q#777 - WP_189728348.1	specific	200471	6	487	0.0	783.771	cd11332	AmyAc_OligoGlu_TS	 - 	cl38930	No
Q#777 - WP_189728348.1	specific	432205	468	544	7.75628e-05	41.5415	pfam11941	DUF3459	 - 	cl02706	No
Q#778 - WP_150474141.1	specific	274140	23	561	0.0	1021.22	TIGR02456	treS_nterm	 - 	cl37116	No
Q#779 - WP_104650975.1	specific	200471	23	484	0.0	784.541	cd11332	AmyAc_OligoGlu_TS	 - 	cl38930	No
Q#779 - WP_104650975.1	specific	432205	465	544	0.000203969	40.3859	pfam11941	DUF3459	 - 	cl02706	No
Q#780 - WP_405385159.1	specific	235445	73	803	0.0	1230.81	PRK05402	PRK05402	 - 	cl38930	No
Q#781 - WP_031175282.1	specific	274140	23	566	0.0	997.338	TIGR02456	treS_nterm	 - 	cl37116	No
Q#782 - WP_133048749.1	specific	274140	22	561	0.0	1032.01	TIGR02456	treS_nterm	 - 	cl37116	No
Q#783 - WP_062156230.1	specific	441132	1	699	0.0	1335.87	COG1523	PulA	 - 	cl34294	No
Q#784 - WP_189307631.1	specific	200471	21	493	0.0	798.023	cd11332	AmyAc_OligoGlu_TS	 - 	cl38930	No
Q#784 - WP_189307631.1	specific	432205	475	555	5.87757e-05	41.9267	pfam11941	DUF3459	 - 	cl02706	No
Q#785 - WP_043462106.1	specific	200471	24	487	0.0	806.883	cd11332	AmyAc_OligoGlu_TS	 - 	cl38930	No
Q#785 - WP_043462106.1	specific	432205	469	579	3.3385e-06	45.3935	pfam11941	DUF3459	 - 	cl02706	No
Q#786 - WP_208684743.1	specific	200471	22	482	0.0	778.378	cd11332	AmyAc_OligoGlu_TS	 - 	cl38930	No
Q#786 - WP_208684743.1	specific	432205	464	545	6.25727e-06	44.6231	pfam11941	DUF3459	 - 	cl02706	No
Q#787 - WP_125814977.1	specific	274114	2	546	0.0	742.233	TIGR02402	trehalose_TreZ	 - 	cl38930	No
Q#788 - WP_016573161.1	specific	200471	23	487	0.0	737.932	cd11332	AmyAc_OligoGlu_TS	 - 	cl38930	No
Q#788 - WP_016573161.1	specific	432205	468	547	0.000186087	40.3859	pfam11941	DUF3459	 - 	cl02706	No
Q#789 - WP_123992320.1	specific	441132	1	707	0.0	1276.16	COG1523	PulA	 - 	cl34294	No
Q#790 - WP_030360324.1	superfamily	274113	15	836	0.0	879.814	cl30297	trehalose_TreY superfamily	 - 	 - 	No
Q#791 - WP_015657039.1	specific	274114	2	544	0.0	822.74	TIGR02402	trehalose_TreZ	 - 	cl38930	No
Q#792 - WP_043378520.1	superfamily	274113	17	791	0.0	898.304	cl30297	trehalose_TreY superfamily	 - 	 - 	No
Q#793 - WP_076046351.1	specific	274114	2	542	0.0	768.041	TIGR02402	trehalose_TreZ	 - 	cl38930	No
Q#794 - WP_425264601.1	specific	200456	15	356	4.91621e-179	502.864	cd11317	AmyAc_bac_euk_AmyA	 - 	cl38930	No
Q#794 - WP_425264601.1	specific	214749	362	436	2.15184e-28	106.938	smart00632	Aamy_C	 - 	cl02706	No
Q#795 - WP_171159023.1	specific	274140	22	561	0.0	1028.54	TIGR02456	treS_nterm	 - 	cl37116	No
Q#796 - WP_078569308.1	specific	235445	107	825	0.0	1284.74	PRK05402	PRK05402	 - 	cl38930	No
Q#797 - WP_005311705.1	specific	274140	23	568	0.0	1028.15	TIGR02456	treS_nterm	 - 	cl37116	No
Q#798 - WP_229888424.1	specific	200472	15	490	0.0	787.42	cd11333	AmyAc_SI_OligoGlu_DGase	 - 	cl38930	No
Q#798 - WP_229888424.1	specific	432205	481	573	6.11859e-08	50.4011	pfam11941	DUF3459	 - 	cl02706	No
Q#799 - WP_217211723.1	specific	200471	21	488	0.0	760.659	cd11332	AmyAc_OligoGlu_TS	 - 	cl38930	No
Q#800 - WP_135072124.1	specific	274140	23	568	0.0	1014.67	TIGR02456	treS_nterm	 - 	cl37116	No
Q#801 - WP_063728046.1	specific	274140	23	568	0.0	1025.46	TIGR02456	treS_nterm	 - 	cl37116	No
Q#802 - WP_126901664.1	specific	441132	36	745	0.0	1164.84	COG1523	PulA	 - 	cl34294	No
Q#803 - WP_151785027.1	specific	200471	16	476	0.0	746.021	cd11332	AmyAc_OligoGlu_TS	 - 	cl38930	No
Q#803 - WP_151785027.1	specific	432205	491	553	0.000199257	40.3859	pfam11941	DUF3459	N	cl02706	No
Q#804 - WP_127467458.1	specific	200471	10	473	0.0	698.642	cd11332	AmyAc_OligoGlu_TS	 - 	cl38930	No
Q#804 - WP_127467458.1	specific	432205	454	531	9.87706e-06	44.2379	pfam11941	DUF3459	 - 	cl02706	No
Q#805 - WP_030338682.1	specific	441132	1	701	0.0	1278.47	COG1523	PulA	 - 	cl34294	No
Q#806 - WP_254641527.1	superfamily	274113	11	781	0.0	892.141	cl30297	trehalose_TreY superfamily	 - 	 - 	No
Q#807 - WP_007492159.1	specific	200471	16	495	0.0	761.814	cd11332	AmyAc_OligoGlu_TS	 - 	cl38930	No
Q#807 - WP_007492159.1	specific	432205	479	553	6.99434e-06	44.6231	pfam11941	DUF3459	 - 	cl02706	No
Q#808 - WP_093476132.1	specific	200471	10	491	0.0	779.534	cd11332	AmyAc_OligoGlu_TS	 - 	cl38930	No
Q#808 - WP_093476132.1	superfamily	445893	472	547	0.00226364	37.3043	cl02706	Malt_amylase_C superfamily	 - 	 - 	No
Q#809 - WP_043386886.1	specific	200482	40	387	0.0	654.673	cd11344	AmyAc_GlgE_like	 - 	cl38930	No
Q#809 - WP_043386886.1	superfamily	463388	1	35	1.19805e-10	60.2552	cl13354	GlgE_dom_N_S superfamily	N	 - 	No
Q#810 - WP_221345375.1	specific	200482	40	342	0.0	622.316	cd11344	AmyAc_GlgE_like	 - 	cl38930	No
Q#810 - WP_221345375.1	superfamily	463388	1	35	1.57525e-10	59.4848	cl13354	GlgE_dom_N_S superfamily	N	 - 	No
Q#811 - WP_073769451.1	specific	200471	23	512	0.0	803.801	cd11332	AmyAc_OligoGlu_TS	 - 	cl38930	No
Q#811 - WP_073769451.1	specific	432205	493	573	4.79297e-05	42.3119	pfam11941	DUF3459	 - 	cl02706	No
Q#812 - WP_053612477.1	specific	200475	22	653	0.0	722.357	cd11336	AmyAc_MTSase	 - 	cl38930	No
Q#813 - WP_246111935.1	specific	200482	243	599	0.0	705.904	cd11344	AmyAc_GlgE_like	 - 	cl38930	No
Q#813 - WP_246111935.1	specific	463388	50	238	4.23177e-76	242.455	pfam11896	GlgE_dom_N_S	 - 	cl13354	No
Q#813 - WP_246111935.1	superfamily	445893	606	683	0.00179859	37.5269	cl02706	Malt_amylase_C superfamily	 - 	 - 	No
Q#814 - WP_077796427.1	specific	200471	23	486	0.0	798.408	cd11332	AmyAc_OligoGlu_TS	 - 	cl38930	No
Q#814 - WP_077796427.1	specific	432205	468	559	1.28308e-08	52.3271	pfam11941	DUF3459	 - 	cl02706	No
Q#815 - WP_200691128.1	specific	441132	50	602	0.0	1007.68	COG1523	PulA	C	cl34294	No
Q#816 - WP_014045549.1	specific	200471	23	495	0.0	814.587	cd11332	AmyAc_OligoGlu_TS	 - 	cl38930	No
Q#816 - WP_014045549.1	specific	432205	476	556	2.868e-07	48.4751	pfam11941	DUF3459	 - 	cl02706	No
Q#817 - WP_048456715.1	specific	200471	26	498	0.0	814.587	cd11332	AmyAc_OligoGlu_TS	 - 	cl38930	No
Q#817 - WP_048456715.1	specific	432205	480	560	2.45947e-05	43.0823	pfam11941	DUF3459	 - 	cl02706	No
Q#818 - WP_069778089.1	specific	274114	2	544	0.0	824.28	TIGR02402	trehalose_TreZ	 - 	cl38930	No
Q#819 - WP_086719599.1	specific	274114	3	552	0.0	728.751	TIGR02402	trehalose_TreZ	 - 	cl38930	No
Q#820 - WP_019057032.1	specific	274140	22	561	0.0	1028.54	TIGR02456	treS_nterm	 - 	cl37116	No
Q#821 - WP_399171721.1	specific	235445	22	746	0.0	1267.79	PRK05402	PRK05402	 - 	cl38930	No
Q#822 - WP_078901597.1	specific	235445	183	911	0.0	1273.57	PRK05402	PRK05402	 - 	cl38930	No
Q#823 - WP_203854901.1	specific	200482	200	555	0.0	695.119	cd11344	AmyAc_GlgE_like	 - 	cl38930	No
Q#823 - WP_203854901.1	specific	463388	8	195	7.86445e-80	251.314	pfam11896	GlgE_dom_N_S	 - 	cl13354	No
Q#824 - WP_189295411.1	superfamily	476817	200	394	3.67644e-143	410.842	cl38930	AmyAc_family superfamily	C	 - 	No
Q#824 - WP_189295411.1	specific	463388	8	195	2.27496e-81	247.077	pfam11896	GlgE_dom_N_S	 - 	cl13354	No
Q#825 - WP_015659072.1	specific	200471	17	475	0.0	732.154	cd11332	AmyAc_OligoGlu_TS	 - 	cl38930	No
Q#826 - WP_010984237.1	specific	235445	121	838	0.0	1283.97	PRK05402	PRK05402	 - 	cl38930	No
Q#827 - WP_136232684.1	specific	441132	1	708	0.0	1139.03	COG1523	PulA	 - 	cl34294	No
Q#828 - WP_189543987.1	specific	274114	3	549	0.0	785.375	TIGR02402	trehalose_TreZ	 - 	cl38930	No
Q#829 - WP_055688795.1	specific	235445	28	738	0.0	1255.08	PRK05402	PRK05402	 - 	cl38930	No
Q#830 - WP_078580414.1	specific	235445	100	818	0.0	1300.15	PRK05402	PRK05402	 - 	cl38930	No
Q#831 - WP_037876493.1	specific	200471	23	501	0.0	791.09	cd11332	AmyAc_OligoGlu_TS	 - 	cl38930	No
Q#831 - WP_037876493.1	specific	432205	507	562	0.000723147	38.8451	pfam11941	DUF3459	N	cl02706	No
Q#832 - WP_260618489.1	specific	441132	23	704	0.0	1051.59	COG1523	PulA	 - 	cl34294	No
Q#833 - WP_189547150.1	specific	274140	23	562	0.0	1022.76	TIGR02456	treS_nterm	 - 	cl37116	No
Q#834 - WP_190904090.1	specific	441132	13	706	0.0	1312.76	COG1523	PulA	 - 	cl34294	No
Q#835 - WP_323375844.1	specific	235445	17	730	0.0	1252.0	PRK05402	PRK05402	 - 	cl38930	No
Q#836 - WP_030583781.1	specific	200471	23	495	0.0	815.357	cd11332	AmyAc_OligoGlu_TS	 - 	cl38930	No
Q#836 - WP_030583781.1	specific	432205	476	556	1.56976e-05	43.4675	pfam11941	DUF3459	 - 	cl02706	No
Q#837 - WP_175430592.1	specific	235445	23	732	0.0	1256.62	PRK05402	PRK05402	 - 	cl38930	No
Q#838 - WP_142194222.1	specific	200471	29	510	0.0	769.133	cd11332	AmyAc_OligoGlu_TS	 - 	cl38930	No
Q#838 - WP_142194222.1	specific	432205	491	565	9.15398e-06	44.2379	pfam11941	DUF3459	 - 	cl02706	No
Q#839 - WP_141207012.1	specific	235445	259	983	0.0	1294.75	PRK05402	PRK05402	 - 	cl38930	No
Q#839 - WP_141207012.1	superfamily	369339	49	236	3.79711e-12	65.9554	cl22465	HC2 superfamily	 - 	 - 	No
Q#840 - WP_053922355.1	specific	200471	6	487	0.0	782.23	cd11332	AmyAc_OligoGlu_TS	 - 	cl38930	No
Q#840 - WP_053922355.1	specific	432205	468	544	1.14401e-05	43.8527	pfam11941	DUF3459	 - 	cl02706	No
Q#841 - WP_189998683.1	specific	235445	87	803	0.0	1273.95	PRK05402	PRK05402	 - 	cl38930	No
Q#842 - WP_127153088.1	specific	200482	195	556	0.0	668.925	cd11344	AmyAc_GlgE_like	 - 	cl38930	No
Q#842 - WP_127153088.1	specific	463388	3	190	1.9489700000000002e-83	260.559	pfam11896	GlgE_dom_N_S	 - 	cl13354	No
Q#842 - WP_127153088.1	superfamily	440065	530	598	0.00202815	41.2768	cl43092	GlgB superfamily	N	 - 	No
Q#843 - WP_039653391.1	specific	274140	23	522	0.0	972.685	TIGR02456	treS_nterm	 - 	cl37116	No
Q#844 - WP_020114639.1	specific	235445	28	745	0.0	1277.81	PRK05402	PRK05402	 - 	cl38930	No
Q#845 - WP_159700790.1	specific	200471	24	496	0.0	787.623	cd11332	AmyAc_OligoGlu_TS	 - 	cl38930	No
Q#846 - WP_019891694.1	superfamily	476817	201	560	0.0	575.707	cl38930	AmyAc_family superfamily	 - 	 - 	No
Q#846 - WP_019891694.1	specific	463388	3	196	6.60626e-50	171.963	pfam11896	GlgE_dom_N_S	 - 	cl13354	No
Q#847 - WP_159746415.1	specific	200471	23	481	0.0	749.873	cd11332	AmyAc_OligoGlu_TS	 - 	cl38930	No
Q#847 - WP_159746415.1	specific	432205	462	541	0.000157289	40.7711	pfam11941	DUF3459	 - 	cl02706	No
Q#848 - WP_030320487.1	specific	235445	35	760	0.0	1241.6	PRK05402	PRK05402	 - 	cl38930	No
Q#849 - WP_031020438.1	specific	441132	12	707	0.0	1318.92	COG1523	PulA	 - 	cl34294	No
Q#850 - WP_030783692.1	specific	235445	22	733	0.0	1249.69	PRK05402	PRK05402	 - 	cl38930	No
Q#851 - WP_234476014.1	specific	200482	199	559	0.0	651.206	cd11344	AmyAc_GlgE_like	 - 	cl38930	No
Q#851 - WP_234476014.1	specific	463388	6	193	1.21905e-66	216.646	pfam11896	GlgE_dom_N_S	 - 	cl13354	No
Q#852 - WP_188291562.1	specific	200471	6	475	0.0	737.162	cd11332	AmyAc_OligoGlu_TS	 - 	cl38930	No
Q#852 - WP_188291562.1	specific	432205	456	532	0.000174384	40.3859	pfam11941	DUF3459	 - 	cl02706	No
Q#853 - WP_030678763.1	specific	441132	11	704	0.0	1327.01	COG1523	PulA	 - 	cl34294	No
Q#854 - WP_030611082.1	specific	441132	36	748	0.0	1164.07	COG1523	PulA	 - 	cl34294	No
Q#855 - WP_030736165.1	specific	441132	1	700	0.0	1304.67	COG1523	PulA	 - 	cl34294	No
Q#856 - WP_189849450.1	specific	200471	11	476	0.0	717.516	cd11332	AmyAc_OligoGlu_TS	 - 	cl38930	No
Q#856 - WP_189849450.1	specific	432205	457	534	1.33487e-06	46.5491	pfam11941	DUF3459	 - 	cl02706	No
Q#857 - WP_189273175.1	specific	441132	33	741	0.0	1174.47	COG1523	PulA	 - 	cl34294	No
Q#858 - WP_185944012.1	superfamily	442511	9	793	0.0	871.824	cl30295	TreY superfamily	 - 	 - 	No
Q#859 - WP_079141320.1	specific	235445	167	891	0.0	1278.58	PRK05402	PRK05402	 - 	cl38930	No
Q#859 - WP_079141320.1	superfamily	369339	12	94	3.04811e-07	51.7031	cl22465	HC2 superfamily	C	 - 	No
Q#860 - WP_094221686.1	specific	235445	22	735	0.0	1237.75	PRK05402	PRK05402	 - 	cl38930	No
Q#861 - WP_030847818.1	specific	441132	1	702	0.0	1266.92	COG1523	PulA	 - 	cl34294	No
Q#862 - WP_244174871.1	specific	441132	33	666	0.0	748.824	COG1523	PulA	 - 	cl34294	No
Q#863 - WP_033202681.1	specific	200471	11	472	0.0	712.894	cd11332	AmyAc_OligoGlu_TS	 - 	cl38930	No
Q#863 - WP_033202681.1	superfamily	445893	455	532	0.00175832	37.6895	cl02706	Malt_amylase_C superfamily	 - 	 - 	No
Q#864 - WP_099202539.1	superfamily	442511	9	805	0.0	885.692	cl30295	TreY superfamily	 - 	 - 	No
Q#865 - WP_210974398.1	specific	441132	54	763	0.0	1148.28	COG1523	PulA	 - 	cl34294	No
Q#866 - WP_049714064.1	specific	274114	2	535	0.0	754.945	TIGR02402	trehalose_TreZ	 - 	cl38930	No
Q#867 - WP_073767071.1	specific	274114	2	544	0.0	812.339	TIGR02402	trehalose_TreZ	 - 	cl38930	No
Q#868 - WP_030803643.1	specific	274114	3	552	0.0	756.1	TIGR02402	trehalose_TreZ	 - 	cl38930	No
Q#869 - WP_062021823.1	superfamily	274113	11	780	0.0	889.444	cl30297	trehalose_TreY superfamily	 - 	 - 	No
Q#870 - WP_009308310.1	superfamily	274113	6	773	0.0	904.467	cl30297	trehalose_TreY superfamily	 - 	 - 	No
Q#871 - WP_200682428.1	specific	200471	26	481	0.0	774.526	cd11332	AmyAc_OligoGlu_TS	 - 	cl38930	No
Q#872 - WP_055542030.1	superfamily	476817	15	449	0.0	692.511	cl38930	AmyAc_family superfamily	 - 	 - 	No
Q#873 - WP_071373526.1	specific	441132	1	719	0.0	1281.17	COG1523	PulA	 - 	cl34294	No
Q#874 - WP_189815500.1	specific	200471	6	475	0.0	732.154	cd11332	AmyAc_OligoGlu_TS	 - 	cl38930	No
Q#875 - WP_041134357.1	superfamily	274113	3	770	0.0	832.82	cl30297	trehalose_TreY superfamily	 - 	 - 	No
Q#876 - WP_189749985.1	specific	200471	23	495	0.0	814.972	cd11332	AmyAc_OligoGlu_TS	 - 	cl38930	No
Q#876 - WP_189749985.1	specific	432205	477	558	3.284e-05	42.6971	pfam11941	DUF3459	 - 	cl02706	No
Q#877 - WP_055688305.1	specific	441132	45	760	0.0	1093.96	COG1523	PulA	 - 	cl34294	No
Q#878 - WP_260606848.1	superfamily	273974	877	1731	0.0	1020.14	cl37055	pullul_strch superfamily	 - 	 - 	No
Q#878 - WP_260606848.1	specific	200478	20	480	8.91264e-145	449.781	cd11339	AmyAc_bac_CMD_like_2	 - 	cl38930	No
Q#878 - WP_260606848.1	specific	199215	772	865	4.80175e-28	109.344	cd10315	CBM41_pullulanase	 - 	cl47018	No
Q#878 - WP_260606848.1	specific	199215	677	763	8.06947e-17	77.3725	cd10315	CBM41_pullulanase	 - 	cl47018	No
Q#879 - WP_190622591.1	specific	235445	29	755	0.0	1243.91	PRK05402	PRK05402	 - 	cl38930	No
Q#880 - WP_030763974.1	specific	200478	1	394	7.725509999999999e-135	396.239	cd11339	AmyAc_bac_CMD_like_2	 - 	cl38930	No
Q#881 - WP_010983592.1	specific	274113	11	779	0.0	997.3	TIGR02401	trehalose_TreY	 - 	cl30297	No
Q#882 - WP_260618632.1	specific	200471	30	496	0.0	727.146	cd11332	AmyAc_OligoGlu_TS	 - 	cl38930	No
Q#882 - WP_260618632.1	specific	432205	478	580	7.81032e-07	47.3195	pfam11941	DUF3459	 - 	cl02706	No
Q#883 - WP_190009965.1	specific	200471	19	499	0.0	730.613	cd11332	AmyAc_OligoGlu_TS	 - 	cl38930	No
Q#883 - WP_190009965.1	superfamily	445893	480	554	0.000926994	38.4599	cl02706	Malt_amylase_C superfamily	 - 	 - 	No
Q#884 - WP_074995751.1	specific	200471	12	467	0.0	702.879	cd11332	AmyAc_OligoGlu_TS	 - 	cl38930	No
Q#884 - WP_074995751.1	specific	432205	459	533	1.54224e-06	46.5491	pfam11941	DUF3459	 - 	cl02706	No
Q#885 - WP_128508838.1	specific	200471	22	478	0.0	749.873	cd11332	AmyAc_OligoGlu_TS	 - 	cl38930	No
Q#885 - WP_128508838.1	superfamily	445893	459	538	0.00450144	36.5339	cl02706	Malt_amylase_C superfamily	 - 	 - 	No
Q#886 - WP_100455019.1	specific	200482	199	561	0.0	653.902	cd11344	AmyAc_GlgE_like	 - 	cl38930	No
Q#886 - WP_100455019.1	specific	463388	6	194	1.08503e-67	219.343	pfam11896	GlgE_dom_N_S	 - 	cl13354	No
Q#886 - WP_100455019.1	superfamily	445893	568	645	0.000536725	39.0677	cl02706	Malt_amylase_C superfamily	 - 	 - 	No
Q#887 - WP_053929272.1	specific	274114	2	544	0.0	808.873	TIGR02402	trehalose_TreZ	 - 	cl38930	No
Q#888 - WP_159535876.1	specific	441132	38	750	0.0	1185.64	COG1523	PulA	 - 	cl34294	No
Q#889 - WP_030777785.1	specific	274114	2	544	0.0	802.324	TIGR02402	trehalose_TreZ	 - 	cl38930	No
Q#890 - WP_055552899.1	specific	441132	1	700	0.0	1274.24	COG1523	PulA	 - 	cl34294	No
Q#891 - WP_202199114.1	specific	441132	1	702	0.0	1263.45	COG1523	PulA	 - 	cl34294	No
Q#892 - WP_033224514.1	specific	441132	57	766	0.0	1156.75	COG1523	PulA	 - 	cl34294	No
Q#893 - WP_254641548.1	superfamily	274140	22	284	1.1911600000000001e-178	503.127	cl37116	treS_nterm superfamily	C	 - 	No
Q#894 - WP_051763030.1	specific	200475	22	661	0.0	770.122	cd11336	AmyAc_MTSase	 - 	cl38930	No
Q#894 - WP_051763030.1	superfamily	236759	589	737	0.000448169	43.4572	cl35948	PRK10785 superfamily	N	 - 	No
Q#895 - WP_216722165.1	specific	200471	26	498	0.0	819.209	cd11332	AmyAc_OligoGlu_TS	 - 	cl38930	No
Q#895 - WP_216722165.1	specific	432205	480	560	1.83492e-05	43.4675	pfam11941	DUF3459	 - 	cl02706	No
Q#896 - WP_106412354.1	specific	441132	38	747	0.0	1171.0	COG1523	PulA	 - 	cl34294	No
Q#897 - WP_073732451.1	specific	441132	44	749	0.0	1157.91	COG1523	PulA	 - 	cl34294	No
Q#898 - WP_229887212.1	specific	441132	11	706	0.0	1329.32	COG1523	PulA	 - 	cl34294	No
Q#899 - WP_063730877.1	specific	441132	1	710	0.0	1271.54	COG1523	PulA	 - 	cl34294	No
Q#900 - WP_102925696.1	specific	200471	21	494	0.0	721.368	cd11332	AmyAc_OligoGlu_TS	 - 	cl38930	No
Q#900 - WP_102925696.1	specific	432205	475	551	2.56348e-06	45.7787	pfam11941	DUF3459	 - 	cl02706	No
Q#901 - WP_141203221.1	specific	200482	200	552	0.0	718.231	cd11344	AmyAc_GlgE_like	 - 	cl38930	No
Q#901 - WP_141203221.1	specific	463388	8	195	1.0559299999999999e-79	250.544	pfam11896	GlgE_dom_N_S	 - 	cl13354	No
Q#901 - WP_141203221.1	superfamily	445893	560	625	1.76004e-05	43.3049	cl02706	Malt_amylase_C superfamily	 - 	 - 	No
Q#902 - WP_053848187.1	superfamily	274113	11	780	0.0	911.016	cl30297	trehalose_TreY superfamily	 - 	 - 	No
Q#903 - WP_030547585.1	specific	200471	20	491	0.0	815.742	cd11332	AmyAc_OligoGlu_TS	 - 	cl38930	No
Q#903 - WP_030547585.1	superfamily	445893	473	553	0.0090086	35.7635	cl02706	Malt_amylase_C superfamily	 - 	 - 	No
Q#904 - WP_097259900.1	specific	200482	200	553	0.0	718.231	cd11344	AmyAc_GlgE_like	 - 	cl38930	No
Q#904 - WP_097259900.1	specific	463388	8	195	6.72029e-73	232.825	pfam11896	GlgE_dom_N_S	 - 	cl13354	No
Q#904 - WP_097259900.1	superfamily	236759	527	610	0.000172526	44.6128	cl35948	PRK10785 superfamily	N	 - 	No
Q#905 - WP_234385918.1	superfamily	273974	252	1104	0.0	1030.16	cl37055	pullul_strch superfamily	 - 	 - 	No
Q#905 - WP_234385918.1	specific	199215	146	239	7.038130000000001e-29	111.27	cd10315	CBM41_pullulanase	 - 	cl47018	No
Q#905 - WP_234385918.1	specific	461022	41	133	2.85063e-26	103.605	pfam03714	PUD	 - 	cl47835	No
Q#906 - WP_062149346.1	specific	274114	2	544	0.0	824.28	TIGR02402	trehalose_TreZ	 - 	cl38930	No
Q#907 - WP_053846368.1	specific	441132	33	742	0.0	1170.62	COG1523	PulA	 - 	cl34294	No
Q#908 - WP_088800564.1	superfamily	442511	9	819	0.0	880.299	cl30295	TreY superfamily	 - 	 - 	No
Q#909 - WP_041663303.1	specific	200471	11	472	0.0	722.524	cd11332	AmyAc_OligoGlu_TS	 - 	cl38930	No
Q#909 - WP_041663303.1	specific	432205	455	532	3.32821e-06	45.3935	pfam11941	DUF3459	 - 	cl02706	No
Q#910 - WP_189295732.1	specific	274140	23	568	0.0	1025.46	TIGR02456	treS_nterm	 - 	cl37116	No
Q#911 - WP_062029092.1	specific	200471	5	460	0.0	671.293	cd11332	AmyAc_OligoGlu_TS	 - 	cl38930	No
Q#911 - WP_062029092.1	specific	432205	450	524	3.71736e-06	45.3935	pfam11941	DUF3459	 - 	cl02706	No
Q#912 - WP_145830172.1	specific	441132	38	752	0.0	1163.68	COG1523	PulA	 - 	cl34294	No
Q#913 - WP_200715895.1	specific	200471	12	466	0.0	674.759	cd11332	AmyAc_OligoGlu_TS	 - 	cl38930	No
Q#913 - WP_200715895.1	specific	432205	456	530	4.67445e-06	45.0083	pfam11941	DUF3459	 - 	cl02706	No
Q#914 - WP_208974458.1	superfamily	274113	11	785	0.0	868.259	cl30297	trehalose_TreY superfamily	 - 	 - 	No
Q#915 - WP_093718806.1	specific	200471	11	474	0.0	733.31	cd11332	AmyAc_OligoGlu_TS	 - 	cl38930	No
Q#915 - WP_093718806.1	specific	432205	455	532	3.69971e-08	51.1715	pfam11941	DUF3459	 - 	cl02706	No
Q#916 - WP_238427002.1	specific	200471	10	491	0.0	783.771	cd11332	AmyAc_OligoGlu_TS	 - 	cl38930	No
Q#916 - WP_238427002.1	specific	432205	472	547	2.41232e-05	43.0823	pfam11941	DUF3459	 - 	cl02706	No
Q#917 - WP_182471507.1	superfamily	442511	7	831	0.0	873.75	cl30295	TreY superfamily	 - 	 - 	No
Q#918 - WP_148006260.1	specific	441132	21	730	0.0	1165.61	COG1523	PulA	 - 	cl34294	No
Q#919 - WP_043439797.1	specific	200471	22	510	0.0	794.942	cd11332	AmyAc_OligoGlu_TS	 - 	cl38930	No
Q#919 - WP_043439797.1	specific	432205	491	571	2.76364e-05	43.0823	pfam11941	DUF3459	 - 	cl02706	No
Q#920 - WP_200677500.1	specific	200471	12	476	0.0	675.915	cd11332	AmyAc_OligoGlu_TS	 - 	cl38930	No
Q#920 - WP_200677500.1	superfamily	445893	456	530	0.00544898	36.1487	cl02706	Malt_amylase_C superfamily	 - 	 - 	No
Q#921 - WP_208784436.1	specific	274114	2	544	0.0	835.451	TIGR02402	trehalose_TreZ	 - 	cl38930	No
Q#922 - WP_130336948.1	specific	274114	2	544	0.0	819.658	TIGR02402	trehalose_TreZ	 - 	cl38930	No
Q#923 - WP_343240611.1	specific	235445	48	769	0.0	1269.72	PRK05402	PRK05402	 - 	cl38930	No
Q#924 - WP_096632337.1	specific	200482	195	566	0.0	675.088	cd11344	AmyAc_GlgE_like	 - 	cl38930	No
Q#924 - WP_096632337.1	specific	463388	3	190	2.7972400000000004e-76	242.069	pfam11896	GlgE_dom_N_S	 - 	cl13354	No
Q#924 - WP_096632337.1	superfamily	445893	573	650	0.00688229	35.9861	cl02706	Malt_amylase_C superfamily	 - 	 - 	No
Q#925 - WP_075969967.1	specific	441132	23	704	0.0	991.5	COG1523	PulA	 - 	cl34294	No
Q#926 - WP_045950205.1	specific	274140	23	562	0.0	1003.89	TIGR02456	treS_nterm	 - 	cl37116	No
Q#927 - WP_126395897.1	specific	274114	2	544	0.0	818.502	TIGR02402	trehalose_TreZ	 - 	cl38930	No
Q#928 - WP_189819638.1	specific	441132	37	748	0.0	1159.83	COG1523	PulA	 - 	cl34294	No
Q#929 - WP_217460677.1	superfamily	476817	200	352	5.1765e-114	334.957	cl38930	AmyAc_family superfamily	C	 - 	No
Q#929 - WP_217460677.1	specific	463388	8	195	1.65574e-83	251.314	pfam11896	GlgE_dom_N_S	 - 	cl13354	No
Q#930 - WP_100455018.1	specific	274140	22	569	0.0	1021.22	TIGR02456	treS_nterm	 - 	cl37116	No
Q#931 - WP_069629352.1	specific	274114	2	546	0.0	795.776	TIGR02402	trehalose_TreZ	 - 	cl38930	No
Q#932 - WP_145871073.1	specific	235445	30	742	0.0	1251.23	PRK05402	PRK05402	 - 	cl38930	No
Q#933 - WP_109499205.1	specific	200471	23	496	0.0	811.12	cd11332	AmyAc_OligoGlu_TS	 - 	cl38930	No
Q#933 - WP_109499205.1	specific	432205	478	558	1.29581e-07	49.6307	pfam11941	DUF3459	 - 	cl02706	No
Q#934 - WP_005308079.1	specific	200471	12	472	0.0	699.027	cd11332	AmyAc_OligoGlu_TS	 - 	cl38930	No
Q#934 - WP_005308079.1	specific	432205	455	533	6.22158e-07	47.7047	pfam11941	DUF3459	 - 	cl02706	No
Q#935 - WP_159743299.1	specific	441132	21	748	0.0	1176.01	COG1523	PulA	 - 	cl34294	No
Q#936 - WP_030545120.1	specific	200471	24	487	0.0	768.748	cd11332	AmyAc_OligoGlu_TS	 - 	cl38930	No
Q#936 - WP_030545120.1	specific	432205	469	569	1.52944e-09	55.0235	pfam11941	DUF3459	 - 	cl02706	No
Q#937 - WP_030325424.1	specific	200471	21	488	0.0	795.712	cd11332	AmyAc_OligoGlu_TS	 - 	cl38930	No
Q#937 - WP_030325424.1	specific	432205	470	550	2.84326e-06	45.7787	pfam11941	DUF3459	 - 	cl02706	No
Q#938 - WP_150519885.1	specific	200471	19	472	0.0	756.807	cd11332	AmyAc_OligoGlu_TS	 - 	cl38930	No
Q#938 - WP_150519885.1	specific	432205	454	531	1.42062e-06	46.5491	pfam11941	DUF3459	 - 	cl02706	No
Q#939 - WP_200716644.1	superfamily	274113	11	780	0.0	913.712	cl30297	trehalose_TreY superfamily	 - 	 - 	No
Q#940 - WP_062752137.1	specific	274140	23	562	0.0	1015.44	TIGR02456	treS_nterm	 - 	cl37116	No
Q#941 - WP_109493442.1	specific	200471	11	474	0.0	720.213	cd11332	AmyAc_OligoGlu_TS	 - 	cl38930	No
Q#941 - WP_109493442.1	specific	432205	455	532	2.98109e-07	48.4751	pfam11941	DUF3459	 - 	cl02706	No
Q#942 - WP_150506994.1	specific	200471	21	493	0.0	816.128	cd11332	AmyAc_OligoGlu_TS	 - 	cl38930	No
Q#942 - WP_150506994.1	specific	432205	475	555	1.42373e-05	43.8527	pfam11941	DUF3459	 - 	cl02706	No
Q#943 - WP_014176280.1	specific	200482	195	556	0.0	663.918	cd11344	AmyAc_GlgE_like	 - 	cl38930	No
Q#943 - WP_014176280.1	specific	463388	3	190	3.60862e-86	267.878	pfam11896	GlgE_dom_N_S	 - 	cl13354	No
Q#943 - WP_014176280.1	superfamily	445893	564	640	6.0514e-05	41.7641	cl02706	Malt_amylase_C superfamily	 - 	 - 	No
Q#944 - WP_051862406.1	specific	200471	12	494	0.0	723.294	cd11332	AmyAc_OligoGlu_TS	 - 	cl38930	No
Q#945 - WP_240981465.1	specific	200482	195	555	0.0	682.022	cd11344	AmyAc_GlgE_like	 - 	cl38930	No
Q#945 - WP_240981465.1	specific	463388	2	190	3.28103e-75	238.988	pfam11896	GlgE_dom_N_S	 - 	cl13354	No
Q#945 - WP_240981465.1	superfamily	445893	563	639	0.00135106	37.9121	cl02706	Malt_amylase_C superfamily	 - 	 - 	No
Q#946 - WP_079056458.1	specific	200471	7	488	0.0	831.536	cd11332	AmyAc_OligoGlu_TS	 - 	cl38930	No
Q#946 - WP_079056458.1	specific	432205	469	545	1.84458e-08	51.9419	pfam11941	DUF3459	 - 	cl02706	No
Q#947 - WP_148027475.1(Warning: this sequence record may be obsolete or preliminary)	superfamily	476817	248	493	8.22339e-177	500.208	cl38930	AmyAc_family superfamily	C	 - 	No
Q#947 - WP_148027475.1(Warning: this sequence record may be obsolete or preliminary)	specific	463388	57	243	1.87066e-78	242.84	pfam11896	GlgE_dom_N_S	 - 	cl13354	No
Q#948 - WP_190145874.1	specific	200471	12	463	0.0	784.926	cd11332	AmyAc_OligoGlu_TS	 - 	cl38930	No
Q#948 - WP_190145874.1	specific	432205	445	526	2.83681e-09	54.2531	pfam11941	DUF3459	 - 	cl02706	No
Q#949 - WP_201857048.1	specific	200471	22	505	0.0	767.592	cd11332	AmyAc_OligoGlu_TS	 - 	cl38930	No
Q#949 - WP_201857048.1	specific	432205	486	565	1.56617e-05	43.4675	pfam11941	DUF3459	 - 	cl02706	No
Q#950 - WP_033037189.1	specific	441132	1	717	0.0	1201.82	COG1523	PulA	 - 	cl34294	No
Q#951 - WP_031051703.1	specific	200482	195	556	0.0	675.859	cd11344	AmyAc_GlgE_like	 - 	cl38930	No
Q#951 - WP_031051703.1	specific	463388	3	190	2.4523400000000002e-77	244.766	pfam11896	GlgE_dom_N_S	 - 	cl13354	No
Q#951 - WP_031051703.1	superfamily	445893	564	640	0.0016657	37.5269	cl02706	Malt_amylase_C superfamily	 - 	 - 	No
Q#952 - WP_030234650.1	specific	441132	1	702	0.0	1253.82	COG1523	PulA	 - 	cl34294	No
Q#953 - WP_009328203.1	specific	200471	23	495	0.0	788.393	cd11332	AmyAc_OligoGlu_TS	 - 	cl38930	No
Q#953 - WP_009328203.1	specific	432205	477	557	0.000312849	40.0007	pfam11941	DUF3459	 - 	cl02706	No
Q#954 - WP_240499314.1	superfamily	274140	23	292	0.0	521.232	cl37116	treS_nterm superfamily	C	 - 	No
Q#955 - WP_142231027.1	specific	441132	13	706	0.0	1323.54	COG1523	PulA	 - 	cl34294	No
Q#956 - WP_039637130.1	specific	200471	23	487	0.0	740.243	cd11332	AmyAc_OligoGlu_TS	 - 	cl38930	No
Q#956 - WP_039637130.1	specific	432205	468	547	8.51912e-05	41.5415	pfam11941	DUF3459	 - 	cl02706	No
Q#957 - WP_055574324.1	specific	274114	2	543	0.0	796.546	TIGR02402	trehalose_TreZ	 - 	cl38930	No
Q#958 - WP_205086768.1	specific	235445	90	808	0.0	1282.04	PRK05402	PRK05402	 - 	cl38930	No
Q#959 - WP_184761481.1	specific	274114	2	544	0.0	802.709	TIGR02402	trehalose_TreZ	 - 	cl38930	No
Q#960 - WP_208783600.1	specific	200471	21	493	0.0	794.942	cd11332	AmyAc_OligoGlu_TS	 - 	cl38930	No
Q#960 - WP_208783600.1	specific	432205	475	555	9.90654e-07	46.9343	pfam11941	DUF3459	 - 	cl02706	No
Q#961 - WP_003961893.1	specific	235445	1	750	0.0	1241.6	PRK05402	PRK05402	 - 	cl38930	No
Q#962 - WP_069764346.1	specific	200471	21	488	0.0	793.016	cd11332	AmyAc_OligoGlu_TS	 - 	cl38930	No
Q#962 - WP_069764346.1	specific	432205	470	550	4.44984e-07	48.0899	pfam11941	DUF3459	 - 	cl02706	No
Q#963 - WP_033277954.1	specific	200471	12	458	0.0	678.226	cd11332	AmyAc_OligoGlu_TS	 - 	cl38930	No
Q#963 - WP_033277954.1	superfamily	445893	450	523	0.00224724	37.3043	cl02706	Malt_amylase_C superfamily	 - 	 - 	No
Q#964 - WP_106412363.1	specific	200482	247	603	0.0	712.838	cd11344	AmyAc_GlgE_like	 - 	cl38930	No
Q#964 - WP_106412363.1	specific	463388	55	242	3.28931e-79	250.929	pfam11896	GlgE_dom_N_S	 - 	cl13354	No
Q#964 - WP_106412363.1	superfamily	445893	610	690	0.00017314	40.6085	cl02706	Malt_amylase_C superfamily	 - 	 - 	No
Q#965 - WP_073763658.1	specific	441132	49	757	0.0	1163.68	COG1523	PulA	 - 	cl34294	No
Q#966 - WP_126398199.1	specific	274140	23	561	0.0	1030.85	TIGR02456	treS_nterm	 - 	cl37116	No
Q#967 - WP_071376024.1	specific	235445	11	731	0.0	1287.44	PRK05402	PRK05402	 - 	cl38930	No
Q#968 - WP_173316045.1	specific	200482	195	577	0.0	669.31	cd11344	AmyAc_GlgE_like	 - 	cl38930	No
Q#968 - WP_173316045.1	specific	463388	3	190	6.82027e-75	238.603	pfam11896	GlgE_dom_N_S	 - 	cl13354	No
Q#968 - WP_173316045.1	superfamily	445893	584	661	0.000397949	39.4529	cl02706	Malt_amylase_C superfamily	 - 	 - 	No
Q#969 - WP_079070615.1	specific	200471	21	494	0.0	703.264	cd11332	AmyAc_OligoGlu_TS	 - 	cl38930	No
Q#969 - WP_079070615.1	specific	432205	477	553	1.77539e-06	46.1639	pfam11941	DUF3459	 - 	cl02706	No
Q#970 - WP_189397053.1	specific	200482	244	600	0.0	699.356	cd11344	AmyAc_GlgE_like	 - 	cl38930	No
Q#970 - WP_189397053.1	specific	463388	53	239	1.1314700000000001e-74	238.603	pfam11896	GlgE_dom_N_S	 - 	cl13354	No
Q#970 - WP_189397053.1	superfamily	445893	608	672	0.00125254	37.9121	cl02706	Malt_amylase_C superfamily	C	 - 	No
Q#971 - WP_014049082.1	superfamily	274113	3	791	0.0	894.067	cl30297	trehalose_TreY superfamily	 - 	 - 	No
Q#972 - WP_031043060.1	superfamily	274113	18	855	0.0	879.044	cl30297	trehalose_TreY superfamily	 - 	 - 	No
Q#973 - WP_215165989.1	superfamily	274140	1	392	0.0	718.839	cl37116	treS_nterm superfamily	N	 - 	No
Q#974 - WP_135072122.1	specific	200482	195	556	0.0	678.555	cd11344	AmyAc_GlgE_like	 - 	cl38930	No
Q#974 - WP_135072122.1	specific	463388	3	190	1.25089e-72	232.439	pfam11896	GlgE_dom_N_S	 - 	cl13354	No
Q#974 - WP_135072122.1	superfamily	445893	563	605	0.000349199	39.4529	cl02706	Malt_amylase_C superfamily	C	 - 	No
Q#975 - WP_215110126.1	specific	274114	2	544	0.0	793.85	TIGR02402	trehalose_TreZ	 - 	cl38930	No
Q#976 - WP_062149368.1	specific	441132	1	713	0.0	1270.38	COG1523	PulA	 - 	cl34294	No
Q#977 - WP_188287521.1	specific	441132	1	703	0.0	1273.85	COG1523	PulA	 - 	cl34294	No
Q#978 - WP_184990029.1	specific	200471	6	494	0.0	783.0	cd11332	AmyAc_OligoGlu_TS	 - 	cl38930	No
Q#978 - WP_184990029.1	specific	432205	475	551	8.01876e-05	41.5415	pfam11941	DUF3459	 - 	cl02706	No
Q#979 - WP_030655743.1	specific	441132	70	778	0.0	1147.51	COG1523	PulA	 - 	cl34294	No
Q#980 - WP_145828471.1	specific	441132	13	706	0.0	1318.53	COG1523	PulA	 - 	cl34294	No
Q#981 - WP_093862484.1	superfamily	442511	24	833	0.0	813.274	cl30295	TreY superfamily	 - 	 - 	No
Q#982 - WP_039631793.1	specific	441132	1	751	0.0	1250.74	COG1523	PulA	 - 	cl34294	No
Q#983 - WP_049714070.1	specific	441132	1	706	0.0	1275.01	COG1523	PulA	 - 	cl34294	No
Q#984 - WP_033266940.1	specific	235445	7	730	0.0	1246.99	PRK05402	PRK05402	 - 	cl38930	No
Q#985 - WP_115744829.1	superfamily	274113	15	797	0.0	874.807	cl30297	trehalose_TreY superfamily	 - 	 - 	No
Q#986 - WP_133896844.1	specific	274140	23	562	0.0	1010.82	TIGR02456	treS_nterm	 - 	cl37116	No
Q#987 - WP_189819189.1	specific	200471	22	485	0.0	802.646	cd11332	AmyAc_OligoGlu_TS	 - 	cl38930	No
Q#987 - WP_189819189.1	specific	432205	468	552	2.85354e-11	60.0311	pfam11941	DUF3459	 - 	cl02706	No
Q#988 - WP_131589598.1	specific	274140	22	561	0.0	1020.45	TIGR02456	treS_nterm	 - 	cl37116	No
Q#989 - WP_176144596.1	specific	200482	195	578	0.0	680.481	cd11344	AmyAc_GlgE_like	 - 	cl38930	No
Q#989 - WP_176144596.1	specific	463388	3	190	2.4546e-79	250.544	pfam11896	GlgE_dom_N_S	 - 	cl13354	No
Q#989 - WP_176144596.1	superfamily	445893	585	662	0.00553778	35.9861	cl02706	Malt_amylase_C superfamily	 - 	 - 	No
Q#990 - WP_181795617.1	specific	200482	200	556	0.0	700.126	cd11344	AmyAc_GlgE_like	 - 	cl38930	No
Q#990 - WP_181795617.1	specific	463388	8	195	1.95863e-79	247.847	pfam11896	GlgE_dom_N_S	 - 	cl13354	No
Q#991 - WP_159706059.1	specific	274114	2	544	0.0	808.487	TIGR02402	trehalose_TreZ	 - 	cl38930	No
Q#992 - WP_145867146.1	specific	274140	22	562	0.0	1036.63	TIGR02456	treS_nterm	 - 	cl37116	No
Q#993 - WP_210916225.1	specific	441132	54	765	0.0	1151.74	COG1523	PulA	 - 	cl34294	No
Q#994 - WP_189736434.1	specific	200471	19	485	0.0	818.824	cd11332	AmyAc_OligoGlu_TS	 - 	cl38930	No
Q#994 - WP_189736434.1	specific	432205	467	544	6.35558e-05	41.9267	pfam11941	DUF3459	 - 	cl02706	No
Q#995 - WP_189725442.1	specific	274140	22	561	0.0	1019.29	TIGR02456	treS_nterm	 - 	cl37116	No
Q#996 - WP_205615059.1(Warning: this sequence record may be obsolete or preliminary)	specific	235445	26	735	0.0	1256.62	PRK05402	PRK05402	 - 	cl38930	No
Q#997 - WP_030413855.1	specific	200471	43	517	0.0	730.998	cd11332	AmyAc_OligoGlu_TS	 - 	cl38930	No
Q#998 - WP_078902987.1	specific	235445	186	909	0.0	1265.48	PRK05402	PRK05402	 - 	cl38930	No
Q#998 - WP_078902987.1	superfamily	369339	12	115	2.08422e-10	60.9478	cl22465	HC2 superfamily	C	 - 	No
Q#999 - WP_049717274.1	specific	441132	42	753	0.0	1151.36	COG1523	PulA	 - 	cl34294	No
Q#1 - WP_055689274.1	superfamily	274113	14	797	0.0	911.016	cl30297	trehalose_TreY superfamily	 - 	 - 	No
Q#2 - WP_055537065.1	superfamily	476817	1	418	0.0	626.224	cl38930	AmyAc_family superfamily	 - 	 - 	No
Q#2 - WP_055537065.1	specific	432205	399	475	6.97603e-05	41.5415	pfam11941	DUF3459	 - 	cl02706	No
Q#3 - WP_071378530.1	superfamily	274140	23	398	0.0	738.869	cl37116	treS_nterm superfamily	C	 - 	No
Q#4 - WP_031022213.1	specific	274114	2	544	0.0	834.296	TIGR02402	trehalose_TreZ	 - 	cl38930	No
Q#5 - WP_031059087.1	specific	441132	33	742	0.0	1174.08	COG1523	PulA	 - 	cl34294	No
Q#6 - WP_159468847.1	superfamily	442511	9	818	0.0	878.373	cl30295	TreY superfamily	 - 	 - 	No
Q#7 - WP_051861671.1	specific	200471	23	465	0.0	732.154	cd11332	AmyAc_OligoGlu_TS	 - 	cl38930	No
Q#7 - WP_051861671.1	specific	432205	448	527	1.80309e-05	43.4675	pfam11941	DUF3459	 - 	cl02706	No
Q#8 - WP_079140689.1	superfamily	476817	200	468	0.0	556.832	cl38930	AmyAc_family superfamily	C	 - 	No
Q#8 - WP_079140689.1	specific	463388	8	195	7.48277e-80	245.921	pfam11896	GlgE_dom_N_S	 - 	cl13354	No
Q#9 - WP_069622322.1	specific	235445	20	749	0.0	1241.6	PRK05402	PRK05402	 - 	cl38930	No
Q#10 - WP_033218930.1	specific	274140	23	562	0.0	1008.89	TIGR02456	treS_nterm	 - 	cl37116	No
Q#11 - WP_093768195.1	specific	235445	138	861	0.0	1281.66	PRK05402	PRK05402	 - 	cl38930	No
Q#11 - WP_093768195.1	superfamily	369339	62	106	3.798e-05	45.5399	cl22465	HC2 superfamily	NC	 - 	No
Q#12 - WP_023543685.1	specific	200471	19	495	0.0	723.68	cd11332	AmyAc_OligoGlu_TS	 - 	cl38930	No
Q#13 - WP_208680912.1	specific	441132	21	748	0.0	1190.26	COG1523	PulA	 - 	cl34294	No
Q#14 - WP_189997677.1	specific	200482	200	560	0.0	642.346	cd11344	AmyAc_GlgE_like	 - 	cl38930	No
Q#14 - WP_189997677.1	specific	463388	3	194	1.37726e-75	240.143	pfam11896	GlgE_dom_N_S	 - 	cl13354	No
Q#15 - WP_159507562.1	specific	274114	19	574	0.0	737.225	TIGR02402	trehalose_TreZ	 - 	cl38930	No
Q#16 - WP_011031595.1	specific	200482	202	558	0.0	712.453	cd11344	AmyAc_GlgE_like	 - 	cl38930	No
Q#16 - WP_011031595.1	specific	463388	10	197	2.4538e-75	239.758	pfam11896	GlgE_dom_N_S	 - 	cl13354	No
Q#16 - WP_011031595.1	superfamily	445893	566	629	0.00131543	37.9121	cl02706	Malt_amylase_C superfamily	C	 - 	No
Q#17 - WP_093479812.1	specific	441132	11	706	0.0	1326.62	COG1523	PulA	 - 	cl34294	No
Q#18 - WP_093764115.1	specific	200471	12	460	0.0	683.234	cd11332	AmyAc_OligoGlu_TS	 - 	cl38930	No
Q#18 - WP_093764115.1	specific	432205	450	523	0.000123534	41.1563	pfam11941	DUF3459	 - 	cl02706	No
Q#19 - WP_236052336.1	superfamily	274113	11	785	0.0	863.636	cl30297	trehalose_TreY superfamily	 - 	 - 	No
Q#20 - WP_129294127.1	specific	274140	23	568	0.0	1021.61	TIGR02456	treS_nterm	 - 	cl37116	No
Q#21 - WP_215167567.1	specific	441132	12	710	0.0	1330.86	COG1523	PulA	 - 	cl34294	No
Q#22 - WP_159507988.1	specific	441132	21	751	0.0	1163.68	COG1523	PulA	 - 	cl34294	No
Q#23 - WP_217464434.1	specific	235445	25	735	0.0	1250.07	PRK05402	PRK05402	 - 	cl38930	No
Q#24 - WP_081523691.1	specific	200471	24	500	0.0	731.384	cd11332	AmyAc_OligoGlu_TS	 - 	cl38930	No
Q#24 - WP_081523691.1	superfamily	445893	540	599	0.0039179	36.9191	cl02706	Malt_amylase_C superfamily	N	 - 	No
Q#25 - WP_150246830.1	specific	441132	1	764	0.0	1242.65	COG1523	PulA	 - 	cl34294	No
Q#26 - WP_131589676.1	specific	274140	22	562	0.0	1035.47	TIGR02456	treS_nterm	 - 	cl37116	No
Q#27 - WP_093542187.1	superfamily	442511	1	790	0.0	887.618	cl30295	TreY superfamily	 - 	 - 	No
Q#28 - WP_190146941.1	specific	200471	18	492	0.0	748.718	cd11332	AmyAc_OligoGlu_TS	 - 	cl38930	No
Q#28 - WP_190146941.1	specific	432205	473	548	3.9233e-05	42.3119	pfam11941	DUF3459	 - 	cl02706	No
Q#29 - WP_200709055.1	specific	274140	22	561	0.0	1022.38	TIGR02456	treS_nterm	 - 	cl37116	No
Q#30 - WP_421673790.1	specific	441132	80	788	0.0	1166.77	COG1523	PulA	 - 	cl34294	No
Q#31 - WP_258565646.1	superfamily	476817	3	366	1.07543e-103	309.184	cl38930	AmyAc_family superfamily	C	 - 	No
Q#31 - WP_258565646.1	superfamily	476817	89	189	0.00259269	39.5212	cl38930	AmyAc_family superfamily	C	 - 	No
Q#32 - WP_043379729.1	specific	200482	223	579	0.0	679.326	cd11344	AmyAc_GlgE_like	 - 	cl38930	No
Q#32 - WP_043379729.1	specific	463388	31	218	8.1137e-86	267.493	pfam11896	GlgE_dom_N_S	 - 	cl13354	No
Q#33 - WP_181412354.1	specific	441132	33	745	0.0	1162.91	COG1523	PulA	 - 	cl34294	No
Q#34 - WP_030349019.1	specific	200471	14	495	0.0	767.207	cd11332	AmyAc_OligoGlu_TS	 - 	cl38930	No
Q#34 - WP_030349019.1	specific	432205	476	551	1.92338e-05	43.4675	pfam11941	DUF3459	 - 	cl02706	No
Q#35 - WP_031146276.1	specific	200471	23	518	0.0	733.31	cd11332	AmyAc_OligoGlu_TS	 - 	cl38930	No
Q#35 - WP_031146276.1	specific	432205	501	589	2.44378e-05	43.0823	pfam11941	DUF3459	 - 	cl02706	No
Q#36 - WP_194274719.1	specific	200471	12	472	0.0	710.583	cd11332	AmyAc_OligoGlu_TS	 - 	cl38930	No
Q#36 - WP_194274719.1	specific	432205	455	532	2.37214e-07	48.8603	pfam11941	DUF3459	 - 	cl02706	No
Q#37 - WP_053923896.1	specific	441132	1	720	0.0	1279.24	COG1523	PulA	 - 	cl34294	No
Q#38 - WP_010033291.1	superfamily	274140	8	151	6.32496e-96	286.645	cl37116	treS_nterm superfamily	C	 - 	No
Q#39 - WP_069922483.1	specific	200475	22	661	0.0	773.974	cd11336	AmyAc_MTSase	 - 	cl38930	No
Q#40 - WP_175430328.1	specific	200473	10	455	0.0	721.273	cd11334	AmyAc_TreS	 - 	cl38930	No
Q#40 - WP_175430328.1	specific	435493	470	550	1.11237e-07	49.0829	pfam16657	Malt_amylase_C	 - 	cl02706	No
Q#41 - WP_012378973.1	specific	441132	44	752	0.0	1142.11	COG1523	PulA	 - 	cl34294	No
Q#42 - WP_030671061.1	specific	200471	27	499	0.0	776.837	cd11332	AmyAc_OligoGlu_TS	 - 	cl38930	No
Q#42 - WP_030671061.1	superfamily	445893	481	561	0.0021217	37.6895	cl02706	Malt_amylase_C superfamily	 - 	 - 	No
Q#43 - WP_159686965.1	specific	200482	198	559	0.0	679.326	cd11344	AmyAc_GlgE_like	 - 	cl38930	No
Q#43 - WP_159686965.1	specific	463388	6	193	1.41016e-74	237.447	pfam11896	GlgE_dom_N_S	 - 	cl13354	No
Q#43 - WP_159686965.1	superfamily	445893	566	643	0.00242677	37.1417	cl02706	Malt_amylase_C superfamily	 - 	 - 	No
Q#44 - WP_104789245.1	specific	200482	195	592	0.0	659.295	cd11344	AmyAc_GlgE_like	 - 	cl38930	No
Q#44 - WP_104789245.1	specific	463388	3	190	3.84442e-83	260.559	pfam11896	GlgE_dom_N_S	 - 	cl13354	No
Q#44 - WP_104789245.1	superfamily	445893	599	676	0.006884	35.9861	cl02706	Malt_amylase_C superfamily	 - 	 - 	No
Q#45 - WP_043444004.1	specific	200482	246	602	0.0	665.073	cd11344	AmyAc_GlgE_like	 - 	cl38930	No
Q#45 - WP_043444004.1	specific	463388	53	241	1.02393e-68	223.195	pfam11896	GlgE_dom_N_S	 - 	cl13354	No
Q#45 - WP_043444004.1	superfamily	445893	610	681	0.0072881	35.9861	cl02706	Malt_amylase_C superfamily	 - 	 - 	No
Q#46 - WP_015576920.1	specific	200471	23	495	0.0	798.794	cd11332	AmyAc_OligoGlu_TS	 - 	cl38930	No
Q#46 - WP_015576920.1	specific	432205	476	556	5.26874e-05	41.9267	pfam11941	DUF3459	 - 	cl02706	No
Q#47 - WP_069766368.1	specific	200471	18	493	0.0	729.072	cd11332	AmyAc_OligoGlu_TS	 - 	cl38930	No
Q#47 - WP_069766368.1	specific	432205	475	552	0.000387881	39.6155	pfam11941	DUF3459	 - 	cl02706	No
Q#48 - WP_074992545.1	superfamily	476817	203	564	0.0	620.005	cl38930	AmyAc_family superfamily	 - 	 - 	No
Q#48 - WP_074992545.1	specific	463388	3	198	1.12316e-50	173.889	pfam11896	GlgE_dom_N_S	 - 	cl13354	No
Q#49 - WP_019060813.1	specific	200482	236	592	0.0	683.948	cd11344	AmyAc_GlgE_like	 - 	cl38930	No
Q#49 - WP_019060813.1	specific	463388	43	231	4.0117200000000005e-83	260.559	pfam11896	GlgE_dom_N_S	 - 	cl13354	No
Q#49 - WP_019060813.1	superfamily	445893	599	676	0.00177742	37.5269	cl02706	Malt_amylase_C superfamily	 - 	 - 	No
Q#50 - WP_208030278.1	specific	200482	200	556	0.0	702.438	cd11344	AmyAc_GlgE_like	 - 	cl38930	No
Q#50 - WP_208030278.1	specific	463388	8	195	3.82128e-82	257.092	pfam11896	GlgE_dom_N_S	 - 	cl13354	No
Q#50 - WP_208030278.1	superfamily	445893	564	605	0.000413246	39.4529	cl02706	Malt_amylase_C superfamily	C	 - 	No
Q#51 - WP_186581978.1	specific	441132	1	697	0.0	1325.08	COG1523	PulA	 - 	cl34294	No
Q#52 - WP_020114201.1	specific	274114	2	544	0.0	803.095	TIGR02402	trehalose_TreZ	 - 	cl38930	No
Q#53 - WP_125622829.1	specific	200471	24	486	0.0	809.964	cd11332	AmyAc_OligoGlu_TS	 - 	cl38930	No
Q#53 - WP_125622829.1	specific	432205	469	578	5.98616e-06	45.0083	pfam11941	DUF3459	 - 	cl02706	No
Q#54 - WP_055691379.1	superfamily	476817	6	390	0.0	624.298	cl38930	AmyAc_family superfamily	 - 	 - 	No
Q#55 - WP_093724673.1	specific	441132	13	706	0.0	1330.86	COG1523	PulA	 - 	cl34294	No
Q#56 - WP_053192897.1	specific	200471	21	501	0.0	770.674	cd11332	AmyAc_OligoGlu_TS	 - 	cl38930	No
Q#56 - WP_053192897.1	specific	432205	482	556	1.60072e-05	43.4675	pfam11941	DUF3459	 - 	cl02706	No
Q#57 - WP_031024825.1	superfamily	476817	13	270	0.0	503.675	cl38930	AmyAc_family superfamily	 - 	 - 	No
Q#58 - WP_030597398.1	specific	441132	7	662	0.0	1082.41	COG1523	PulA	 - 	cl34294	No
Q#59 - WP_145491841.1	specific	441132	13	708	0.0	1297.73	COG1523	PulA	 - 	cl34294	No
Q#60 - WP_181890297.1	specific	200471	6	480	0.0	744.095	cd11332	AmyAc_OligoGlu_TS	 - 	cl38930	No
Q#60 - WP_181890297.1	specific	432205	461	537	3.70713e-05	42.6971	pfam11941	DUF3459	 - 	cl02706	No
Q#61 - WP_010048619.1	specific	235445	245	966	0.0	1294.37	PRK05402	PRK05402	 - 	cl38930	No
Q#62 - WP_030562589.1	specific	200473	10	460	0.0	695.465	cd11334	AmyAc_TreS	 - 	cl38930	No
Q#62 - WP_030562589.1	specific	435493	470	548	1.06912e-11	60.6388	pfam16657	Malt_amylase_C	 - 	cl02706	No
Q#63 - WP_010983591.1	specific	441132	1	700	0.0	1274.62	COG1523	PulA	 - 	cl34294	No
Q#64 - WP_030741808.1	specific	274114	2	544	0.0	814.651	TIGR02402	trehalose_TreZ	 - 	cl38930	No
Q#65 - WP_020942331.1	specific	235445	135	858	0.0	1295.14	PRK05402	PRK05402	 - 	cl38930	No
Q#66 - WP_189743009.1	specific	200482	195	557	0.0	677.014	cd11344	AmyAc_GlgE_like	 - 	cl38930	No
Q#66 - WP_189743009.1	specific	463388	3	190	4.5354600000000005e-77	243.995	pfam11896	GlgE_dom_N_S	 - 	cl13354	No
Q#66 - WP_189743009.1	superfamily	440065	528	595	0.000847536	42.4324	cl43092	GlgB superfamily	N	 - 	No
Q#66 - WP_189743009.1	superfamily	445893	564	641	0.00894953	35.6009	cl02706	Malt_amylase_C superfamily	 - 	 - 	No
Q#67 - WP_141292664.1	specific	200471	9	481	0.0	798.794	cd11332	AmyAc_OligoGlu_TS	 - 	cl38930	No
Q#67 - WP_141292664.1	specific	432205	462	546	0.000680812	38.8451	pfam11941	DUF3459	 - 	cl02706	No
Q#68 - WP_097270207.1	superfamily	274113	11	780	0.0	883.281	cl30297	trehalose_TreY superfamily	 - 	 - 	No
Q#69 - WP_126395165.1	specific	274140	23	562	0.0	1029.7	TIGR02456	treS_nterm	 - 	cl37116	No
Q#70 - WP_159765691.1	superfamily	476817	15	449	0.0	689.044	cl38930	AmyAc_family superfamily	 - 	 - 	No
Q#71 - WP_007492400.1	specific	200471	6	480	0.0	725.991	cd11332	AmyAc_OligoGlu_TS	 - 	cl38930	No
Q#71 - WP_007492400.1	specific	432205	461	537	3.10344e-05	42.6971	pfam11941	DUF3459	 - 	cl02706	No
Q#72 - WP_069778637.1	specific	235445	17	740	0.0	1284.35	PRK05402	PRK05402	 - 	cl38930	No
Q#73 - WP_033298460.1	specific	274140	23	562	0.0	1029.31	TIGR02456	treS_nterm	 - 	cl37116	No
Q#74 - WP_030218679.1	specific	274140	23	562	0.0	1014.67	TIGR02456	treS_nterm	 - 	cl37116	No
Q#75 - WP_175430586.1	specific	441132	13	706	0.0	1318.15	COG1523	PulA	 - 	cl34294	No
Q#76 - WP_009308048.1	superfamily	476817	15	449	0.0	691.356	cl38930	AmyAc_family superfamily	 - 	 - 	No
Q#77 - WP_260609555.1	superfamily	274140	23	329	0.0	599.812	cl37116	treS_nterm superfamily	C	 - 	No
Q#78 - WP_142231031.1	specific	235445	34	742	0.0	1250.84	PRK05402	PRK05402	 - 	cl38930	No
Q#79 - WP_199807732.1	specific	235445	101	824	0.0	1298.22	PRK05402	PRK05402	 - 	cl38930	No
Q#79 - WP_199807732.1	superfamily	369339	35	84	2.21722e-08	54.7847	cl22465	HC2 superfamily	NC	 - 	No
Q#80 - WP_062149365.1	superfamily	274113	11	780	0.0	887.133	cl30297	trehalose_TreY superfamily	 - 	 - 	No
Q#81 - WP_030545124.1	specific	200471	34	499	0.0	749.488	cd11332	AmyAc_OligoGlu_TS	 - 	cl38930	No
Q#81 - WP_030545124.1	specific	432205	480	589	0.000150287	40.7711	pfam11941	DUF3459	 - 	cl02706	No
Q#82 - WP_150519881.1	specific	200471	22	474	0.0	739.088	cd11332	AmyAc_OligoGlu_TS	 - 	cl38930	No
Q#82 - WP_150519881.1	specific	432205	456	565	0.000196472	40.3859	pfam11941	DUF3459	 - 	cl02706	No
Q#83 - WP_087792385.1	specific	441132	11	707	0.0	1311.99	COG1523	PulA	 - 	cl34294	No
Q#84 - WP_030681526.1	superfamily	274113	11	780	0.0	924.498	cl30297	trehalose_TreY superfamily	 - 	 - 	No
Q#85 - WP_128433920.1	specific	200471	19	498	0.0	765.281	cd11332	AmyAc_OligoGlu_TS	 - 	cl38930	No
Q#85 - WP_128433920.1	specific	432205	482	556	0.000314096	40.0007	pfam11941	DUF3459	 - 	cl02706	No
Q#86 - WP_062717594.1	specific	441132	36	746	0.0	1164.07	COG1523	PulA	 - 	cl34294	No
Q#87 - WP_151785959.1	specific	274140	23	562	0.0	1035.09	TIGR02456	treS_nterm	 - 	cl37116	No
Q#88 - WP_167537391.1	specific	200471	22	503	0.0	777.222	cd11332	AmyAc_OligoGlu_TS	 - 	cl38930	No
Q#88 - WP_167537391.1	specific	432205	484	558	6.49302e-05	41.9267	pfam11941	DUF3459	 - 	cl02706	No
Q#89 - WP_142231821.1	specific	274140	22	562	0.0	1037.01	TIGR02456	treS_nterm	 - 	cl37116	No
Q#90 - WP_164435418.1	specific	200471	23	495	0.0	811.89	cd11332	AmyAc_OligoGlu_TS	 - 	cl38930	No
Q#90 - WP_164435418.1	specific	432205	477	557	2.25794e-06	46.1639	pfam11941	DUF3459	 - 	cl02706	No
Q#91 - WP_031052848.1	specific	441132	1	690	0.0	1327.39	COG1523	PulA	 - 	cl34294	No
Q#92 - WP_126269984.1	specific	274140	23	561	0.0	1025.07	TIGR02456	treS_nterm	 - 	cl37116	No
Q#93 - WP_069920045.1	specific	200471	23	470	0.0	748.332	cd11332	AmyAc_OligoGlu_TS	 - 	cl38930	No
Q#93 - WP_069920045.1	superfamily	445893	452	534	0.00248502	37.3043	cl02706	Malt_amylase_C superfamily	 - 	 - 	No
Q#94 - WP_014055039.1	specific	441132	49	764	0.0	1158.29	COG1523	PulA	 - 	cl34294	No
Q#95 - WP_071378570.1	superfamily	274140	23	427	0.0	815.139	cl37116	treS_nterm superfamily	C	 - 	No
Q#96 - WP_086558890.1	specific	274140	22	561	0.0	1021.99	TIGR02456	treS_nterm	 - 	cl37116	No
Q#97 - WP_190012182.1	specific	441132	12	707	0.0	1330.09	COG1523	PulA	 - 	cl34294	No
Q#98 - WP_234434751.1	specific	235445	98	821	0.0	1270.1	PRK05402	PRK05402	 - 	cl38930	No
Q#98 - WP_234434751.1	superfamily	223021	2	148	0.000294685	44.9293	cl33720	PHA03247 superfamily	N	 - 	No
Q#99 - WP_030369387.1	superfamily	442511	9	812	0.0	891.855	cl30295	TreY superfamily	 - 	 - 	No
Q#100 - WP_142171219.1	specific	200471	27	499	0.0	826.913	cd11332	AmyAc_OligoGlu_TS	 - 	cl38930	No
Q#100 - WP_142171219.1	specific	432205	481	561	4.60357e-05	42.3119	pfam11941	DUF3459	 - 	cl02706	No
Q#101 - WP_059084896.1	specific	235445	28	745	0.0	1282.43	PRK05402	PRK05402	 - 	cl38930	No
Q#102 - WP_161374623.1	specific	200482	195	555	0.0	673.933	cd11344	AmyAc_GlgE_like	 - 	cl38930	No
Q#102 - WP_161374623.1	specific	463388	2	190	3.44342e-77	244.381	pfam11896	GlgE_dom_N_S	 - 	cl13354	No
Q#102 - WP_161374623.1	superfamily	445893	563	639	6.3879e-05	41.3789	cl02706	Malt_amylase_C superfamily	 - 	 - 	No
Q#103 - WP_078873304.1	specific	235445	61	784	0.0	1289.75	PRK05402	PRK05402	 - 	cl38930	No
Q#104 - WP_236576462.1	specific	235445	14	736	0.0	1246.99	PRK05402	PRK05402	 - 	cl38930	No
Q#105 - WP_069922485.1	specific	441132	1	702	0.0	1263.84	COG1523	PulA	 - 	cl34294	No
Q#106 - WP_039654891.1	specific	441132	1	697	0.0	1317.38	COG1523	PulA	 - 	cl34294	No
Q#107 - WP_030178991.1	specific	235445	7	731	0.0	1242.37	PRK05402	PRK05402	 - 	cl38930	No
Q#108 - WP_206739667.1	specific	235445	103	826	0.0	1247.76	PRK05402	PRK05402	 - 	cl38930	No
Q#109 - WP_031043052.1	specific	274114	2	544	0.0	811.569	TIGR02402	trehalose_TreZ	 - 	cl38930	No
Q#110 - WP_210958787.1	specific	200471	23	495	0.0	814.587	cd11332	AmyAc_OligoGlu_TS	 - 	cl38930	No
Q#110 - WP_210958787.1	specific	432205	477	557	3.90071e-06	45.3935	pfam11941	DUF3459	 - 	cl02706	No
Q#111 - WP_130329005.1	specific	200471	12	469	0.0	701.723	cd11332	AmyAc_OligoGlu_TS	 - 	cl38930	No
Q#111 - WP_130329005.1	superfamily	445893	459	533	0.00785299	35.7635	cl02706	Malt_amylase_C superfamily	 - 	 - 	No
Q#112 - WP_072484882.1	specific	200471	21	491	0.0	803.031	cd11332	AmyAc_OligoGlu_TS	 - 	cl38930	No
Q#112 - WP_072484882.1	specific	432205	473	557	0.000315312	40.0007	pfam11941	DUF3459	 - 	cl02706	No
Q#113 - WP_069782841.1	specific	235445	35	748	0.0	1233.12	PRK05402	PRK05402	 - 	cl38930	No
Q#114 - WP_046088429.1	specific	200471	2	451	0.0	697.871	cd11332	AmyAc_OligoGlu_TS	 - 	cl38930	No
Q#115 - WP_089506272.1	specific	200471	21	491	0.0	767.978	cd11332	AmyAc_OligoGlu_TS	 - 	cl38930	No
Q#115 - WP_089506272.1	specific	432205	472	551	3.04435e-06	45.7787	pfam11941	DUF3459	 - 	cl02706	No
Q#116 - WP_169085470.1	specific	200471	21	487	0.0	810.35	cd11332	AmyAc_OligoGlu_TS	 - 	cl38930	No
Q#116 - WP_169085470.1	superfamily	445893	469	549	0.00356867	36.9191	cl02706	Malt_amylase_C superfamily	 - 	 - 	No
Q#117 - WP_030844014.1	specific	235445	23	732	0.0	1260.09	PRK05402	PRK05402	 - 	cl38930	No
Q#118 - WP_030832219.1	specific	235445	28	738	0.0	1249.69	PRK05402	PRK05402	 - 	cl38930	No
Q#119 - WP_053208848.1	specific	200471	23	495	0.0	741.014	cd11332	AmyAc_OligoGlu_TS	 - 	cl38930	No
Q#119 - WP_053208848.1	specific	432205	476	555	0.000640798	38.8451	pfam11941	DUF3459	 - 	cl02706	No
Q#120 - WP_121829964.1	specific	200471	20	492	0.0	812.661	cd11332	AmyAc_OligoGlu_TS	 - 	cl38930	No
Q#120 - WP_121829964.1	specific	432205	473	553	0.000259887	40.0007	pfam11941	DUF3459	 - 	cl02706	No
Q#121 - WP_003985412.1	superfamily	442511	9	808	0.0	844.86	cl30295	TreY superfamily	 - 	 - 	No
Q#122 - WP_150484818.1	specific	274140	22	561	0.0	1017.75	TIGR02456	treS_nterm	 - 	cl37116	No
Q#123 - WP_184826976.1	specific	200471	23	486	0.0	799.564	cd11332	AmyAc_OligoGlu_TS	 - 	cl38930	No
Q#123 - WP_184826976.1	specific	432205	468	559	3.68015e-08	51.1715	pfam11941	DUF3459	 - 	cl02706	No
Q#124 - WP_192806299.1	specific	441132	17	710	0.0	1330.86	COG1523	PulA	 - 	cl34294	No
Q#125 - WP_129769190.1	specific	200482	198	559	0.0	675.088	cd11344	AmyAc_GlgE_like	 - 	cl38930	No
Q#125 - WP_129769190.1	specific	463388	3	193	1.02168e-75	240.529	pfam11896	GlgE_dom_N_S	 - 	cl13354	No
Q#125 - WP_129769190.1	superfamily	445893	566	643	5.94319e-05	41.7641	cl02706	Malt_amylase_C superfamily	 - 	 - 	No
Q#126 - WP_078648609.1	specific	235445	181	905	0.0	1267.02	PRK05402	PRK05402	 - 	cl38930	No
Q#127 - WP_020867825.1	superfamily	442511	7	902	0.0	846.016	cl30295	TreY superfamily	 - 	 - 	No
Q#128 - WP_229917602.1	specific	200482	195	555	0.0	684.718	cd11344	AmyAc_GlgE_like	 - 	cl38930	No
Q#128 - WP_229917602.1	specific	463388	2	190	1.6928e-74	237.062	pfam11896	GlgE_dom_N_S	 - 	cl13354	No
Q#128 - WP_229917602.1	superfamily	445893	563	639	0.000247308	39.8381	cl02706	Malt_amylase_C superfamily	 - 	 - 	No
Q#129 - WP_189721553.1	specific	274114	2	543	0.0	822.74	TIGR02402	trehalose_TreZ	 - 	cl38930	No
Q#130 - WP_030363283.1	specific	200471	22	492	0.0	793.016	cd11332	AmyAc_OligoGlu_TS	 - 	cl38930	No
Q#130 - WP_030363283.1	specific	432205	475	566	6.82964e-08	50.4011	pfam11941	DUF3459	 - 	cl02706	No
Q#131 - WP_037631837.1	specific	441132	70	782	0.0	1145.96	COG1523	PulA	 - 	cl34294	No
Q#132 - WP_150486856.1	specific	441132	1	720	0.0	1273.85	COG1523	PulA	 - 	cl34294	No
Q#133 - WP_033210039.1	specific	200471	20	492	0.0	809.194	cd11332	AmyAc_OligoGlu_TS	 - 	cl38930	No
Q#133 - WP_033210039.1	superfamily	445893	473	553	0.00109232	38.4599	cl02706	Malt_amylase_C superfamily	 - 	 - 	No
Q#134 - WP_030762975.1	specific	274114	3	545	0.0	765.73	TIGR02402	trehalose_TreZ	 - 	cl38930	No
Q#135 - WP_011030640.1	specific	441132	1	700	0.0	1287.72	COG1523	PulA	 - 	cl34294	No
Q#136 - WP_031020384.1	specific	274114	2	544	0.0	811.184	TIGR02402	trehalose_TreZ	 - 	cl38930	No
Q#137 - WP_256339453.1	superfamily	274113	11	785	0.0	890.985	cl30297	trehalose_TreY superfamily	 - 	 - 	No
Q#138 - WP_099970553.1	specific	200482	200	556	0.0	699.356	cd11344	AmyAc_GlgE_like	 - 	cl38930	No
Q#138 - WP_099970553.1	specific	463388	8	195	4.4785599999999995e-81	254.396	pfam11896	GlgE_dom_N_S	 - 	cl13354	No
Q#138 - WP_099970553.1	superfamily	445893	564	605	0.000715694	38.6825	cl02706	Malt_amylase_C superfamily	C	 - 	No
Q#139 - WP_209497408.1	superfamily	274113	26	790	0.0	802.775	cl30297	trehalose_TreY superfamily	 - 	 - 	No
Q#140 - WP_031148676.1	specific	200471	19	468	0.0	751.799	cd11332	AmyAc_OligoGlu_TS	 - 	cl38930	No
Q#140 - WP_031148676.1	specific	432205	450	527	1.87018e-06	46.1639	pfam11941	DUF3459	 - 	cl02706	No
Q#141 - WP_020871936.1	specific	200471	22	494	0.0	783.0	cd11332	AmyAc_OligoGlu_TS	 - 	cl38930	No
Q#141 - WP_020871936.1	specific	432205	475	554	8.28933e-06	44.2379	pfam11941	DUF3459	 - 	cl02706	No
Q#142 - WP_037915350.1	specific	274114	2	545	0.0	764.96	TIGR02402	trehalose_TreZ	 - 	cl38930	No
Q#143 - WP_184967615.1	specific	200471	18	499	0.0	761.429	cd11332	AmyAc_OligoGlu_TS	 - 	cl38930	No
Q#143 - WP_184967615.1	specific	432205	480	555	0.000153666	40.7711	pfam11941	DUF3459	 - 	cl02706	No
Q#144 - WP_208778361.1	specific	200471	7	486	0.0	790.704	cd11332	AmyAc_OligoGlu_TS	 - 	cl38930	No
Q#144 - WP_208778361.1	specific	432205	467	543	4.16303e-09	53.8679	pfam11941	DUF3459	 - 	cl02706	No
Q#145 - WP_014173282.1	specific	200471	12	470	0.0	683.619	cd11332	AmyAc_OligoGlu_TS	 - 	cl38930	No
Q#145 - WP_014173282.1	specific	432205	453	530	0.000113658	41.1563	pfam11941	DUF3459	 - 	cl02706	No
Q#146 - WP_210974590.1	superfamily	274113	37	813	0.0	873.651	cl30297	trehalose_TreY superfamily	 - 	 - 	No
Q#147 - WP_125191522.1	specific	274140	23	561	0.0	1020.45	TIGR02456	treS_nterm	 - 	cl37116	No
Q#148 - WP_019432962.1	specific	200471	18	481	0.0	767.207	cd11332	AmyAc_OligoGlu_TS	 - 	cl38930	No
Q#148 - WP_019432962.1	specific	432205	463	550	2.84881e-06	45.7787	pfam11941	DUF3459	 - 	cl02706	No
Q#149 - WP_164460525.1	specific	441132	1	700	0.0	1270.77	COG1523	PulA	 - 	cl34294	No
Q#150 - WP_188286336.1	specific	200471	22	490	0.0	802.26	cd11332	AmyAc_OligoGlu_TS	 - 	cl38930	No
Q#150 - WP_188286336.1	specific	432205	472	552	5.49408e-07	47.7047	pfam11941	DUF3459	 - 	cl02706	No
Q#151 - WP_206306552.1	superfamily	274140	1	284	0.0	536.254	cl37116	treS_nterm superfamily	N	 - 	No
Q#152 - WP_069778635.1	specific	274140	23	562	0.0	1038.55	TIGR02456	treS_nterm	 - 	cl37116	No
Q#153 - WP_042154051.1	specific	200471	17	468	0.0	796.097	cd11332	AmyAc_OligoGlu_TS	 - 	cl38930	No
Q#153 - WP_042154051.1	specific	432205	450	531	5.62019e-07	47.7047	pfam11941	DUF3459	 - 	cl02706	No
Q#154 - WP_127153087.1	specific	274140	23	568	0.0	1025.07	TIGR02456	treS_nterm	 - 	cl37116	No
Q#155 - WP_190223379.1	specific	235445	12	737	0.0	1250.07	PRK05402	PRK05402	 - 	cl38930	No
Q#156 - WP_030817402.1	superfamily	274140	22	289	0.0	512.372	cl37116	treS_nterm superfamily	C	 - 	No
Q#157 - WP_190008084.1	specific	200471	27	494	0.0	806.498	cd11332	AmyAc_OligoGlu_TS	 - 	cl38930	No
Q#157 - WP_190008084.1	specific	432205	476	556	1.2669e-06	46.5491	pfam11941	DUF3459	 - 	cl02706	No
Q#158 - WP_125212359.1	specific	200482	200	556	0.0	692.808	cd11344	AmyAc_GlgE_like	 - 	cl38930	No
Q#158 - WP_125212359.1	specific	463388	8	195	7.45759e-80	251.314	pfam11896	GlgE_dom_N_S	 - 	cl13354	No
Q#158 - WP_125212359.1	superfamily	445893	564	640	3.77185e-06	44.8457	cl02706	Malt_amylase_C superfamily	 - 	 - 	No
Q#159 - WP_030651724.1	specific	441132	1	702	0.0	1266.92	COG1523	PulA	 - 	cl34294	No
Q#160 - WP_189743468.1	specific	200471	21	494	0.0	727.917	cd11332	AmyAc_OligoGlu_TS	 - 	cl38930	No
Q#160 - WP_189743468.1	specific	432205	477	543	0.000638253	38.8451	pfam11941	DUF3459	 - 	cl02706	No
Q#161 - WP_215105349.1	specific	200471	23	495	0.0	808.038	cd11332	AmyAc_OligoGlu_TS	 - 	cl38930	No
Q#161 - WP_215105349.1	specific	432205	476	556	1.10452e-05	43.8527	pfam11941	DUF3459	 - 	cl02706	No
Q#162 - WP_005481984.1	specific	441132	1	712	0.0	1277.7	COG1523	PulA	 - 	cl34294	No
Q#163 - WP_150235756.1	specific	274114	3	545	0.0	772.279	TIGR02402	trehalose_TreZ	 - 	cl38930	No
Q#164 - WP_073722346.1	specific	200471	25	497	0.0	813.816	cd11332	AmyAc_OligoGlu_TS	 - 	cl38930	No
Q#164 - WP_073722346.1	specific	432205	479	559	0.000250866	40.0007	pfam11941	DUF3459	 - 	cl02706	No
Q#165 - WP_128981138.1	superfamily	274113	25	791	0.0	848.613	cl30297	trehalose_TreY superfamily	 - 	 - 	No
Q#166 - WP_201851133.1	specific	200482	195	556	0.0	660.066	cd11344	AmyAc_GlgE_like	 - 	cl38930	No
Q#166 - WP_201851133.1	specific	463388	3	190	1.98565e-86	268.263	pfam11896	GlgE_dom_N_S	 - 	cl13354	No
Q#166 - WP_201851133.1	superfamily	445893	564	640	0.000662963	38.6825	cl02706	Malt_amylase_C superfamily	 - 	 - 	No
Q#167 - WP_102923953.1	specific	200471	29	480	0.0	774.141	cd11332	AmyAc_OligoGlu_TS	 - 	cl38930	No
Q#167 - WP_102923953.1	superfamily	445893	462	552	0.00114476	38.4599	cl02706	Malt_amylase_C superfamily	 - 	 - 	No
Q#168 - WP_215214783.1	specific	441132	13	706	0.0	1322.0	COG1523	PulA	 - 	cl34294	No
Q#169 - WP_164436261.1	specific	274140	23	562	0.0	1040.1	TIGR02456	treS_nterm	 - 	cl37116	No
Q#170 - WP_208035106.1	specific	441132	1	701	0.0	1281.56	COG1523	PulA	 - 	cl34294	No
Q#171 - WP_189419918.1	specific	441132	41	748	0.0	1186.03	COG1523	PulA	 - 	cl34294	No
Q#172 - WP_062718788.1	specific	200471	21	506	0.0	791.86	cd11332	AmyAc_OligoGlu_TS	 - 	cl38930	No
Q#172 - WP_062718788.1	specific	432205	487	567	3.17617e-06	45.7787	pfam11941	DUF3459	 - 	cl02706	No
Q#173 - WP_029180971.1	specific	200471	23	490	0.0	801.49	cd11332	AmyAc_OligoGlu_TS	 - 	cl38930	No
Q#173 - WP_029180971.1	specific	432205	472	552	0.000118975	41.1563	pfam11941	DUF3459	 - 	cl02706	No
Q#174 - WP_212669955.1	specific	441132	33	745	0.0	1168.31	COG1523	PulA	 - 	cl34294	No
Q#175 - WP_019889581.1	specific	274140	23	562	0.0	1029.7	TIGR02456	treS_nterm	 - 	cl37116	No
Q#176 - WP_073748431.1	specific	274114	2	545	0.0	810.799	TIGR02402	trehalose_TreZ	 - 	cl38930	No
Q#177 - WP_201818574.1	specific	200471	5	474	0.0	728.302	cd11332	AmyAc_OligoGlu_TS	 - 	cl38930	No
Q#177 - WP_201818574.1	specific	432205	455	531	0.000383896	39.6155	pfam11941	DUF3459	 - 	cl02706	No
Q#178 - WP_004949366.1	superfamily	442511	9	791	0.0	878.758	cl30295	TreY superfamily	 - 	 - 	No
Q#179 - WP_190199888.1	specific	235445	23	732	0.0	1257.78	PRK05402	PRK05402	 - 	cl38930	No
Q#180 - WP_179878812.1	specific	200471	18	492	0.0	739.473	cd11332	AmyAc_OligoGlu_TS	 - 	cl38930	No
Q#180 - WP_179878812.1	specific	432205	473	547	0.000449967	39.6155	pfam11941	DUF3459	 - 	cl02706	No
Q#181 - WP_015575940.1	specific	200471	13	474	0.0	701.723	cd11332	AmyAc_OligoGlu_TS	 - 	cl38930	No
Q#182 - WP_159698478.1	specific	200482	200	556	0.0	686.259	cd11344	AmyAc_GlgE_like	 - 	cl38930	No
Q#182 - WP_159698478.1	specific	463388	8	195	2.75736e-73	233.98	pfam11896	GlgE_dom_N_S	 - 	cl13354	No
Q#182 - WP_159698478.1	superfamily	445893	564	635	7.3511e-05	41.3789	cl02706	Malt_amylase_C superfamily	 - 	 - 	No
Q#183 - WP_033299885.1	specific	200471	23	495	0.0	825.758	cd11332	AmyAc_OligoGlu_TS	 - 	cl38930	No
Q#183 - WP_033299885.1	specific	432205	476	556	0.000714863	38.8451	pfam11941	DUF3459	 - 	cl02706	No
Q#184 - WP_130336049.1	specific	441132	11	706	0.0	1319.69	COG1523	PulA	 - 	cl34294	No
Q#185 - WP_030763978.1	specific	200482	195	557	0.0	675.474	cd11344	AmyAc_GlgE_like	 - 	cl38930	No
Q#185 - WP_030763978.1	specific	463388	3	190	2.2054800000000002e-77	244.766	pfam11896	GlgE_dom_N_S	 - 	cl13354	No
Q#185 - WP_030763978.1	superfamily	440065	545	595	0.00367593	40.5064	cl43092	GlgB superfamily	N	 - 	No
Q#185 - WP_030763978.1	superfamily	445893	564	641	0.0084371	35.6009	cl02706	Malt_amylase_C superfamily	 - 	 - 	No
Q#186 - WP_023536817.1	specific	200472	17	480	0.0	778.945	cd11333	AmyAc_SI_OligoGlu_DGase	 - 	cl38930	No
Q#186 - WP_023536817.1	specific	435493	487	563	2.28013e-06	45.6161	pfam16657	Malt_amylase_C	 - 	cl02706	No
Q#187 - WP_003982226.1	specific	200482	195	556	0.0	678.555	cd11344	AmyAc_GlgE_like	 - 	cl38930	No
Q#187 - WP_003982226.1	specific	463388	3	190	7.53864e-77	243.61	pfam11896	GlgE_dom_N_S	 - 	cl13354	No
Q#187 - WP_003982226.1	superfamily	440065	544	598	0.00703462	39.3508	cl43092	GlgB superfamily	N	 - 	No
Q#187 - WP_003982226.1	superfamily	445893	563	644	0.00908051	35.6009	cl02706	Malt_amylase_C superfamily	 - 	 - 	No
Q#188 - WP_128504100.1	specific	200482	195	556	0.0	671.236	cd11344	AmyAc_GlgE_like	 - 	cl38930	No
Q#188 - WP_128504100.1	specific	463388	3	190	3.23542e-82	257.477	pfam11896	GlgE_dom_N_S	 - 	cl13354	No
Q#188 - WP_128504100.1	superfamily	440065	530	598	0.0014145	41.662	cl43092	GlgB superfamily	N	 - 	No
Q#188 - WP_128504100.1	superfamily	445893	564	644	0.00935221	35.6009	cl02706	Malt_amylase_C superfamily	 - 	 - 	No
Q#189 - WP_016825415.1	specific	200471	29	510	0.0	793.786	cd11332	AmyAc_OligoGlu_TS	 - 	cl38930	No
Q#189 - WP_016825415.1	specific	432205	491	565	0.000634335	39.2303	pfam11941	DUF3459	 - 	cl02706	No
Q#190 - WP_099869208.1	specific	200471	23	475	0.0	745.251	cd11332	AmyAc_OligoGlu_TS	 - 	cl38930	No
Q#190 - WP_099869208.1	superfamily	445893	456	535	0.00168509	37.6895	cl02706	Malt_amylase_C superfamily	 - 	 - 	No
Q#191 - WP_023538558.1	specific	200482	195	556	0.0	683.948	cd11344	AmyAc_GlgE_like	 - 	cl38930	No
Q#191 - WP_023538558.1	specific	463388	3	190	2.7523e-74	236.677	pfam11896	GlgE_dom_N_S	 - 	cl13354	No
Q#191 - WP_023538558.1	superfamily	440065	527	615	0.00511644	40.1212	cl43092	GlgB superfamily	N	 - 	No
Q#192 - WP_201825963.1	specific	441132	37	745	0.0	1158.68	COG1523	PulA	 - 	cl34294	No
Q#193 - WP_130332470.1	specific	274140	22	562	0.0	1035.47	TIGR02456	treS_nterm	 - 	cl37116	No
Q#194 - WP_177235155.1	specific	200471	7	479	0.0	725.22	cd11332	AmyAc_OligoGlu_TS	 - 	cl38930	No
Q#194 - WP_177235155.1	specific	432205	460	536	1.24638e-05	43.8527	pfam11941	DUF3459	 - 	cl02706	No
Q#195 - WP_098899422.1	superfamily	442511	1	790	0.0	881.454	cl30295	TreY superfamily	 - 	 - 	No
Q#196 - WP_031048811.1	superfamily	274140	1	159	4.46367e-109	320.543	cl37116	treS_nterm superfamily	NC	 - 	No
Q#197 - WP_189743011.1	specific	274140	23	562	0.0	1006.97	TIGR02456	treS_nterm	 - 	cl37116	No
Q#198 - WP_179285148.1	superfamily	476817	5	430	2.0736399999999998e-167	479.129	cl38930	AmyAc_family superfamily	 - 	 - 	No
Q#199 - WP_126274951.1	specific	441132	1	703	0.0	1272.31	COG1523	PulA	 - 	cl34294	No
Q#200 - WP_079273158.1	specific	200471	23	632	0.0	689.782	cd11332	AmyAc_OligoGlu_TS	 - 	cl38930	No
Q#200 - WP_079273158.1	superfamily	236090	403	595	6.31464e-08	56.1477	cl35613	PRK07764 superfamily	N	 - 	No
Q#200 - WP_079273158.1	specific	432205	614	702	3.18459e-05	43.0823	pfam11941	DUF3459	 - 	cl02706	No
Q#201 - WP_055629086.1	specific	200471	6	479	0.0	741.014	cd11332	AmyAc_OligoGlu_TS	 - 	cl38930	No
Q#201 - WP_055629086.1	specific	432205	460	536	0.000292124	40.0007	pfam11941	DUF3459	 - 	cl02706	No
Q#202 - WP_063735709.1	specific	200471	22	491	0.0	770.674	cd11332	AmyAc_OligoGlu_TS	 - 	cl38930	No
Q#202 - WP_063735709.1	specific	432205	472	551	5.4157e-06	45.0083	pfam11941	DUF3459	 - 	cl02706	No
Q#203 - WP_181794641.1	specific	235445	3	719	0.0	1270.1	PRK05402	PRK05402	 - 	cl38930	No
Q#204 - WP_268252903.1	superfamily	274140	1	163	3.34411e-108	319.002	cl37116	treS_nterm superfamily	C	 - 	No
Q#205 - WP_069922008.1	specific	274140	23	562	0.0	1006.58	TIGR02456	treS_nterm	 - 	cl37116	No
Q#206 - WP_142168523.1	specific	235445	132	855	0.0	1261.24	PRK05402	PRK05402	 - 	cl38930	No
Q#207 - WP_120753816.1	specific	274140	23	568	0.0	1023.53	TIGR02456	treS_nterm	 - 	cl37116	No
Q#208 - WP_189743015.1	specific	235445	47	763	0.0	1277.81	PRK05402	PRK05402	 - 	cl38930	No
Q#209 - WP_019885743.1	specific	200471	19	485	0.0	772.985	cd11332	AmyAc_OligoGlu_TS	 - 	cl38930	No
Q#209 - WP_019885743.1	specific	432205	467	550	1.19199e-05	43.8527	pfam11941	DUF3459	 - 	cl02706	No
Q#210 - WP_010988790.1	specific	200482	200	556	0.0	688.956	cd11344	AmyAc_GlgE_like	 - 	cl38930	No
Q#210 - WP_010988790.1	specific	463388	8	195	3.44479e-79	249.388	pfam11896	GlgE_dom_N_S	 - 	cl13354	No
Q#210 - WP_010988790.1	superfamily	445893	569	641	6.62014e-05	41.3789	cl02706	Malt_amylase_C superfamily	 - 	 - 	No
Q#211 - WP_030114914.1	specific	441132	1	707	0.0	1278.09	COG1523	PulA	 - 	cl34294	No
Q#212 - WP_093692857.1	specific	200482	195	566	0.0	682.022	cd11344	AmyAc_GlgE_like	 - 	cl38930	No
Q#212 - WP_093692857.1	specific	463388	3	190	3.59696e-80	252.47	pfam11896	GlgE_dom_N_S	 - 	cl13354	No
Q#212 - WP_093692857.1	superfamily	445893	577	646	0.00781021	35.5663	cl02706	Malt_amylase_C superfamily	 - 	 - 	No
Q#213 - WP_128429582.1	specific	200482	210	566	0.0	710.912	cd11344	AmyAc_GlgE_like	 - 	cl38930	No
Q#213 - WP_128429582.1	specific	463388	21	205	3.03282e-80	252.47	pfam11896	GlgE_dom_N_S	 - 	cl13354	No
Q#213 - WP_128429582.1	superfamily	445893	574	615	0.00170067	37.5269	cl02706	Malt_amylase_C superfamily	C	 - 	No
Q#214 - WP_104634362.1	specific	441132	1	700	0.0	1300.04	COG1523	PulA	 - 	cl34294	No
Q#215 - WP_020938140.1	specific	200482	200	556	0.0	708.986	cd11344	AmyAc_GlgE_like	 - 	cl38930	No
Q#215 - WP_020938140.1	specific	463388	8	195	4.53601e-77	243.995	pfam11896	GlgE_dom_N_S	 - 	cl13354	No
Q#215 - WP_020938140.1	superfamily	445893	564	629	0.000240892	39.8381	cl02706	Malt_amylase_C superfamily	 - 	 - 	No
Q#216 - WP_205020690.1	specific	200471	12	473	0.0	745.251	cd11332	AmyAc_OligoGlu_TS	 - 	cl38930	No
Q#216 - WP_205020690.1	specific	432205	456	540	0.000249413	40.0007	pfam11941	DUF3459	 - 	cl02706	No
Q#217 - WP_241253601.1	specific	441132	22	731	0.0	1127.48	COG1523	PulA	 - 	cl34294	No
Q#218 - WP_062739801.1	specific	235445	23	738	0.0	1234.66	PRK05402	PRK05402	 - 	cl38930	No
Q#219 - WP_030549110.1	specific	200482	195	556	0.0	680.096	cd11344	AmyAc_GlgE_like	 - 	cl38930	No
Q#219 - WP_030549110.1	specific	463388	3	190	1.1331e-81	255.937	pfam11896	GlgE_dom_N_S	 - 	cl13354	No
Q#219 - WP_030549110.1	superfamily	445893	563	638	0.000153884	40.6085	cl02706	Malt_amylase_C superfamily	 - 	 - 	No
Q#220 - WP_190901710.1	specific	200471	6	483	0.0	774.911	cd11332	AmyAc_OligoGlu_TS	 - 	cl38930	No
Q#220 - WP_190901710.1	specific	432205	464	540	7.03397e-06	44.6231	pfam11941	DUF3459	 - 	cl02706	No
Q#221 - WP_073766327.1	specific	200471	19	498	0.0	697.486	cd11332	AmyAc_OligoGlu_TS	 - 	cl38930	No
Q#221 - WP_073766327.1	specific	432205	479	556	0.000227087	40.3859	pfam11941	DUF3459	 - 	cl02706	No
Q#222 - WP_031041393.1	specific	274114	2	544	0.0	839.688	TIGR02402	trehalose_TreZ	 - 	cl38930	No
Q#223 - WP_069741457.1	specific	441132	1	707	0.0	1278.86	COG1523	PulA	 - 	cl34294	No
Q#224 - WP_208030275.1	specific	441132	11	706	0.0	1335.87	COG1523	PulA	 - 	cl34294	No
Q#225 - WP_030846670.1	specific	200471	15	496	0.0	773.756	cd11332	AmyAc_OligoGlu_TS	 - 	cl38930	No
Q#225 - WP_030846670.1	specific	432205	477	551	4.04067e-06	45.3935	pfam11941	DUF3459	 - 	cl02706	No
Q#226 - WP_251697401.1	superfamily	274140	23	305	0.0	545.499	cl37116	treS_nterm superfamily	C	 - 	No
Q#227 - WP_148027464.1(Warning: this sequence record may be obsolete or preliminary)	specific	441132	37	741	0.0	1157.91	COG1523	PulA	 - 	cl34294	No
Q#228 - WP_260609554.1	superfamily	476817	16	239	1.51234e-139	400.112	cl38930	AmyAc_family superfamily	C	 - 	No
Q#229 - WP_033270265.1	specific	441132	1	737	0.0	1278.09	COG1523	PulA	 - 	cl34294	No
Q#230 - WP_030252407.1	superfamily	442511	9	845	0.0	876.062	cl30295	TreY superfamily	 - 	 - 	No
Q#231 - WP_059148552.1	specific	274140	23	568	0.0	1029.7	TIGR02456	treS_nterm	 - 	cl37116	No
Q#232 - WP_228956019.1	specific	200471	14	482	0.0	807.268	cd11332	AmyAc_OligoGlu_TS	 - 	cl38930	No
Q#232 - WP_228956019.1	superfamily	445893	463	544	0.00135675	38.0747	cl02706	Malt_amylase_C superfamily	 - 	 - 	No
Q#233 - WP_030823754.1	specific	274140	23	568	0.0	1028.15	TIGR02456	treS_nterm	 - 	cl37116	No
Q#234 - WP_150517772.1	specific	274140	23	562	0.0	1011.59	TIGR02456	treS_nterm	 - 	cl37116	No
Q#235 - WP_062145746.1	specific	200471	10	470	0.0	738.317	cd11332	AmyAc_OligoGlu_TS	 - 	cl38930	No
Q#236 - WP_093692693.1	specific	274114	2	544	0.0	825.051	TIGR02402	trehalose_TreZ	 - 	cl38930	No
Q#237 - WP_015037079.1	specific	441132	1	704	0.0	1283.87	COG1523	PulA	 - 	cl34294	No
Q#238 - WP_011031592.1	specific	235445	28	738	0.0	1263.55	PRK05402	PRK05402	 - 	cl38930	No
Q#239 - WP_162469683.1	specific	235445	157	880	0.0	1286.28	PRK05402	PRK05402	 - 	cl38930	No
Q#240 - WP_176144835.1	superfamily	442511	1	795	0.0	900.329	cl30295	TreY superfamily	 - 	 - 	No
Q#241 - WP_053848182.1	specific	274114	2	544	0.0	782.294	TIGR02402	trehalose_TreZ	 - 	cl38930	No
Q#242 - WP_088797365.1	specific	200471	23	495	0.0	746.792	cd11332	AmyAc_OligoGlu_TS	 - 	cl38930	No
Q#242 - WP_088797365.1	superfamily	445893	476	555	0.00528472	36.5339	cl02706	Malt_amylase_C superfamily	 - 	 - 	No
Q#243 - WP_189881436.1	specific	274114	2	544	0.0	803.48	TIGR02402	trehalose_TreZ	 - 	cl38930	No
Q#244 - WP_011030636.1	specific	274114	2	544	0.0	847.778	TIGR02402	trehalose_TreZ	 - 	cl38930	No
Q#245 - WP_069741454.1	specific	274114	2	544	0.0	806.561	TIGR02402	trehalose_TreZ	 - 	cl38930	No
Q#246 - WP_228430051.1	specific	441132	41	779	0.0	1221.08	COG1523	PulA	 - 	cl34294	No
Q#247 - WP_020942927.1	specific	441132	1	700	0.0	1279.24	COG1523	PulA	 - 	cl34294	No
Q#248 - WP_043444003.1	specific	274140	22	562	0.0	1018.52	TIGR02456	treS_nterm	 - 	cl37116	No
Q#249 - WP_030314230.1	specific	200471	20	491	0.0	792.63	cd11332	AmyAc_OligoGlu_TS	 - 	cl38930	No
Q#250 - WP_030196906.1	specific	274140	23	562	0.0	1033.93	TIGR02456	treS_nterm	 - 	cl37116	No
Q#251 - WP_237404136.1	specific	441132	23	704	0.0	986.492	COG1523	PulA	 - 	cl34294	No
Q#252 - WP_100453398.1	specific	274114	9	551	0.0	791.924	TIGR02402	trehalose_TreZ	 - 	cl38930	No
Q#253 - WP_194275445.1	specific	441132	1	728	0.0	1253.05	COG1523	PulA	 - 	cl34294	No
Q#254 - WP_059253605.1	specific	441132	1	701	0.0	1290.03	COG1523	PulA	 - 	cl34294	No
Q#255 - WP_003983491.1	specific	200485	8	398	0.0	603.461	cd11347	AmyAc_1	 - 	cl38930	No
Q#256 - WP_145867145.1	specific	200482	218	574	0.0	701.282	cd11344	AmyAc_GlgE_like	 - 	cl38930	No
Q#256 - WP_145867145.1	specific	463388	26	213	2.16328e-84	263.641	pfam11896	GlgE_dom_N_S	 - 	cl13354	No
Q#256 - WP_145867145.1	superfamily	440065	548	612	0.000481406	43.2028	cl43092	GlgB superfamily	N	 - 	No
Q#256 - WP_145867145.1	superfamily	445893	581	658	0.0034116	36.7565	cl02706	Malt_amylase_C superfamily	 - 	 - 	No
Q#257 - WP_089508774.1	specific	441132	1	734	0.0	1266.15	COG1523	PulA	 - 	cl34294	No
Q#258 - WP_371873713.1	specific	200471	36	515	0.0	736.776	cd11332	AmyAc_OligoGlu_TS	 - 	cl38930	No
Q#259 - WP_145825411.1	specific	200471	27	499	0.0	811.89	cd11332	AmyAc_OligoGlu_TS	 - 	cl38930	No
Q#259 - WP_145825411.1	specific	432205	482	561	1.78259e-06	46.1639	pfam11941	DUF3459	 - 	cl02706	No
Q#260 - WP_343240726.1	specific	200471	29	510	0.0	803.801	cd11332	AmyAc_OligoGlu_TS	 - 	cl38930	No
Q#260 - WP_343240726.1	specific	432205	491	565	0.00061003	39.2303	pfam11941	DUF3459	 - 	cl02706	No
Q#261 - WP_071372321.1	specific	235445	22	737	0.0	1248.15	PRK05402	PRK05402	 - 	cl38930	No
Q#262 - WP_189275707.1	specific	441132	1	719	0.0	1264.99	COG1523	PulA	 - 	cl34294	No
Q#263 - WP_125814989.1	specific	441132	1	702	0.0	1253.82	COG1523	PulA	 - 	cl34294	No
Q#264 - WP_257134459.1	specific	235445	42	760	0.0	1297.45	PRK05402	PRK05402	 - 	cl38930	No
Q#265 - WP_030211770.1	specific	274114	3	545	0.0	778.827	TIGR02402	trehalose_TreZ	 - 	cl38930	No
Q#266 - WP_148025896.1(Warning: this sequence record may be obsolete or preliminary)	specific	200482	200	556	0.0	686.644	cd11344	AmyAc_GlgE_like	 - 	cl38930	No
Q#266 - WP_148025896.1(Warning: this sequence record may be obsolete or preliminary)	specific	463388	8	195	9.44097e-78	245.921	pfam11896	GlgE_dom_N_S	 - 	cl13354	No
Q#266 - WP_148025896.1(Warning: this sequence record may be obsolete or preliminary)	superfamily	445893	564	605	0.000100612	40.9937	cl02706	Malt_amylase_C superfamily	C	 - 	No
Q#267 - WP_223834598.1	specific	200482	195	558	0.0	682.792	cd11344	AmyAc_GlgE_like	 - 	cl38930	No
Q#267 - WP_223834598.1	specific	463388	2	190	7.92742e-76	240.914	pfam11896	GlgE_dom_N_S	 - 	cl13354	No
Q#267 - WP_223834598.1	superfamily	445893	566	642	0.000139287	40.6085	cl02706	Malt_amylase_C superfamily	 - 	 - 	No
Q#268 - WP_190904086.1	specific	274140	23	561	0.0	1017.37	TIGR02456	treS_nterm	 - 	cl37116	No
Q#269 - WP_107455379.1	specific	235445	264	987	0.0	1309.78	PRK05402	PRK05402	 - 	cl38930	No
Q#269 - WP_107455379.1	superfamily	369339	106	230	0.00790981	38.6063	cl22465	HC2 superfamily	C	 - 	No
Q#270 - WP_062152053.1	specific	235445	23	735	0.0	1249.3	PRK05402	PRK05402	 - 	cl38930	No
Q#271 - WP_046090114.1	specific	441132	41	756	0.0	1156.75	COG1523	PulA	 - 	cl34294	No
Q#272 - WP_190008825.1	specific	235445	131	854	0.0	1299.38	PRK05402	PRK05402	 - 	cl38930	No
Q#273 - WP_416237131.1	specific	235445	31	754	0.0	1274.34	PRK05402	PRK05402	 - 	cl38930	No
Q#274 - WP_031133883.1	superfamily	274113	11	786	0.0	931.816	cl30297	trehalose_TreY superfamily	 - 	 - 	No
Q#275 - WP_102909080.1	specific	200471	23	494	0.0	814.972	cd11332	AmyAc_OligoGlu_TS	 - 	cl38930	No
Q#275 - WP_102909080.1	superfamily	445893	477	552	0.00734964	36.1487	cl02706	Malt_amylase_C superfamily	 - 	 - 	No
Q#276 - WP_215214554.1	specific	200471	26	498	0.0	811.89	cd11332	AmyAc_OligoGlu_TS	 - 	cl38930	No
Q#276 - WP_215214554.1	specific	432205	481	560	5.10036e-07	47.7047	pfam11941	DUF3459	 - 	cl02706	No
Q#277 - WP_127148959.1	specific	200471	42	522	0.0	732.154	cd11332	AmyAc_OligoGlu_TS	 - 	cl38930	No
Q#278 - WP_074991085.1	specific	274140	22	561	0.0	1023.15	TIGR02456	treS_nterm	 - 	cl37116	No
Q#279 - WP_194081781.1	specific	200471	6	455	0.0	687.086	cd11332	AmyAc_OligoGlu_TS	 - 	cl38930	No
Q#279 - WP_194081781.1	superfamily	445893	445	519	0.00659086	36.1487	cl02706	Malt_amylase_C superfamily	 - 	 - 	No
Q#280 - WP_041128904.1	specific	200471	20	491	0.0	813.046	cd11332	AmyAc_OligoGlu_TS	 - 	cl38930	No
Q#280 - WP_041128904.1	superfamily	445893	473	555	0.00142748	38.0747	cl02706	Malt_amylase_C superfamily	 - 	 - 	No
Q#281 - WP_212669948.1	specific	235445	180	902	0.0	1267.41	PRK05402	PRK05402	 - 	cl38930	No
Q#282 - WP_125209533.1	superfamily	274140	23	380	0.0	711.135	cl37116	treS_nterm superfamily	C	 - 	No
Q#283 - WP_094374171.1	specific	200471	23	487	0.0	774.141	cd11332	AmyAc_OligoGlu_TS	 - 	cl38930	No
Q#284 - WP_189887897.1	specific	200471	14	495	0.0	769.904	cd11332	AmyAc_OligoGlu_TS	 - 	cl38930	No
Q#284 - WP_189887897.1	specific	432205	476	551	6.077e-06	44.6231	pfam11941	DUF3459	 - 	cl02706	No
Q#285 - WP_189749949.1	specific	200471	5	479	0.0	741.014	cd11332	AmyAc_OligoGlu_TS	 - 	cl38930	No
Q#285 - WP_189749949.1	specific	432205	460	537	0.000236111	40.3859	pfam11941	DUF3459	 - 	cl02706	No
Q#286 - WP_164395344.1(Warning: this sequence record may be obsolete or preliminary)	specific	441132	1	704	0.0	1288.49	COG1523	PulA	 - 	cl34294	No
Q#287 - WP_030321972.1	specific	200485	2	390	0.0	605.002	cd11347	AmyAc_1	 - 	cl38930	No
Q#288 - WP_142168128.1	specific	441132	1	708	0.0	1273.85	COG1523	PulA	 - 	cl34294	No
Q#289 - WP_046084346.1	specific	274140	23	568	0.0	1023.92	TIGR02456	treS_nterm	 - 	cl37116	No
Q#290 - WP_150517771.1	specific	200482	195	557	0.0	674.703	cd11344	AmyAc_GlgE_like	 - 	cl38930	No
Q#290 - WP_150517771.1	specific	463388	3	190	2.15463e-74	237.062	pfam11896	GlgE_dom_N_S	 - 	cl13354	No
Q#290 - WP_150517771.1	superfamily	440065	528	595	0.0019991	41.2768	cl43092	GlgB superfamily	N	 - 	No
Q#290 - WP_150517771.1	superfamily	445893	564	641	0.00940026	35.6009	cl02706	Malt_amylase_C superfamily	 - 	 - 	No
Q#291 - WP_145875466.1	specific	200471	23	490	0.0	780.689	cd11332	AmyAc_OligoGlu_TS	 - 	cl38930	No
Q#291 - WP_145875466.1	specific	432205	472	552	8.20882e-05	41.5415	pfam11941	DUF3459	 - 	cl02706	No
Q#292 - WP_062673006.1	specific	200471	16	476	0.0	724.835	cd11332	AmyAc_OligoGlu_TS	 - 	cl38930	No
Q#292 - WP_062673006.1	superfamily	445893	492	553	0.00192109	37.6895	cl02706	Malt_amylase_C superfamily	N	 - 	No
Q#293 - WP_093544118.1	specific	200482	195	567	0.0	669.31	cd11344	AmyAc_GlgE_like	 - 	cl38930	No
Q#293 - WP_093544118.1	specific	463388	3	190	1.1012e-76	243.225	pfam11896	GlgE_dom_N_S	 - 	cl13354	No
Q#294 - WP_184971662.1	specific	441132	1	698	0.0	1273.08	COG1523	PulA	 - 	cl34294	No
Q#295 - WP_030760742.1	specific	274140	23	568	0.0	1007.74	TIGR02456	treS_nterm	 - 	cl37116	No
Q#296 - WP_179082737.1	specific	200482	195	557	0.0	683.948	cd11344	AmyAc_GlgE_like	 - 	cl38930	No
Q#296 - WP_179082737.1	specific	463388	3	190	1.09395e-74	237.832	pfam11896	GlgE_dom_N_S	 - 	cl13354	No
Q#296 - WP_179082737.1	superfamily	445893	565	641	0.000670554	38.6825	cl02706	Malt_amylase_C superfamily	 - 	 - 	No
Q#297 - WP_059143190.1	specific	200471	22	491	0.0	786.082	cd11332	AmyAc_OligoGlu_TS	 - 	cl38930	No
Q#297 - WP_059143190.1	specific	432205	472	551	1.9602e-07	48.8603	pfam11941	DUF3459	 - 	cl02706	No
Q#298 - WP_216721244.1	superfamily	274113	18	823	0.0	866.718	cl30297	trehalose_TreY superfamily	 - 	 - 	No
Q#299 - WP_099970610.1	specific	441132	36	749	0.0	1166.77	COG1523	PulA	 - 	cl34294	No
Q#300 - WP_093623746.1	specific	441132	19	704	0.0	1025.4	COG1523	PulA	 - 	cl34294	No
Q#301 - WP_071382529.1	specific	200471	23	512	0.0	803.416	cd11332	AmyAc_OligoGlu_TS	 - 	cl38930	No
Q#301 - WP_071382529.1	specific	432205	494	574	6.89148e-08	50.4011	pfam11941	DUF3459	 - 	cl02706	No
Q#302 - WP_019057031.1	specific	200482	201	557	0.0	698.586	cd11344	AmyAc_GlgE_like	 - 	cl38930	No
Q#302 - WP_019057031.1	specific	463388	9	196	1.93045e-75	239.758	pfam11896	GlgE_dom_N_S	 - 	cl13354	No
Q#302 - WP_019057031.1	superfamily	445893	565	606	0.00579897	35.9861	cl02706	Malt_amylase_C superfamily	C	 - 	No
Q#303 - WP_094372860.1	superfamily	274113	11	785	0.0	869.799	cl30297	trehalose_TreY superfamily	 - 	 - 	No
Q#304 - WP_150487578.1	specific	274140	23	562	0.0	1023.15	TIGR02456	treS_nterm	 - 	cl37116	No
Q#305 - WP_105165438.1	specific	235445	93	827	0.0	1279.35	PRK05402	PRK05402	 - 	cl38930	No
Q#306 - WP_093623755.1	specific	200482	199	559	0.0	657.369	cd11344	AmyAc_GlgE_like	 - 	cl38930	No
Q#306 - WP_093623755.1	specific	463388	6	193	2.21054e-71	228.973	pfam11896	GlgE_dom_N_S	 - 	cl13354	No
Q#307 - WP_030060354.1	specific	441132	1	705	0.0	1268.46	COG1523	PulA	 - 	cl34294	No
Q#308 - WP_030738572.1	specific	200471	18	499	0.0	784.926	cd11332	AmyAc_OligoGlu_TS	 - 	cl38930	No
Q#308 - WP_030738572.1	superfamily	445893	480	555	0.00198592	37.6895	cl02706	Malt_amylase_C superfamily	 - 	 - 	No
Q#309 - WP_159774248.1	specific	441132	1	716	0.0	1279.24	COG1523	PulA	 - 	cl34294	No
Q#310 - WP_009313036.1	specific	274140	23	562	0.0	1037.4	TIGR02456	treS_nterm	 - 	cl37116	No
Q#311 - WP_109163531.1	specific	235445	92	810	0.0	1283.58	PRK05402	PRK05402	 - 	cl38930	No
Q#312 - WP_150517337.1	specific	274114	2	550	0.0	725.284	TIGR02402	trehalose_TreZ	 - 	cl38930	No
Q#313 - WP_179199290.1	specific	441132	17	710	0.0	1333.17	COG1523	PulA	 - 	cl34294	No
Q#314 - WP_003975161.1	specific	200471	19	499	0.0	736.391	cd11332	AmyAc_OligoGlu_TS	 - 	cl38930	No
Q#314 - WP_003975161.1	specific	432205	480	554	0.000149229	40.7711	pfam11941	DUF3459	 - 	cl02706	No
Q#315 - WP_078624662.1	specific	274114	3	581	0.0	778.057	TIGR02402	trehalose_TreZ	 - 	cl38930	No
Q#316 - WP_225817664.1	specific	441132	13	706	0.0	1326.62	COG1523	PulA	 - 	cl34294	No
Q#317 - WP_181798658.1	superfamily	273974	1	507	0.0	678.084	cl37055	pullul_strch superfamily	N	 - 	No
Q#318 - WP_208034501.1	specific	200482	244	600	0.0	700.897	cd11344	AmyAc_GlgE_like	 - 	cl38930	No
Q#318 - WP_208034501.1	specific	463388	53	239	1.0416300000000001e-82	259.789	pfam11896	GlgE_dom_N_S	 - 	cl13354	No
Q#318 - WP_208034501.1	superfamily	236759	571	658	0.000242822	44.2276	cl35948	PRK10785 superfamily	N	 - 	No
Q#319 - WP_030979188.1	specific	200471	5	479	0.0	738.317	cd11332	AmyAc_OligoGlu_TS	 - 	cl38930	No
Q#319 - WP_030979188.1	specific	432205	460	537	7.98552e-05	41.5415	pfam11941	DUF3459	 - 	cl02706	No
Q#320 - WP_169089321.1	specific	441132	1	704	0.0	1292.34	COG1523	PulA	 - 	cl34294	No
Q#321 - WP_030579968.1	specific	200482	195	566	0.0	675.088	cd11344	AmyAc_GlgE_like	 - 	cl38930	No
Q#321 - WP_030579968.1	specific	463388	3	190	3.9551599999999997e-78	247.077	pfam11896	GlgE_dom_N_S	 - 	cl13354	No
Q#321 - WP_030579968.1	superfamily	445893	573	650	0.000677915	38.6825	cl02706	Malt_amylase_C superfamily	 - 	 - 	No
Q#322 - WP_093693056.1	specific	441132	1	707	0.0	1281.56	COG1523	PulA	 - 	cl34294	No
Q#323 - WP_203855051.1	specific	274140	22	562	0.0	1040.48	TIGR02456	treS_nterm	 - 	cl37116	No
Q#324 - WP_030655801.1	specific	235445	47	762	0.0	1277.42	PRK05402	PRK05402	 - 	cl38930	No
Q#325 - WP_145883577.1	specific	235445	108	831	0.0	1284.74	PRK05402	PRK05402	 - 	cl38930	No
Q#326 - WP_125622832.1	specific	200471	32	496	0.0	769.133	cd11332	AmyAc_OligoGlu_TS	 - 	cl38930	No
Q#326 - WP_125622832.1	specific	432205	478	581	8.46024e-07	47.3195	pfam11941	DUF3459	 - 	cl02706	No
Q#327 - WP_093860462.1	specific	441132	38	749	0.0	1166.0	COG1523	PulA	 - 	cl34294	No
Q#328 - WP_107084971.1(Warning: this sequence record may be obsolete or preliminary)	specific	441132	11	720	0.0	1144.04	COG1523	PulA	 - 	cl34294	No
Q#329 - WP_030853751.1	specific	200482	195	557	0.0	684.333	cd11344	AmyAc_GlgE_like	 - 	cl38930	No
Q#329 - WP_030853751.1	specific	463388	3	190	2.15966e-66	215.876	pfam11896	GlgE_dom_N_S	 - 	cl13354	No
Q#329 - WP_030853751.1	superfamily	440065	528	595	0.000265986	43.9732	cl43092	GlgB superfamily	N	 - 	No
Q#329 - WP_030853751.1	superfamily	445893	564	641	0.00852042	35.6009	cl02706	Malt_amylase_C superfamily	 - 	 - 	No
Q#330 - WP_010984221.1	specific	441132	46	747	0.0	1151.74	COG1523	PulA	 - 	cl34294	No
Q#331 - WP_045949129.1	specific	200471	19	485	0.0	815.742	cd11332	AmyAc_OligoGlu_TS	 - 	cl38930	No
Q#331 - WP_045949129.1	specific	432205	467	550	2.46307e-07	48.8603	pfam11941	DUF3459	 - 	cl02706	No
Q#332 - WP_185012022.1	specific	441132	40	752	0.0	1155.21	COG1523	PulA	 - 	cl34294	No
Q#333 - WP_043468713.1	specific	441132	1	745	0.0	1254.98	COG1523	PulA	 - 	cl34294	No
Q#334 - WP_033272884.1	specific	200471	26	498	0.0	815.742	cd11332	AmyAc_OligoGlu_TS	 - 	cl38930	No
Q#334 - WP_033272884.1	specific	432205	480	560	1.98088e-06	46.1639	pfam11941	DUF3459	 - 	cl02706	No
Q#335 - WP_102911343.1	specific	235445	23	732	0.0	1257.01	PRK05402	PRK05402	 - 	cl38930	No
Q#336 - WP_086867606.1	specific	441132	1	708	0.0	1270.38	COG1523	PulA	 - 	cl34294	No
Q#337 - WP_307781769.1	specific	441132	11	705	0.0	1305.82	COG1523	PulA	 - 	cl34294	No
Q#338 - WP_145826242.1	specific	200471	11	458	0.0	684.004	cd11332	AmyAc_OligoGlu_TS	 - 	cl38930	No
Q#339 - WP_037679868.1	specific	274114	2	564	0.0	749.167	TIGR02402	trehalose_TreZ	 - 	cl38930	No
Q#340 - WP_030796247.1	specific	200471	7	488	0.0	839.625	cd11332	AmyAc_OligoGlu_TS	 - 	cl38930	No
Q#340 - WP_030796247.1	specific	432205	469	546	4.67775e-06	45.0083	pfam11941	DUF3459	 - 	cl02706	No
Q#341 - WP_209497404.1	specific	274114	3	545	0.0	799.628	TIGR02402	trehalose_TreZ	 - 	cl38930	No
Q#342 - WP_148025899.1(Warning: this sequence record may be obsolete or preliminary)	specific	235445	22	735	0.0	1239.29	PRK05402	PRK05402	 - 	cl38930	No
Q#343 - WP_179850938.1	specific	441132	12	700	0.0	1318.15	COG1523	PulA	 - 	cl34294	No
Q#344 - WP_148005271.1	superfamily	273974	305	1159	0.0	999.725	cl37055	pullul_strch superfamily	 - 	 - 	No
Q#344 - WP_148005271.1	specific	461022	201	293	1.61043e-30	115.931	pfam03714	PUD	 - 	cl47835	No
Q#344 - WP_148005271.1	specific	199215	105	191	9.91622e-18	79.6837	cd10315	CBM41_pullulanase	 - 	cl47018	No
Q#345 - WP_126276609.1	specific	200471	8	479	0.0	750.644	cd11332	AmyAc_OligoGlu_TS	 - 	cl38930	No
Q#345 - WP_126276609.1	specific	432205	460	536	0.000244047	40.0007	pfam11941	DUF3459	 - 	cl02706	No
Q#346 - WP_107428373.1	specific	441132	2	703	0.0	1166.0	COG1523	PulA	 - 	cl34294	No
Q#347 - WP_169089319.1	superfamily	274113	44	811	0.0	825.116	cl30297	trehalose_TreY superfamily	 - 	 - 	No
Q#348 - WP_237291644.1(Warning: this sequence record may be obsolete or preliminary)	specific	274114	2	528	0.0	735.685	TIGR02402	trehalose_TreZ	 - 	cl38930	No
Q#349 - WP_030599620.1	superfamily	442511	9	808	0.0	840.623	cl30295	TreY superfamily	 - 	 - 	No
Q#350 - WP_044379159.1	specific	200471	11	474	0.0	730.998	cd11332	AmyAc_OligoGlu_TS	 - 	cl38930	No
Q#350 - WP_044379159.1	specific	432205	455	532	7.69118e-08	50.0159	pfam11941	DUF3459	 - 	cl02706	No
Q#351 - WP_159765715.1	specific	274140	22	561	0.0	1029.31	TIGR02456	treS_nterm	 - 	cl37116	No
Q#352 - WP_229896414.1	specific	235445	28	751	0.0	1283.2	PRK05402	PRK05402	 - 	cl38930	No
Q#353 - WP_189998459.1	specific	441132	38	746	0.0	1176.01	COG1523	PulA	 - 	cl34294	No
Q#354 - WP_030861344.1	specific	441132	1	705	0.0	1279.24	COG1523	PulA	 - 	cl34294	No
Q#355 - WP_018382337.1	specific	200471	24	478	0.0	759.118	cd11332	AmyAc_OligoGlu_TS	 - 	cl38930	No
Q#355 - WP_018382337.1	specific	432205	459	538	6.93785e-06	44.6231	pfam11941	DUF3459	 - 	cl02706	No
Q#356 - WP_241670818.1(Warning: this sequence record may be obsolete or preliminary)	specific	441132	10	707	0.0	1308.52	COG1523	PulA	 - 	cl34294	No
Q#357 - WP_099055009.1	specific	441132	10	706	0.0	1327.78	COG1523	PulA	 - 	cl34294	No
Q#358 - WP_010059324.1	specific	441132	1	707	0.0	1281.94	COG1523	PulA	 - 	cl34294	No
Q#359 - WP_020942922.1	specific	274114	2	544	0.0	830.444	TIGR02402	trehalose_TreZ	 - 	cl38930	No
Q#360 - WP_031181679.1	specific	441132	1	715	0.0	1297.73	COG1523	PulA	 - 	cl34294	No
Q#361 - WP_259670247.1	specific	235445	100	823	0.0	1223.49	PRK05402	PRK05402	 - 	cl38930	No
Q#362 - WP_096626166.1	specific	441132	1	707	0.0	1275.01	COG1523	PulA	 - 	cl34294	No
Q#363 - WP_031054585.1	specific	200485	8	398	0.0	587.668	cd11347	AmyAc_1	 - 	cl38930	No
Q#364 - WP_125822546.1	specific	200482	195	557	0.0	682.022	cd11344	AmyAc_GlgE_like	 - 	cl38930	No
Q#364 - WP_125822546.1	specific	463388	3	190	1.12557e-67	219.343	pfam11896	GlgE_dom_N_S	 - 	cl13354	No
Q#364 - WP_125822546.1	superfamily	440065	528	595	7.10144e-05	45.8992	cl43092	GlgB superfamily	N	 - 	No
Q#364 - WP_125822546.1	superfamily	445893	564	641	0.00135959	37.9121	cl02706	Malt_amylase_C superfamily	 - 	 - 	No
Q#365 - WP_164435230.1	specific	441132	33	742	0.0	1169.85	COG1523	PulA	 - 	cl34294	No
Q#366 - WP_072486002.1	specific	274114	3	558	0.0	785.375	TIGR02402	trehalose_TreZ	 - 	cl38930	No
Q#367 - WP_229883316.1	specific	235445	12	737	0.0	1249.69	PRK05402	PRK05402	 - 	cl38930	No
Q#368 - WP_208680919.1	specific	274140	23	568	0.0	1026.23	TIGR02456	treS_nterm	 - 	cl37116	No
Q#369 - WP_126898824.1	specific	200471	21	493	0.0	818.054	cd11332	AmyAc_OligoGlu_TS	 - 	cl38930	No
Q#369 - WP_126898824.1	specific	432205	475	555	6.14826e-06	44.6231	pfam11941	DUF3459	 - 	cl02706	No
Q#370 - WP_010032422.1	specific	200471	15	496	0.0	776.067	cd11332	AmyAc_OligoGlu_TS	 - 	cl38930	No
Q#370 - WP_010032422.1	specific	432205	477	551	2.0039e-05	43.4675	pfam11941	DUF3459	 - 	cl02706	No
Q#371 - WP_241965669.1	superfamily	274140	23	339	0.0	620.228	cl37116	treS_nterm superfamily	C	 - 	No
Q#372 - WP_071373519.1	specific	274114	2	544	0.0	789.613	TIGR02402	trehalose_TreZ	 - 	cl38930	No
Q#373 - WP_212670179.1	superfamily	274113	11	780	0.0	916.794	cl30297	trehalose_TreY superfamily	 - 	 - 	No
Q#374 - WP_015036280.1	specific	274140	23	562	0.0	1010.44	TIGR02456	treS_nterm	 - 	cl37116	No
Q#375 - WP_245389723.1	specific	200482	195	555	0.0	678.94	cd11344	AmyAc_GlgE_like	 - 	cl38930	No
Q#375 - WP_245389723.1	specific	463388	2	190	4.07124e-76	241.299	pfam11896	GlgE_dom_N_S	 - 	cl13354	No
Q#375 - WP_245389723.1	superfamily	445893	563	639	0.000106375	40.9937	cl02706	Malt_amylase_C superfamily	 - 	 - 	No
Q#376 - WP_201851135.1	specific	274140	23	568	0.0	1023.53	TIGR02456	treS_nterm	 - 	cl37116	No
Q#377 - WP_229883231.1	specific	235445	31	751	0.0	1213.48	PRK05402	PRK05402	 - 	cl38930	No
Q#378 - WP_194960437.1	specific	200482	195	557	0.0	676.629	cd11344	AmyAc_GlgE_like	 - 	cl38930	No
Q#378 - WP_194960437.1	specific	463388	3	190	2.1775e-71	228.973	pfam11896	GlgE_dom_N_S	 - 	cl13354	No
Q#378 - WP_194960437.1	superfamily	445893	565	641	0.00135959	37.9121	cl02706	Malt_amylase_C superfamily	 - 	 - 	No
Q#379 - WP_030817393.1	superfamily	274140	22	289	0.0	525.084	cl37116	treS_nterm superfamily	C	 - 	No
Q#380 - WP_309485417.1	specific	441132	11	706	0.0	1329.71	COG1523	PulA	 - 	cl34294	No
Q#381 - WP_189725440.1	specific	235445	23	732	0.0	1261.63	PRK05402	PRK05402	 - 	cl38930	No
Q#382 - WP_030763926.1	specific	441132	57	766	0.0	1153.67	COG1523	PulA	 - 	cl34294	No
Q#383 - WP_189295728.1	specific	235445	6	730	0.0	1231.97	PRK05402	PRK05402	 - 	cl38930	No
Q#384 - WP_190101232.1	specific	235445	32	740	0.0	1216.17	PRK05402	PRK05402	 - 	cl38930	No
Q#385 - WP_093694459.1	specific	200471	10	473	0.0	698.257	cd11332	AmyAc_OligoGlu_TS	 - 	cl38930	No
Q#385 - WP_093694459.1	specific	432205	454	531	1.08242e-05	43.8527	pfam11941	DUF3459	 - 	cl02706	No
Q#386 - WP_164237458.1	specific	200471	23	494	0.0	812.661	cd11332	AmyAc_OligoGlu_TS	 - 	cl38930	No
Q#386 - WP_164237458.1	specific	432205	476	556	1.09379e-05	43.8527	pfam11941	DUF3459	 - 	cl02706	No
Q#387 - WP_069778634.1	specific	200482	245	601	0.0	698.2	cd11344	AmyAc_GlgE_like	 - 	cl38930	No
Q#387 - WP_069778634.1	specific	463388	54	240	4.55942e-78	247.847	pfam11896	GlgE_dom_N_S	 - 	cl13354	No
Q#387 - WP_069778634.1	superfamily	445893	608	685	3.9294e-05	42.1493	cl02706	Malt_amylase_C superfamily	 - 	 - 	No
Q#388 - WP_257234483.1	specific	235445	228	952	0.0	1285.51	PRK05402	PRK05402	 - 	cl38930	No
Q#388 - WP_257234483.1	superfamily	369339	3	54	9.78655e-06	47.0807	cl22465	HC2 superfamily	NC	 - 	No
Q#388 - WP_257234483.1	superfamily	481241	153	268	0.00412154	40.8532	cl46901	PRK12323 superfamily	NC	 - 	No
Q#389 - WP_078656136.1	specific	200471	26	512	0.0	805.727	cd11332	AmyAc_OligoGlu_TS	 - 	cl38930	No
Q#390 - WP_141206001.1	specific	200471	16	497	0.0	798.408	cd11332	AmyAc_OligoGlu_TS	 - 	cl38930	No
Q#390 - WP_141206001.1	superfamily	445893	478	552	0.00301671	36.9191	cl02706	Malt_amylase_C superfamily	 - 	 - 	No
Q#391 - WP_043378529.1	specific	274114	2	544	0.0	832.37	TIGR02402	trehalose_TreZ	 - 	cl38930	No
Q#392 - WP_096626152.1	specific	274114	2	544	0.0	805.406	TIGR02402	trehalose_TreZ	 - 	cl38930	No
Q#393 - WP_159743307.1	specific	200482	195	556	0.0	667.77	cd11344	AmyAc_GlgE_like	 - 	cl38930	No
Q#393 - WP_159743307.1	specific	463388	3	190	3.9601e-82	257.092	pfam11896	GlgE_dom_N_S	 - 	cl13354	No
Q#393 - WP_159743307.1	superfamily	440065	527	598	0.00327894	40.5064	cl43092	GlgB superfamily	N	 - 	No
Q#394 - WP_184817681.1	specific	200471	6	479	0.0	743.71	cd11332	AmyAc_OligoGlu_TS	 - 	cl38930	No
Q#394 - WP_184817681.1	specific	432205	460	536	1.59098e-05	43.4675	pfam11941	DUF3459	 - 	cl02706	No
Q#395 - WP_308370358.1	specific	200471	12	474	0.0	707.116	cd11332	AmyAc_OligoGlu_TS	 - 	cl38930	No
Q#395 - WP_308370358.1	specific	432205	455	532	0.000239733	40.0007	pfam11941	DUF3459	 - 	cl02706	No
Q#396 - WP_130336942.1	specific	441132	1	713	0.0	1298.12	COG1523	PulA	 - 	cl34294	No
Q#397 - WP_127467140.1	specific	441132	1	707	0.0	1278.86	COG1523	PulA	 - 	cl34294	No
Q#398 - WP_190903168.1	superfamily	274113	11	786	0.0	940.291	cl30297	trehalose_TreY superfamily	 - 	 - 	No
Q#399 - WP_107460139.1	specific	235445	23	734	0.0	1264.71	PRK05402	PRK05402	 - 	cl38930	No
Q#400 - WP_150484822.1	specific	441132	13	706	0.0	1323.93	COG1523	PulA	 - 	cl34294	No
Q#401 - WP_086719832.1	specific	441132	1	727	0.0	1268.07	COG1523	PulA	 - 	cl34294	No
Q#402 - WP_031150423.1	specific	274140	23	562	0.0	1008.51	TIGR02456	treS_nterm	 - 	cl37116	No
Q#403 - WP_031061161.1	specific	441132	1	707	0.0	1274.62	COG1523	PulA	 - 	cl34294	No
Q#404 - WP_030807774.1	specific	200471	23	495	0.0	791.475	cd11332	AmyAc_OligoGlu_TS	 - 	cl38930	No
Q#404 - WP_030807774.1	specific	432205	477	557	1.86753e-05	43.4675	pfam11941	DUF3459	 - 	cl02706	No
Q#405 - WP_189747317.1	specific	441132	1	700	0.0	1266.92	COG1523	PulA	 - 	cl34294	No
Q#406 - WP_093693057.1	superfamily	442511	1	790	0.0	898.403	cl30295	TreY superfamily	 - 	 - 	No
Q#407 - WP_184564504.1	specific	441132	39	746	0.0	1154.05	COG1523	PulA	 - 	cl34294	No
Q#408 - WP_125057980.1	specific	200485	8	398	0.0	607.313	cd11347	AmyAc_1	 - 	cl38930	No
Q#409 - WP_257137674.1	specific	235445	14	729	0.0	1294.75	PRK05402	PRK05402	 - 	cl38930	No
Q#410 - WP_073748439.1	specific	441132	1	716	0.0	1266.53	COG1523	PulA	 - 	cl34294	No
Q#411 - WP_030588118.1	specific	200471	16	467	0.0	759.503	cd11332	AmyAc_OligoGlu_TS	 - 	cl38930	No
Q#411 - WP_030588118.1	specific	432205	449	532	9.91843e-10	55.4087	pfam11941	DUF3459	 - 	cl02706	No
Q#412 - WP_030791702.1	specific	441132	38	745	0.0	1173.7	COG1523	PulA	 - 	cl34294	No
Q#413 - WP_059198812.1	superfamily	274140	1	458	0.0	868.296	cl37116	treS_nterm superfamily	 - 	 - 	No
Q#414 - WP_049714069.1	superfamily	442511	15	792	0.0	849.868	cl30295	TreY superfamily	 - 	 - 	No
Q#415 - WP_199806309.1	specific	441132	36	748	0.0	1151.36	COG1523	PulA	 - 	cl34294	No
Q#416 - WP_254397973.1	superfamily	274140	23	287	0.0	516.609	cl37116	treS_nterm superfamily	C	 - 	No
Q#417 - WP_125192819.1	superfamily	274113	11	780	0.0	913.327	cl30297	trehalose_TreY superfamily	 - 	 - 	No
Q#418 - WP_208779277.1	superfamily	273974	224	1077	0.0	1017.44	cl37055	pullul_strch superfamily	 - 	 - 	No
Q#418 - WP_208779277.1	specific	461022	11	107	2.65268e-33	123.635	pfam03714	PUD	 - 	cl47835	No
Q#418 - WP_208779277.1	specific	199215	118	211	2.75224e-30	115.122	cd10315	CBM41_pullulanase	 - 	cl47018	No
Q#419 - WP_104634329.1	superfamily	274113	36	812	0.0	877.118	cl30297	trehalose_TreY superfamily	 - 	 - 	No
Q#420 - WP_175435402.1	specific	441132	1	708	0.0	1275.78	COG1523	PulA	 - 	cl34294	No
Q#421 - WP_246532268.1	superfamily	274140	23	253	2.48587e-159	452.666	cl37116	treS_nterm superfamily	C	 - 	No
Q#422 - WP_051763114.1	specific	200482	195	557	0.0	679.711	cd11344	AmyAc_GlgE_like	 - 	cl38930	No
Q#422 - WP_051763114.1	specific	463388	3	190	1.20263e-76	242.84	pfam11896	GlgE_dom_N_S	 - 	cl13354	No
Q#422 - WP_051763114.1	superfamily	440065	528	595	0.0032321	40.5064	cl43092	GlgB superfamily	N	 - 	No
Q#422 - WP_051763114.1	superfamily	445893	564	641	0.0092173	35.6009	cl02706	Malt_amylase_C superfamily	 - 	 - 	No
Q#423 - WP_019992326.1	specific	441132	2	703	0.0	1157.91	COG1523	PulA	 - 	cl34294	No
Q#424 - WP_043379715.1	specific	441132	44	752	0.0	1157.14	COG1523	PulA	 - 	cl34294	No
Q#425 - WP_176143477.1	specific	200471	23	495	0.0	816.513	cd11332	AmyAc_OligoGlu_TS	 - 	cl38930	No
Q#425 - WP_176143477.1	specific	432205	476	556	1.68081e-05	43.4675	pfam11941	DUF3459	 - 	cl02706	No
Q#426 - WP_189397270.1	specific	200471	6	473	0.0	730.228	cd11332	AmyAc_OligoGlu_TS	 - 	cl38930	No
Q#426 - WP_189397270.1	specific	432205	456	532	0.000104941	41.1563	pfam11941	DUF3459	 - 	cl02706	No
Q#427 - WP_125504109.1	specific	441132	42	755	0.0	1171.39	COG1523	PulA	 - 	cl34294	No
Q#428 - WP_200716645.1	specific	441132	1	703	0.0	1264.99	COG1523	PulA	 - 	cl34294	No
Q#429 - WP_094374915.1	specific	200482	200	550	0.0	675.859	cd11344	AmyAc_GlgE_like	 - 	cl38930	No
Q#429 - WP_094374915.1	specific	463388	8	195	1.44217e-77	245.151	pfam11896	GlgE_dom_N_S	 - 	cl13354	No
Q#430 - WP_245386087.1	specific	200471	23	644	0.0	692.479	cd11332	AmyAc_OligoGlu_TS	 - 	cl38930	No
Q#430 - WP_245386087.1	superfamily	223021	424	700	2.25133e-07	54.5593	cl33720	PHA03247 superfamily	N	 - 	No
Q#431 - WP_030866529.1	specific	441132	42	752	0.0	1159.83	COG1523	PulA	 - 	cl34294	No
Q#432 - WP_046089261.1	specific	441132	1	712	0.0	1270.77	COG1523	PulA	 - 	cl34294	No
Q#433 - WP_030584998.1	specific	441132	1	707	0.0	1282.33	COG1523	PulA	 - 	cl34294	No
Q#434 - WP_093766200.1	superfamily	274113	12	780	0.0	892.911	cl30297	trehalose_TreY superfamily	 - 	 - 	No
Q#435 - WP_164235295.1	superfamily	442511	1	793	0.0	907.648	cl30295	TreY superfamily	 - 	 - 	No
Q#436 - WP_115505490.1	specific	235445	243	957	0.0	1292.44	PRK05402	PRK05402	 - 	cl38930	No
Q#437 - WP_033270264.1	superfamily	442511	9	831	0.0	828.297	cl30295	TreY superfamily	 - 	 - 	No
Q#438 - WP_135072359.1	specific	200472	17	480	0.0	775.479	cd11333	AmyAc_SI_OligoGlu_DGase	 - 	cl38930	No
Q#438 - WP_135072359.1	superfamily	445893	487	563	4.35259e-06	44.8457	cl02706	Malt_amylase_C superfamily	 - 	 - 	No
Q#439 - WP_030349178.1	superfamily	476817	23	209	4.6648300000000004e-102	301.791	cl38930	AmyAc_family superfamily	C	 - 	No
Q#440 - WP_053191651.1	specific	200485	2	389	0.0	561.859	cd11347	AmyAc_1	 - 	cl38930	No
Q#441 - WP_106414524.1	specific	200471	26	498	0.0	818.054	cd11332	AmyAc_OligoGlu_TS	 - 	cl38930	No
Q#441 - WP_106414524.1	specific	432205	481	560	4.04697e-05	42.3119	pfam11941	DUF3459	 - 	cl02706	No
Q#442 - WP_030350708.1	specific	441132	1	704	0.0	1273.85	COG1523	PulA	 - 	cl34294	No
Q#443 - WP_031148684.1	specific	200471	23	466	0.0	750.258	cd11332	AmyAc_OligoGlu_TS	 - 	cl38930	No
Q#443 - WP_031148684.1	superfamily	445893	452	562	0.00761343	36.1487	cl02706	Malt_amylase_C superfamily	 - 	 - 	No
Q#444 - WP_201300694.1	superfamily	274113	11	785	0.0	835.517	cl30297	trehalose_TreY superfamily	 - 	 - 	No
Q#445 - WP_244212027.1	specific	200471	84	538	0.0	704.805	cd11332	AmyAc_OligoGlu_TS	 - 	cl38930	No
Q#445 - WP_244212027.1	superfamily	445893	519	598	0.00211361	37.6895	cl02706	Malt_amylase_C superfamily	 - 	 - 	No
Q#446 - WP_198601366.1	specific	235445	90	813	0.0	1281.66	PRK05402	PRK05402	 - 	cl38930	No
Q#446 - WP_198601366.1	superfamily	369339	46	95	0.000910565	41.3027	cl22465	HC2 superfamily	C	 - 	No
Q#447 - WP_055547241.1	specific	200471	19	477	0.0	779.148	cd11332	AmyAc_OligoGlu_TS	 - 	cl38930	No
Q#447 - WP_055547241.1	specific	432205	460	544	7.01334e-10	55.7939	pfam11941	DUF3459	 - 	cl02706	No
Q#448 - WP_051773901.1	specific	200475	22	661	0.0	770.507	cd11336	AmyAc_MTSase	 - 	cl38930	No
Q#449 - WP_189275690.1	specific	274114	3	551	0.0	773.434	TIGR02402	trehalose_TreZ	 - 	cl38930	No
Q#450 - WP_109495220.1	superfamily	274113	11	780	0.0	903.312	cl30297	trehalose_TreY superfamily	 - 	 - 	No
Q#451 - WP_106411865.1	superfamily	274113	11	779	0.0	901.386	cl30297	trehalose_TreY superfamily	 - 	 - 	No
Q#452 - WP_062756852.1	specific	441132	21	730	0.0	1166.0	COG1523	PulA	 - 	cl34294	No
Q#453 - WP_205084020.1	superfamily	442511	1	790	0.0	892.625	cl30295	TreY superfamily	 - 	 - 	No
Q#454 - WP_184766246.1	specific	200471	29	510	0.0	794.171	cd11332	AmyAc_OligoGlu_TS	 - 	cl38930	No
Q#454 - WP_184766246.1	superfamily	445893	491	565	0.00533458	36.5339	cl02706	Malt_amylase_C superfamily	 - 	 - 	No
Q#455 - WP_067441840.1	specific	274114	2	544	0.0	831.599	TIGR02402	trehalose_TreZ	 - 	cl38930	No
Q#456 - WP_185013227.1	specific	235445	270	993	0.0	1300.53	PRK05402	PRK05402	 - 	cl38930	No
Q#456 - WP_185013227.1	superfamily	237855	205	259	2.36328e-06	51.9164	cl36437	valS superfamily	N	 - 	No
Q#456 - WP_185013227.1	superfamily	369339	150	254	0.000280254	42.8435	cl22465	HC2 superfamily	NC	 - 	No
Q#457 - WP_071385207.1	specific	235445	22	738	0.0	1245.83	PRK05402	PRK05402	 - 	cl38930	No
Q#458 - WP_107030872.1	specific	441132	11	706	0.0	1318.92	COG1523	PulA	 - 	cl34294	No
Q#459 - WP_094215965.1	specific	200471	10	491	0.0	789.934	cd11332	AmyAc_OligoGlu_TS	 - 	cl38930	No
Q#459 - WP_094215965.1	specific	432205	472	547	8.84109e-05	41.5415	pfam11941	DUF3459	 - 	cl02706	No
Q#460 - WP_256088759.1	specific	441132	8	716	0.0	1167.54	COG1523	PulA	 - 	cl34294	No
Q#461 - WP_053848188.1	specific	441132	1	708	0.0	1275.78	COG1523	PulA	 - 	cl34294	No
Q#462 - WP_159482701.1	specific	200471	14	493	0.0	719.057	cd11332	AmyAc_OligoGlu_TS	 - 	cl38930	No
Q#462 - WP_159482701.1	specific	432205	474	551	3.55125e-05	42.6971	pfam11941	DUF3459	 - 	cl02706	No
Q#463 - WP_053210124.1	specific	200482	195	556	0.0	667.77	cd11344	AmyAc_GlgE_like	 - 	cl38930	No
Q#463 - WP_053210124.1	specific	463388	3	190	5.18932e-83	259.403	pfam11896	GlgE_dom_N_S	 - 	cl13354	No
Q#464 - WP_173316468.1	specific	441132	1	718	0.0	1258.44	COG1523	PulA	 - 	cl34294	No
Q#465 - WP_014055573.1	specific	441132	1	712	0.0	1270.38	COG1523	PulA	 - 	cl34294	No
Q#466 - WP_420894613.1	specific	441132	18	734	0.0	1229.17	COG1523	PulA	 - 	cl34294	No
Q#467 - WP_062719754.1	specific	441132	1	707	0.0	1267.69	COG1523	PulA	 - 	cl34294	No
Q#468 - WP_210913111.1	specific	200471	24	505	0.0	738.317	cd11332	AmyAc_OligoGlu_TS	 - 	cl38930	No
Q#468 - WP_210913111.1	specific	432205	486	561	1.63204e-05	43.4675	pfam11941	DUF3459	 - 	cl02706	No
Q#469 - WP_094216013.1	specific	235445	80	803	0.0	1291.67	PRK05402	PRK05402	 - 	cl38930	No
Q#470 - WP_118082372.1	specific	200473	10	460	0.0	718.191	cd11334	AmyAc_TreS	 - 	cl38930	No
Q#470 - WP_118082372.1	specific	435493	470	550	3.26115e-12	62.1796	pfam16657	Malt_amylase_C	 - 	cl02706	No
Q#471 - WP_093691788.1	specific	200471	23	495	0.0	817.668	cd11332	AmyAc_OligoGlu_TS	 - 	cl38930	No
Q#471 - WP_093691788.1	specific	432205	476	556	2.45984e-05	43.0823	pfam11941	DUF3459	 - 	cl02706	No
Q#472 - WP_093692856.1	specific	274140	23	562	0.0	1028.92	TIGR02456	treS_nterm	 - 	cl37116	No
Q#473 - WP_150473277.1	superfamily	274113	11	791	0.0	902.926	cl30297	trehalose_TreY superfamily	 - 	 - 	No
Q#474 - WP_043371472.1	specific	200471	19	499	0.0	756.036	cd11332	AmyAc_OligoGlu_TS	 - 	cl38930	No
Q#474 - WP_043371472.1	specific	432205	480	554	0.000150694	40.7711	pfam11941	DUF3459	 - 	cl02706	No
Q#475 - WP_073732130.1	specific	235445	28	737	0.0	1261.24	PRK05402	PRK05402	 - 	cl38930	No
Q#476 - WP_374201458.1	specific	235445	24	745	0.0	1270.87	PRK05402	PRK05402	 - 	cl38930	No
Q#477 - WP_045949132.1	specific	200471	23	492	0.0	737.162	cd11332	AmyAc_OligoGlu_TS	 - 	cl38930	No
Q#477 - WP_045949132.1	superfamily	445893	476	578	0.00307183	37.3043	cl02706	Malt_amylase_C superfamily	 - 	 - 	No
Q#478 - WP_030602923.1	specific	274114	2	544	0.0	824.666	TIGR02402	trehalose_TreZ	 - 	cl38930	No
Q#479 - WP_093862486.1	specific	441132	1	713	0.0	1252.67	COG1523	PulA	 - 	cl34294	No
Q#480 - WP_030235938.1	specific	274140	23	562	0.0	1008.89	TIGR02456	treS_nterm	 - 	cl37116	No
Q#481 - WP_043376223.1	specific	274140	23	561	0.0	1033.16	TIGR02456	treS_nterm	 - 	cl37116	No
Q#482 - WP_030254979.1	specific	200482	195	554	0.0	690.111	cd11344	AmyAc_GlgE_like	 - 	cl38930	No
Q#482 - WP_030254979.1	specific	463388	3	190	2.17949e-82	257.863	pfam11896	GlgE_dom_N_S	 - 	cl13354	No
Q#483 - WP_145867148.1	specific	235445	159	882	0.0	1278.58	PRK05402	PRK05402	 - 	cl38930	No
Q#483 - WP_145867148.1	superfamily	369339	62	143	0.00055115	42.0731	cl22465	HC2 superfamily	C	 - 	No
Q#484 - WP_037908259.1	specific	441132	1	710	0.0	1258.44	COG1523	PulA	 - 	cl34294	No
Q#485 - WP_133886566.1	specific	274140	23	561	0.0	1027.38	TIGR02456	treS_nterm	 - 	cl37116	No
Q#486 - WP_171152686.1	specific	235445	96	819	0.0	1283.2	PRK05402	PRK05402	 - 	cl38930	No
Q#487 - WP_010060084.1	specific	200482	195	566	0.0	675.088	cd11344	AmyAc_GlgE_like	 - 	cl38930	No
Q#487 - WP_010060084.1	specific	463388	3	190	9.45127e-80	251.314	pfam11896	GlgE_dom_N_S	 - 	cl13354	No
Q#487 - WP_010060084.1	superfamily	445893	573	650	0.000415004	39.4529	cl02706	Malt_amylase_C superfamily	 - 	 - 	No
Q#488 - WP_201823159.1	specific	441132	1	697	0.0	1335.1	COG1523	PulA	 - 	cl34294	No
Q#489 - WP_055627874.1	specific	200471	12	484	0.0	686.315	cd11332	AmyAc_OligoGlu_TS	 - 	cl38930	No
Q#489 - WP_055627874.1	specific	432205	470	544	0.000158227	40.7711	pfam11941	DUF3459	 - 	cl02706	No
Q#490 - WP_152371394.1	specific	200473	10	460	0.0	675.434	cd11334	AmyAc_TreS	 - 	cl38930	No
Q#490 - WP_152371394.1	specific	435493	470	548	2.89191e-07	47.9273	pfam16657	Malt_amylase_C	 - 	cl02706	No
Q#491 - WP_151786467.1	superfamily	274113	11	780	0.0	882.896	cl30297	trehalose_TreY superfamily	 - 	 - 	No
Q#492 - WP_125212358.1	superfamily	274140	22	380	0.0	698.809	cl37116	treS_nterm superfamily	C	 - 	No
Q#493 - WP_081522405.1	specific	235445	47	764	0.0	1288.98	PRK05402	PRK05402	 - 	cl38930	No
Q#494 - WP_044385080.1	specific	274114	2	544	0.0	826.977	TIGR02402	trehalose_TreZ	 - 	cl38930	No
Q#495 - WP_062716987.1	specific	441132	13	706	0.0	1317.38	COG1523	PulA	 - 	cl34294	No
Q#496 - WP_073764690.1(Warning: this sequence record may be obsolete or preliminary)	specific	274114	3	511	0.0	764.96	TIGR02402	trehalose_TreZ	 - 	cl38930	No
Q#496 - WP_073764690.1(Warning: this sequence record may be obsolete or preliminary)	specific	432205	477	571	0.000628559	39.2303	pfam11941	DUF3459	 - 	cl02706	No
Q#497 - WP_016824150.1	specific	274114	2	544	0.0	808.102	TIGR02402	trehalose_TreZ	 - 	cl38930	No
Q#498 - WP_373309481.1	specific	200478	338	875	6.70738e-120	369.66	cd11339	AmyAc_bac_CMD_like_2	 - 	cl38930	No
Q#498 - WP_373309481.1	specific	367491	124	228	7.78536e-36	131.069	pfam03423	CBM_25	 - 	cl23798	No
Q#498 - WP_373309481.1	superfamily	476817	379	615	7.871740000000001e-24	104.972	cl38930	AmyAc_family superfamily	C	 - 	No
Q#498 - WP_373309481.1	specific	367491	27	120	1.3966299999999999e-22	93.3194	pfam03423	CBM_25	 - 	cl23798	No
Q#498 - WP_373309481.1	specific	238020	233	307	6.60392e-06	45.5651	cd00063	FN3	 - 	cl21522	No
Q#499 - WP_005310312.1	specific	441132	1	705	0.0	1279.24	COG1523	PulA	 - 	cl34294	No
Q#500 - WP_031040433.1	specific	200471	21	488	0.0	792.63	cd11332	AmyAc_OligoGlu_TS	 - 	cl38930	No
Q#500 - WP_031040433.1	specific	432205	470	550	2.35956e-07	48.8603	pfam11941	DUF3459	 - 	cl02706	No
Q#501 - WP_055629391.1	specific	235445	28	738	0.0	1243.52	PRK05402	PRK05402	 - 	cl38930	No
Q#502 - WP_053849436.1	specific	200471	19	477	0.0	748.332	cd11332	AmyAc_OligoGlu_TS	 - 	cl38930	No
Q#503 - WP_150483697.1	superfamily	274113	11	786	0.0	931.816	cl30297	trehalose_TreY superfamily	 - 	 - 	No
Q#504 - WP_030358892.1	specific	274140	23	568	0.0	1033.93	TIGR02456	treS_nterm	 - 	cl37116	No
Q#505 - WP_221492958.1	specific	200482	40	394	0.0	691.652	cd11344	AmyAc_GlgE_like	 - 	cl38930	No
Q#505 - WP_221492958.1	superfamily	463388	1	35	1.77127e-10	59.4848	cl13354	GlgE_dom_N_S superfamily	N	 - 	No
Q#506 - WP_079034186.1	superfamily	274113	11	780	0.0	890.215	cl30297	trehalose_TreY superfamily	 - 	 - 	No
Q#507 - WP_126398201.1	specific	200482	208	564	0.0	709.371	cd11344	AmyAc_GlgE_like	 - 	cl38930	No
Q#507 - WP_126398201.1	specific	463388	16	203	1.10581e-82	258.633	pfam11896	GlgE_dom_N_S	 - 	cl13354	No
Q#507 - WP_126398201.1	superfamily	440065	535	602	0.00071336	42.8176	cl43092	GlgB superfamily	N	 - 	No
Q#508 - WP_125195457.1	specific	274140	23	562	0.0	1040.48	TIGR02456	treS_nterm	 - 	cl37116	No
Q#509 - WP_009995996.1	specific	200471	20	471	0.0	768.363	cd11332	AmyAc_OligoGlu_TS	 - 	cl38930	No
Q#509 - WP_009995996.1	specific	432205	452	531	0.000576257	39.2303	pfam11941	DUF3459	 - 	cl02706	No
Q#510 - WP_062721415.1	specific	200471	10	470	0.0	708.272	cd11332	AmyAc_OligoGlu_TS	 - 	cl38930	No
Q#511 - WP_142167667.1	specific	274140	22	561	0.0	1025.07	TIGR02456	treS_nterm	 - 	cl37116	No
Q#512 - WP_103535690.1	specific	200471	10	468	0.0	650.877	cd11332	AmyAc_OligoGlu_TS	 - 	cl38930	No
Q#512 - WP_103535690.1	specific	432205	454	531	0.000693769	38.8451	pfam11941	DUF3459	 - 	cl02706	No
Q#513 - WP_094373596.1	specific	200471	14	495	0.0	772.985	cd11332	AmyAc_OligoGlu_TS	 - 	cl38930	No
Q#513 - WP_094373596.1	specific	432205	476	551	0.000537509	39.2303	pfam11941	DUF3459	 - 	cl02706	No
Q#514 - WP_190097831.1	specific	274114	2	544	0.0	827.362	TIGR02402	trehalose_TreZ	 - 	cl38930	No
Q#515 - WP_031030602.1	specific	200471	23	495	0.0	813.431	cd11332	AmyAc_OligoGlu_TS	 - 	cl38930	No
Q#515 - WP_031030602.1	specific	432205	477	557	1.96951e-06	46.1639	pfam11941	DUF3459	 - 	cl02706	No
Q#516 - WP_244950168.1	specific	200482	255	611	0.0	694.734	cd11344	AmyAc_GlgE_like	 - 	cl38930	No
Q#516 - WP_244950168.1	specific	463388	64	250	1.56116e-74	238.603	pfam11896	GlgE_dom_N_S	 - 	cl13354	No
Q#516 - WP_244950168.1	superfamily	236759	586	669	0.000139389	44.998	cl35948	PRK10785 superfamily	N	 - 	No
Q#517 - WP_078637724.1	specific	235445	54	777	0.0	1275.11	PRK05402	PRK05402	 - 	cl38930	No
Q#518 - WP_093474584.1	specific	200482	245	601	0.0	700.512	cd11344	AmyAc_GlgE_like	 - 	cl38930	No
Q#518 - WP_093474584.1	specific	463388	54	240	2.05755e-74	238.217	pfam11896	GlgE_dom_N_S	 - 	cl13354	No
Q#518 - WP_093474584.1	superfamily	236759	572	659	0.000161108	44.998	cl35948	PRK10785 superfamily	N	 - 	No
Q#519 - WP_014055005.1	specific	235445	293	1014	0.0	1258.16	PRK05402	PRK05402	 - 	cl38930	No
Q#519 - WP_014055005.1	superfamily	236090	4	214	2.05608e-15	81.1857	cl35613	PRK07764 superfamily	N	 - 	No
Q#519 - WP_014055005.1	superfamily	481241	152	284	0.00133211	42.7792	cl46901	PRK12323 superfamily	NC	 - 	No
Q#520 - WP_125659410.1	superfamily	274113	17	784	0.0	793.145	cl30297	trehalose_TreY superfamily	 - 	 - 	No
Q#521 - WP_208680509.1	superfamily	442511	9	814	0.0	884.151	cl30295	TreY superfamily	 - 	 - 	No
Q#522 - WP_179764201.1	specific	441132	35	744	0.0	1142.88	COG1523	PulA	 - 	cl34294	No
Q#523 - WP_097249338.1	specific	200482	248	604	0.0	686.644	cd11344	AmyAc_GlgE_like	 - 	cl38930	No
Q#523 - WP_097249338.1	specific	463388	55	243	1.92064e-73	235.521	pfam11896	GlgE_dom_N_S	 - 	cl13354	No
Q#523 - WP_097249338.1	superfamily	236759	575	662	7.41593e-05	46.1536	cl35948	PRK10785 superfamily	N	 - 	No
Q#524 - WP_145830657.1	specific	200482	40	392	0.0	695.119	cd11344	AmyAc_GlgE_like	 - 	cl38930	No
Q#524 - WP_145830657.1	superfamily	463388	1	35	8.18241e-11	60.6404	cl13354	GlgE_dom_N_S superfamily	N	 - 	No
Q#525 - WP_037641656.1	specific	235445	21	744	0.0	1285.12	PRK05402	PRK05402	 - 	cl38930	No
Q#526 - WP_037638008.1	specific	274140	23	561	0.0	1028.15	TIGR02456	treS_nterm	 - 	cl37116	No
Q#527 - WP_037641693.1	specific	441132	42	747	0.0	1174.08	COG1523	PulA	 - 	cl34294	No
Q#528 - WP_031006111.1	specific	441132	21	730	0.0	1126.32	COG1523	PulA	 - 	cl34294	No
Q#529 - WP_063782282.1	specific	200482	195	555	0.0	685.104	cd11344	AmyAc_GlgE_like	 - 	cl38930	No
Q#529 - WP_063782282.1	specific	463388	2	190	1.1780600000000002e-76	242.84	pfam11896	GlgE_dom_N_S	 - 	cl13354	No
Q#529 - WP_063782282.1	superfamily	445893	563	639	4.31535e-05	42.1493	cl02706	Malt_amylase_C superfamily	 - 	 - 	No
Q#530 - WP_019434320.1	specific	441132	11	729	0.0	1187.18	COG1523	PulA	 - 	cl34294	No
Q#531 - WP_079431685.1	specific	200471	19	468	0.0	744.48	cd11332	AmyAc_OligoGlu_TS	 - 	cl38930	No
Q#531 - WP_079431685.1	specific	432205	450	527	1.0027e-05	44.2379	pfam11941	DUF3459	 - 	cl02706	No
Q#532 - WP_150231820.1	specific	200482	195	555	0.0	683.563	cd11344	AmyAc_GlgE_like	 - 	cl38930	No
Q#532 - WP_150231820.1	specific	463388	2	190	1.0343e-75	240.529	pfam11896	GlgE_dom_N_S	 - 	cl13354	No
Q#532 - WP_150231820.1	superfamily	445893	563	639	0.000129431	40.6085	cl02706	Malt_amylase_C superfamily	 - 	 - 	No
Q#533 - WP_073443417.1	specific	274140	22	568	0.0	1027.38	TIGR02456	treS_nterm	 - 	cl37116	No
Q#534 - WP_030217589.1	specific	200472	15	481	0.0	741.966	cd11333	AmyAc_SI_OligoGlu_DGase	 - 	cl38930	No
Q#534 - WP_030217589.1	specific	435493	489	561	7.74045e-10	55.2461	pfam16657	Malt_amylase_C	 - 	cl02706	No
Q#535 - WP_205084021.1	specific	441132	1	707	0.0	1279.24	COG1523	PulA	 - 	cl34294	No
Q#536 - WP_078649989.1	superfamily	442511	31	859	0.0	909.189	cl30295	TreY superfamily	 - 	 - 	No
Q#537 - WP_194082884.1	specific	200471	21	494	0.0	811.505	cd11332	AmyAc_OligoGlu_TS	 - 	cl38930	No
Q#537 - WP_194082884.1	specific	432205	476	556	2.14968e-05	43.0823	pfam11941	DUF3459	 - 	cl02706	No
Q#538 - WP_062665424.1	specific	200471	10	467	0.0	676.685	cd11332	AmyAc_OligoGlu_TS	 - 	cl38930	No
Q#538 - WP_062665424.1	specific	432205	457	531	0.000421574	39.6155	pfam11941	DUF3459	 - 	cl02706	No
Q#539 - WP_210974844.1	specific	200471	12	472	0.0	715.205	cd11332	AmyAc_OligoGlu_TS	 - 	cl38930	No
Q#539 - WP_210974844.1	specific	432205	455	532	8.90982e-07	46.9343	pfam11941	DUF3459	 - 	cl02706	No
Q#540 - WP_175435397.1	specific	274114	2	544	0.0	817.732	TIGR02402	trehalose_TreZ	 - 	cl38930	No
Q#541 - WP_030289284.1	specific	200471	23	474	0.0	759.888	cd11332	AmyAc_OligoGlu_TS	 - 	cl38930	No
Q#541 - WP_030289284.1	specific	432205	455	534	8.22072e-05	41.5415	pfam11941	DUF3459	 - 	cl02706	No
Q#542 - WP_128978706.1	specific	274140	22	568	0.0	1006.2	TIGR02456	treS_nterm	 - 	cl37116	No
Q#543 - WP_055572437.1	specific	200471	11	474	0.0	778.378	cd11332	AmyAc_OligoGlu_TS	 - 	cl38930	No
Q#543 - WP_055572437.1	specific	432205	455	532	1.05101e-07	49.6307	pfam11941	DUF3459	 - 	cl02706	No
Q#544 - WP_169086656.1	specific	274140	23	568	0.0	1005.04	TIGR02456	treS_nterm	 - 	cl37116	No
Q#545 - WP_030250678.1	specific	200471	6	487	0.0	813.046	cd11332	AmyAc_OligoGlu_TS	 - 	cl38930	No
Q#545 - WP_030250678.1	specific	432205	468	544	1.44394e-06	46.5491	pfam11941	DUF3459	 - 	cl02706	No
Q#546 - WP_005478469.1	specific	200471	21	493	0.0	807.268	cd11332	AmyAc_OligoGlu_TS	 - 	cl38930	No
Q#546 - WP_005478469.1	specific	432205	475	555	9.17497e-06	44.2379	pfam11941	DUF3459	 - 	cl02706	No
Q#547 - WP_084991395.1	specific	441132	1	707	0.0	1280.78	COG1523	PulA	 - 	cl34294	No
Q#548 - WP_126396624.1	specific	200471	15	471	0.0	663.203	cd11332	AmyAc_OligoGlu_TS	 - 	cl38930	No
Q#549 - WP_031016824.1	specific	235445	28	738	0.0	1251.23	PRK05402	PRK05402	 - 	cl38930	No
Q#550 - WP_030553639.1	specific	274140	23	562	0.0	1011.59	TIGR02456	treS_nterm	 - 	cl37116	No
Q#551 - WP_240449703.1(Warning: this sequence record may be obsolete or preliminary)	superfamily	274140	1	195	3.16365e-134	386.412	cl37116	treS_nterm superfamily	C	 - 	No
Q#552 - WP_096632339.1	specific	274140	23	562	0.0	1028.92	TIGR02456	treS_nterm	 - 	cl37116	No
Q#553 - WP_052860388.1	specific	200471	25	497	0.0	741.784	cd11332	AmyAc_OligoGlu_TS	 - 	cl38930	No
Q#553 - WP_052860388.1	specific	432205	478	557	0.000277714	40.0007	pfam11941	DUF3459	 - 	cl02706	No
Q#554 - WP_190901040.1	specific	200471	22	503	0.0	772.985	cd11332	AmyAc_OligoGlu_TS	 - 	cl38930	No
Q#554 - WP_190901040.1	specific	432205	484	558	4.797e-05	42.3119	pfam11941	DUF3459	 - 	cl02706	No
Q#555 - WP_043445557.1	specific	200471	25	474	0.0	689.012	cd11332	AmyAc_OligoGlu_TS	 - 	cl38930	No
Q#555 - WP_043445557.1	specific	432205	466	541	0.00044292	39.6155	pfam11941	DUF3459	 - 	cl02706	No
Q#556 - WP_153538494.1	specific	200471	6	486	0.0	762.97	cd11332	AmyAc_OligoGlu_TS	 - 	cl38930	No
Q#557 - WP_125816164.1	specific	274140	23	562	0.0	1011.21	TIGR02456	treS_nterm	 - 	cl37116	No
Q#558 - WP_217127289.1	specific	200471	29	510	0.0	793.401	cd11332	AmyAc_OligoGlu_TS	 - 	cl38930	No
Q#558 - WP_217127289.1	specific	432205	491	565	0.00016161	40.7711	pfam11941	DUF3459	 - 	cl02706	No
Q#559 - WP_164421381.1	specific	235445	24	734	0.0	1267.41	PRK05402	PRK05402	 - 	cl38930	No
Q#560 - WP_106967681.1	specific	441132	70	777	0.0	1150.97	COG1523	PulA	 - 	cl34294	No
Q#561 - WP_030719969.1	specific	441132	1	702	0.0	1264.99	COG1523	PulA	 - 	cl34294	No
Q#562 - WP_126896897.1	specific	274114	2	544	0.0	818.888	TIGR02402	trehalose_TreZ	 - 	cl38930	No
Q#563 - WP_037638010.1	specific	235445	28	738	0.0	1252.77	PRK05402	PRK05402	 - 	cl38930	No
Q#564 - WP_062756267.1	specific	200471	20	491	0.0	814.972	cd11332	AmyAc_OligoGlu_TS	 - 	cl38930	No
Q#564 - WP_062756267.1	specific	432205	473	553	0.000231145	40.3859	pfam11941	DUF3459	 - 	cl02706	No
Q#565 - WP_184993877.1	specific	200471	26	511	0.0	736.391	cd11332	AmyAc_OligoGlu_TS	 - 	cl38930	No
Q#565 - WP_184993877.1	superfamily	445893	492	569	0.00346327	36.9191	cl02706	Malt_amylase_C superfamily	 - 	 - 	No
Q#566 - WP_129857477.1	superfamily	274113	16	823	0.0	805.471	cl30297	trehalose_TreY superfamily	 - 	 - 	No
Q#567 - WP_110952121.1	specific	200471	25	497	0.0	706.346	cd11332	AmyAc_OligoGlu_TS	 - 	cl38930	No
Q#567 - WP_110952121.1	specific	432205	481	560	0.000120593	41.1563	pfam11941	DUF3459	 - 	cl02706	No
Q#568 - WP_210976709.1	specific	200471	14	488	0.0	739.473	cd11332	AmyAc_OligoGlu_TS	 - 	cl38930	No
Q#568 - WP_210976709.1	superfamily	445893	469	546	0.00194375	37.6895	cl02706	Malt_amylase_C superfamily	 - 	 - 	No
Q#569 - WP_078495457.1	specific	441132	11	706	0.0	1316.61	COG1523	PulA	 - 	cl34294	No
Q#570 - WP_175430590.1	specific	274140	23	561	0.0	1024.3	TIGR02456	treS_nterm	 - 	cl37116	No
Q#571 - WP_104789259.1(Warning: this sequence record may be obsolete or preliminary)	specific	441132	2	703	0.0	1171.77	COG1523	PulA	 - 	cl34294	No
Q#572 - WP_307781826.1	specific	235445	209	919	0.0	1285.12	PRK05402	PRK05402	 - 	cl38930	No
Q#572 - WP_307781826.1	superfamily	223021	39	263	1.32817e-09	62.6485	cl33720	PHA03247 superfamily	N	 - 	No
Q#573 - WP_208680918.1	specific	200482	195	556	0.0	668.54	cd11344	AmyAc_GlgE_like	 - 	cl38930	No
Q#573 - WP_208680918.1	specific	463388	3	190	9.05473e-84	261.715	pfam11896	GlgE_dom_N_S	 - 	cl13354	No
Q#573 - WP_208680918.1	superfamily	440065	527	598	0.00117117	42.0472	cl43092	GlgB superfamily	N	 - 	No
Q#574 - WP_044379662.1	specific	441132	1	725	0.0	1268.07	COG1523	PulA	 - 	cl34294	No
Q#575 - WP_115505488.1	specific	274140	23	562	0.0	1034.32	TIGR02456	treS_nterm	 - 	cl37116	No
Q#576 - WP_202432250.1	specific	200470	11	471	0.0	669.032	cd11331	AmyAc_OligoGlu_like	 - 	cl38930	No
Q#577 - WP_167444254.1	specific	200482	223	594	0.0	660.066	cd11344	AmyAc_GlgE_like	 - 	cl38930	No
Q#577 - WP_167444254.1	specific	463388	17	218	1.51983e-68	222.424	pfam11896	GlgE_dom_N_S	 - 	cl13354	No
Q#577 - WP_167444254.1	superfamily	440065	582	632	0.00240235	41.2768	cl43092	GlgB superfamily	N	 - 	No
Q#578 - WP_205022254.1	specific	274114	2	544	0.0	792.309	TIGR02402	trehalose_TreZ	 - 	cl38930	No
Q#579 - WP_087789161.1	superfamily	274113	32	806	0.0	906.008	cl30297	trehalose_TreY superfamily	 - 	 - 	No
Q#580 - WP_093544116.1	specific	274140	23	562	0.0	1025.46	TIGR02456	treS_nterm	 - 	cl37116	No
Q#581 - WP_030763980.1	specific	274140	23	562	0.0	1006.97	TIGR02456	treS_nterm	 - 	cl37116	No
Q#582 - WP_119994656.1	specific	235445	16	737	0.0	1247.76	PRK05402	PRK05402	 - 	cl38930	No
Q#583 - WP_048831999.1	specific	235445	27	750	0.0	1248.53	PRK05402	PRK05402	 - 	cl38930	No
Q#584 - WP_046423307.1	specific	441132	40	741	0.0	1150.2	COG1523	PulA	 - 	cl34294	No
Q#585 - WP_184988326.1	specific	235445	229	948	0.0	1284.35	PRK05402	PRK05402	 - 	cl38930	No
Q#586 - WP_030080827.1	specific	200471	23	494	0.0	809.964	cd11332	AmyAc_OligoGlu_TS	 - 	cl38930	No
Q#586 - WP_030080827.1	specific	432205	476	556	0.00064834	38.8451	pfam11941	DUF3459	 - 	cl02706	No
Q#587 - WP_037909178.1	specific	441132	1	703	0.0	1263.45	COG1523	PulA	 - 	cl34294	No
Q#588 - WP_159765717.1	specific	235445	28	745	0.0	1272.41	PRK05402	PRK05402	 - 	cl38930	No
Q#589 - WP_201819972.1	specific	200471	18	499	0.0	755.651	cd11332	AmyAc_OligoGlu_TS	 - 	cl38930	No
Q#589 - WP_201819972.1	specific	432205	480	555	0.000149229	40.7711	pfam11941	DUF3459	 - 	cl02706	No
Q#590 - WP_030280022.1	superfamily	442511	9	861	0.0	789.006	cl30295	TreY superfamily	 - 	 - 	No
Q#591 - WP_031180679.1	specific	235445	25	738	0.0	1246.22	PRK05402	PRK05402	 - 	cl38930	No
Q#592 - WP_062668636.1	specific	441132	1	708	0.0	1270.38	COG1523	PulA	 - 	cl34294	No
Q#593 - WP_050357959.1	specific	200471	23	495	0.0	817.283	cd11332	AmyAc_OligoGlu_TS	 - 	cl38930	No
Q#593 - WP_050357959.1	specific	432205	476	556	1.56976e-05	43.4675	pfam11941	DUF3459	 - 	cl02706	No
Q#594 - WP_216721247.1	specific	274114	2	544	0.0	825.821	TIGR02402	trehalose_TreZ	 - 	cl38930	No
Q#595 - WP_179851160.1	specific	441132	32	744	0.0	1174.47	COG1523	PulA	 - 	cl34294	No
Q#596 - WP_201814077.1	specific	441132	1	700	0.0	1280.4	COG1523	PulA	 - 	cl34294	No
Q#597 - WP_209496874.1	specific	235445	34	760	0.0	1262.4	PRK05402	PRK05402	 - 	cl38930	No
Q#598 - WP_240045981.1	specific	441132	66	777	0.0	1246.89	COG1523	PulA	 - 	cl34294	No
Q#599 - WP_125504128.1	specific	235445	134	857	0.0	1283.97	PRK05402	PRK05402	 - 	cl38930	No
Q#600 - WP_148006248.1	specific	274140	23	562	0.0	1013.13	TIGR02456	treS_nterm	 - 	cl37116	No
Q#601 - WP_234478348.1	specific	235445	1	700	0.0	1201.15	PRK05402	PRK05402	 - 	cl38930	No
Q#602 - WP_164237915.1	specific	200482	195	566	0.0	675.088	cd11344	AmyAc_GlgE_like	 - 	cl38930	No
Q#602 - WP_164237915.1	specific	463388	3	190	2.72253e-81	255.166	pfam11896	GlgE_dom_N_S	 - 	cl13354	No
Q#602 - WP_164237915.1	superfamily	445893	577	646	0.00781021	35.5663	cl02706	Malt_amylase_C superfamily	 - 	 - 	No
Q#603 - WP_217136749.1	specific	200471	27	499	0.0	819.98	cd11332	AmyAc_OligoGlu_TS	 - 	cl38930	No
Q#603 - WP_217136749.1	specific	432205	481	561	5.58619e-06	45.0083	pfam11941	DUF3459	 - 	cl02706	No
Q#604 - WP_189596106.1	superfamily	274113	11	779	0.0	921.031	cl30297	trehalose_TreY superfamily	 - 	 - 	No
Q#605 - WP_042496087.1	specific	200482	195	566	0.0	670.851	cd11344	AmyAc_GlgE_like	 - 	cl38930	No
Q#605 - WP_042496087.1	specific	463388	3	190	9.04158e-78	245.921	pfam11896	GlgE_dom_N_S	 - 	cl13354	No
Q#605 - WP_042496087.1	superfamily	445893	573	650	0.000143831	40.6085	cl02706	Malt_amylase_C superfamily	 - 	 - 	No
Q#606 - WP_073448921.1	specific	441132	1	753	0.0	1248.43	COG1523	PulA	 - 	cl34294	No
Q#607 - WP_053848066.1	specific	441132	18	704	0.0	1334.71	COG1523	PulA	 - 	cl34294	No
Q#608 - WP_145827431.1	specific	274140	23	562	0.0	1038.17	TIGR02456	treS_nterm	 - 	cl37116	No
Q#609 - WP_142167669.1	specific	235445	28	740	0.0	1250.46	PRK05402	PRK05402	 - 	cl38930	No
Q#610 - WP_236576463.1	specific	200482	255	611	0.0	681.637	cd11344	AmyAc_GlgE_like	 - 	cl38930	No
Q#610 - WP_236576463.1	specific	463388	64	250	6.937779999999999e-79	250.159	pfam11896	GlgE_dom_N_S	 - 	cl13354	No
Q#610 - WP_236576463.1	superfamily	445893	618	695	9.08611e-05	41.3789	cl02706	Malt_amylase_C superfamily	 - 	 - 	No
Q#611 - WP_088800151.1	specific	441132	21	748	0.0	1160.6	COG1523	PulA	 - 	cl34294	No
Q#612 - WP_159694920.1	specific	274114	3	545	0.0	797.317	TIGR02402	trehalose_TreZ	 - 	cl38930	No
Q#613 - WP_142231445.1	specific	274114	2	544	0.0	818.502	TIGR02402	trehalose_TreZ	 - 	cl38930	No
Q#614 - WP_190095819.1	specific	200471	14	488	0.0	740.628	cd11332	AmyAc_OligoGlu_TS	 - 	cl38930	No
Q#614 - WP_190095819.1	specific	432205	469	545	0.000534358	39.2303	pfam11941	DUF3459	 - 	cl02706	No
Q#615 - WP_079153955.1	specific	200471	21	496	0.0	726.761	cd11332	AmyAc_OligoGlu_TS	 - 	cl38930	No
Q#616 - WP_030325231.1	specific	441132	1	690	0.0	1310.83	COG1523	PulA	 - 	cl34294	No
Q#617 - WP_200715359.1	specific	235445	133	850	0.0	1315.94	PRK05402	PRK05402	 - 	cl38930	No
Q#617 - WP_200715359.1	superfamily	468201	42	104	0.000465018	43.8483	cl41462	PspC_subgroup_1 superfamily	NC	 - 	No
Q#618 - WP_129294126.1	specific	200482	195	556	0.0	663.147	cd11344	AmyAc_GlgE_like	 - 	cl38930	No
Q#618 - WP_129294126.1	specific	463388	3	190	2.17097e-81	255.166	pfam11896	GlgE_dom_N_S	 - 	cl13354	No
Q#618 - WP_129294126.1	superfamily	440065	544	598	0.00247055	40.8916	cl43092	GlgB superfamily	N	 - 	No
Q#619 - WP_254641939.1	superfamily	274140	22	284	0.0	513.142	cl37116	treS_nterm superfamily	C	 - 	No
Q#620 - WP_164420982.1	specific	441132	1	706	0.0	1265.38	COG1523	PulA	 - 	cl34294	No
Q#621 - WP_159774246.1	superfamily	274113	6	773	0.0	869.029	cl30297	trehalose_TreY superfamily	 - 	 - 	No
Q#622 - WP_062752136.1	specific	200482	195	555	0.0	673.548	cd11344	AmyAc_GlgE_like	 - 	cl38930	No
Q#622 - WP_062752136.1	specific	463388	2	190	5.714590000000001e-76	240.914	pfam11896	GlgE_dom_N_S	 - 	cl13354	No
Q#622 - WP_062752136.1	superfamily	445893	563	639	4.71348e-05	41.7641	cl02706	Malt_amylase_C superfamily	 - 	 - 	No
Q#623 - WP_088800565.1	specific	441132	1	745	0.0	1256.13	COG1523	PulA	 - 	cl34294	No
Q#624 - WP_053923901.1	specific	274114	3	549	0.0	741.077	TIGR02402	trehalose_TreZ	 - 	cl38930	No
Q#625 - WP_107453640.1	specific	200471	6	491	0.0	774.141	cd11332	AmyAc_OligoGlu_TS	 - 	cl38930	No
Q#625 - WP_107453640.1	specific	432205	472	548	0.000504932	39.2303	pfam11941	DUF3459	 - 	cl02706	No
Q#626 - WP_189727736.1	specific	441132	40	747	0.0	1164.07	COG1523	PulA	 - 	cl34294	No
Q#627 - WP_062716990.1	specific	274140	23	561	0.0	1027.38	TIGR02456	treS_nterm	 - 	cl37116	No
Q#628 - WP_189542058.1	specific	200471	23	494	0.0	823.446	cd11332	AmyAc_OligoGlu_TS	 - 	cl38930	No
Q#628 - WP_189542058.1	specific	432205	476	556	0.000330454	40.0007	pfam11941	DUF3459	 - 	cl02706	No
Q#629 - WP_126395904.1	specific	441132	1	713	0.0	1269.61	COG1523	PulA	 - 	cl34294	No
Q#630 - WP_037882598.1	specific	274114	2	544	0.0	799.628	TIGR02402	trehalose_TreZ	 - 	cl38930	No
Q#631 - WP_176144595.1	specific	235445	80	798	0.0	1294.37	PRK05402	PRK05402	 - 	cl38930	No
Q#632 - WP_238996218.1	specific	235445	295	1018	0.0	1267.02	PRK05402	PRK05402	 - 	cl38930	No
Q#632 - WP_238996218.1	superfamily	236090	2	149	2.01063e-07	54.9921	cl35613	PRK07764 superfamily	N	 - 	No
Q#633 - WP_030856825.1	specific	200471	29	510	0.0	777.222	cd11332	AmyAc_OligoGlu_TS	 - 	cl38930	No
Q#633 - WP_030856825.1	superfamily	445893	491	565	0.00513017	36.5339	cl02706	Malt_amylase_C superfamily	 - 	 - 	No
Q#634 - WP_129294111.1	specific	441132	21	748	0.0	1156.37	COG1523	PulA	 - 	cl34294	No
Q#635 - WP_030075025.1	specific	200471	38	529	0.0	730.228	cd11332	AmyAc_OligoGlu_TS	 - 	cl38930	No
Q#635 - WP_030075025.1	specific	432205	510	586	1.34996e-06	46.5491	pfam11941	DUF3459	 - 	cl02706	No
Q#636 - WP_031148380.1	specific	274140	23	562	0.0	1011.59	TIGR02456	treS_nterm	 - 	cl37116	No
Q#637 - WP_399438669.1	specific	441132	22	731	0.0	1127.48	COG1523	PulA	 - 	cl34294	No
Q#638 - WP_200691751.1	specific	200471	11	492	0.0	752.955	cd11332	AmyAc_OligoGlu_TS	 - 	cl38930	No
Q#638 - WP_200691751.1	specific	432205	473	548	5.92874e-07	47.7047	pfam11941	DUF3459	 - 	cl02706	No
Q#639 - WP_184983084.1	specific	200471	23	490	0.0	799.564	cd11332	AmyAc_OligoGlu_TS	 - 	cl38930	No
Q#639 - WP_184983084.1	specific	432205	472	552	0.000132468	40.7711	pfam11941	DUF3459	 - 	cl02706	No
Q#640 - WP_164438174.1	superfamily	476817	126	324	6.369139999999999e-144	410.071	cl38930	AmyAc_family superfamily	C	 - 	No
Q#640 - WP_164438174.1	specific	463388	1	121	2.76647e-51	167.726	pfam11896	GlgE_dom_N_S	N	cl13354	No
Q#641 - WP_142231029.1	specific	200482	200	556	0.0	715.92	cd11344	AmyAc_GlgE_like	 - 	cl38930	No
Q#641 - WP_142231029.1	specific	463388	8	195	5.43903e-82	256.707	pfam11896	GlgE_dom_N_S	 - 	cl13354	No
Q#641 - WP_142231029.1	superfamily	440065	530	594	8.00894e-05	45.8992	cl43092	GlgB superfamily	N	 - 	No
Q#642 - WP_109167726.1	specific	200471	10	473	0.0	688.241	cd11332	AmyAc_OligoGlu_TS	 - 	cl38930	No
Q#642 - WP_109167726.1	specific	432205	454	531	7.54224e-06	44.6231	pfam11941	DUF3459	 - 	cl02706	No
Q#643 - WP_190226339.1	specific	274114	3	545	0.0	755.715	TIGR02402	trehalose_TreZ	 - 	cl38930	No
Q#644 - WP_077799195.1	specific	235445	29	738	0.0	1255.85	PRK05402	PRK05402	 - 	cl38930	No
Q#645 - WP_104633304.1	specific	441132	42	751	0.0	1154.82	COG1523	PulA	 - 	cl34294	No
Q#646 - WP_093720176.1	specific	235445	107	824	0.0	1304.0	PRK05402	PRK05402	 - 	cl38930	No
Q#647 - WP_030313631.1	superfamily	274113	11	780	0.0	886.748	cl30297	trehalose_TreY superfamily	 - 	 - 	No
Q#648 - WP_141209199.1	specific	200471	21	488	0.0	796.868	cd11332	AmyAc_OligoGlu_TS	 - 	cl38930	No
Q#648 - WP_141209199.1	specific	432205	470	550	1.20429e-06	46.9343	pfam11941	DUF3459	 - 	cl02706	No
Q#649 - WP_031134096.1	specific	200471	6	491	0.0	737.932	cd11332	AmyAc_OligoGlu_TS	 - 	cl38930	No
Q#649 - WP_031134096.1	specific	432205	472	548	0.000509888	39.2303	pfam11941	DUF3459	 - 	cl02706	No
Q#650 - WP_073887573.1	specific	200471	10	491	0.0	788.008	cd11332	AmyAc_OligoGlu_TS	 - 	cl38930	No
Q#650 - WP_073887573.1	specific	432205	472	547	0.000371558	39.6155	pfam11941	DUF3459	 - 	cl02706	No
Q#651 - WP_071528863.1	specific	235445	105	828	0.0	1279.73	PRK05402	PRK05402	 - 	cl38930	No
Q#651 - WP_071528863.1	superfamily	369339	28	71	4.32226e-08	54.0143	cl22465	HC2 superfamily	NC	 - 	No
Q#652 - WP_127467915.1	specific	200471	23	512	0.0	799.564	cd11332	AmyAc_OligoGlu_TS	 - 	cl38930	No
Q#652 - WP_127467915.1	specific	432205	493	573	3.90429e-05	42.6971	pfam11941	DUF3459	 - 	cl02706	No
Q#653 - WP_030764057.1	superfamily	476817	1	311	1.61127e-78	242.544	cl38930	AmyAc_family superfamily	N	 - 	No
Q#653 - WP_030764057.1	superfamily	236759	1	75	0.000235822	42.6868	cl35948	PRK10785 superfamily	NC	 - 	No
Q#654 - WP_030018030.1	specific	441132	1	547	0.0	1119.39	COG1523	PulA	C	cl34294	No
Q#655 - WP_177235327.1	superfamily	274113	11	784	0.0	855.162	cl30297	trehalose_TreY superfamily	 - 	 - 	No
Q#656 - WP_142167665.1	specific	441132	13	706	0.0	1294.27	COG1523	PulA	 - 	cl34294	No
Q#657 - WP_190010712.1	specific	274114	2	544	0.0	813.88	TIGR02402	trehalose_TreZ	 - 	cl38930	No
Q#658 - WP_416385368.1	specific	235445	70	789	0.0	1253.54	PRK05402	PRK05402	 - 	cl38930	No
Q#659 - WP_217463607.1	specific	200471	10	491	0.0	793.786	cd11332	AmyAc_OligoGlu_TS	 - 	cl38930	No
Q#660 - WP_344571092.1	specific	235445	2	723	0.0	1240.06	PRK05402	PRK05402	 - 	cl38930	No
Q#661 - WP_128434761.1	specific	274140	23	562	0.0	1031.62	TIGR02456	treS_nterm	 - 	cl37116	No
Q#662 - WP_010059326.1	superfamily	442511	1	790	0.0	899.559	cl30295	TreY superfamily	 - 	 - 	No
Q#663 - WP_086724910.1	superfamily	476817	1	310	1.14443e-159	456.736	cl38930	AmyAc_family superfamily	N	 - 	No
Q#663 - WP_086724910.1	specific	432205	291	368	4.07538e-07	47.7047	pfam11941	DUF3459	 - 	cl02706	No
Q#664 - WP_097249162.1	specific	274114	2	544	0.0	808.102	TIGR02402	trehalose_TreZ	 - 	cl38930	No
Q#665 - WP_208035098.1	specific	274114	2	544	0.0	826.206	TIGR02402	trehalose_TreZ	 - 	cl38930	No
Q#666 - WP_241965670.1	superfamily	274140	23	339	0.0	626.776	cl37116	treS_nterm superfamily	C	 - 	No
Q#667 - WP_073757672.1	specific	274140	23	562	0.0	1028.15	TIGR02456	treS_nterm	 - 	cl37116	No
Q#668 - WP_078913413.1	specific	200471	21	494	0.0	724.065	cd11332	AmyAc_OligoGlu_TS	 - 	cl38930	No
Q#668 - WP_078913413.1	superfamily	445893	477	543	0.00115813	38.4599	cl02706	Malt_amylase_C superfamily	 - 	 - 	No
Q#669 - WP_037856219.1	superfamily	476817	200	357	1.39554e-118	346.898	cl38930	AmyAc_family superfamily	C	 - 	No
Q#669 - WP_037856219.1	specific	463388	8	195	7.33286e-84	252.47	pfam11896	GlgE_dom_N_S	 - 	cl13354	No
Q#670 - WP_030755212.1	specific	200471	20	491	0.0	814.972	cd11332	AmyAc_OligoGlu_TS	 - 	cl38930	No
Q#670 - WP_030755212.1	superfamily	445893	473	553	0.00181527	37.6895	cl02706	Malt_amylase_C superfamily	 - 	 - 	No
Q#671 - WP_007386044.1	specific	200471	6	462	0.0	690.167	cd11332	AmyAc_OligoGlu_TS	 - 	cl38930	No
Q#671 - WP_007386044.1	superfamily	445893	454	528	0.00104948	38.4599	cl02706	Malt_amylase_C superfamily	 - 	 - 	No
Q#672 - WP_181795082.1	specific	200471	23	495	0.0	818.824	cd11332	AmyAc_OligoGlu_TS	 - 	cl38930	No
Q#672 - WP_181795082.1	specific	432205	477	557	7.44435e-06	44.6231	pfam11941	DUF3459	 - 	cl02706	No
Q#673 - WP_150245620.1	specific	441132	11	680	0.0	768.084	COG1523	PulA	 - 	cl34294	No
Q#674 - WP_203617157.1	superfamily	274140	1	321	0.0	599.427	cl37116	treS_nterm superfamily	N	 - 	No
Q#675 - WP_031151269.1	specific	274114	2	543	0.0	758.026	TIGR02402	trehalose_TreZ	 - 	cl38930	No
Q#676 - WP_190903548.1	specific	200471	12	461	0.0	667.441	cd11332	AmyAc_OligoGlu_TS	 - 	cl38930	No
Q#676 - WP_190903548.1	specific	432205	451	524	4.01933e-06	45.0083	pfam11941	DUF3459	 - 	cl02706	No
Q#677 - WP_094220671.1	superfamily	274140	22	395	0.0	742.336	cl37116	treS_nterm superfamily	C	 - 	No
Q#678 - WP_104636496.1	specific	200471	19	499	0.0	736.006	cd11332	AmyAc_OligoGlu_TS	 - 	cl38930	No
Q#678 - WP_104636496.1	specific	432205	480	554	0.000260392	40.0007	pfam11941	DUF3459	 - 	cl02706	No
Q#679 - WP_031143828.1	specific	200471	5	479	0.0	739.473	cd11332	AmyAc_OligoGlu_TS	 - 	cl38930	No
Q#679 - WP_031143828.1	specific	432205	460	535	0.000125867	41.1563	pfam11941	DUF3459	 - 	cl02706	No
Q#680 - WP_159697708.1	specific	200471	12	467	0.0	693.634	cd11332	AmyAc_OligoGlu_TS	 - 	cl38930	No
Q#680 - WP_159697708.1	specific	432205	459	533	2.37361e-05	43.0823	pfam11941	DUF3459	 - 	cl02706	No
Q#681 - WP_148002903.1	superfamily	274113	16	783	0.0	817.797	cl30297	trehalose_TreY superfamily	 - 	 - 	No
Q#682 - WP_030720735.1	specific	200482	195	557	0.0	682.022	cd11344	AmyAc_GlgE_like	 - 	cl38930	No
Q#682 - WP_030720735.1	specific	463388	3	190	7.87071e-77	243.225	pfam11896	GlgE_dom_N_S	 - 	cl13354	No
Q#682 - WP_030720735.1	superfamily	440065	545	595	0.00383702	40.5064	cl43092	GlgB superfamily	N	 - 	No
Q#682 - WP_030720735.1	superfamily	445893	564	641	0.00852042	35.6009	cl02706	Malt_amylase_C superfamily	 - 	 - 	No
Q#683 - WP_015657033.1	specific	441132	1	704	0.0	1274.62	COG1523	PulA	 - 	cl34294	No
Q#684 - WP_053929354.1	specific	274140	23	562	0.0	1025.84	TIGR02456	treS_nterm	 - 	cl37116	No
Q#685 - WP_088574898.1	specific	441132	1	707	0.0	1278.86	COG1523	PulA	 - 	cl34294	No
Q#686 - WP_126896892.1	specific	441132	1	714	0.0	1259.21	COG1523	PulA	 - 	cl34294	No
Q#687 - WP_020941204.1	specific	200471	10	491	0.0	803.031	cd11332	AmyAc_OligoGlu_TS	 - 	cl38930	No
Q#687 - WP_020941204.1	superfamily	445893	472	547	0.0012721	38.0747	cl02706	Malt_amylase_C superfamily	 - 	 - 	No
Q#688 - WP_073763672.1	specific	235445	108	826	0.0	1294.75	PRK05402	PRK05402	 - 	cl38930	No
Q#689 - WP_143663613.1	superfamily	273974	246	1097	0.0	1009.74	cl37055	pullul_strch superfamily	 - 	 - 	No
Q#689 - WP_143663613.1	specific	461022	33	129	3.91024e-33	123.25	pfam03714	PUD	 - 	cl47835	No
Q#689 - WP_143663613.1	specific	199215	140	233	1.2064099999999999e-31	118.974	cd10315	CBM41_pullulanase	 - 	cl47018	No
Q#690 - WP_106438446.1	specific	235445	20	741	0.0	1239.29	PRK05402	PRK05402	 - 	cl38930	No
Q#691 - WP_078969296.1	specific	235445	166	892	0.0	1287.82	PRK05402	PRK05402	 - 	cl38930	No
Q#691 - WP_078969296.1	superfamily	369339	13	132	1.1188e-11	64.4146	cl22465	HC2 superfamily	C	 - 	No
Q#692 - WP_053929274.1	superfamily	274113	3	791	0.0	868.259	cl30297	trehalose_TreY superfamily	 - 	 - 	No
Q#693 - WP_164438877.1	specific	441132	1	715	0.0	1276.93	COG1523	PulA	 - 	cl34294	No
Q#694 - WP_030604509.1	specific	200485	2	389	0.0	574.571	cd11347	AmyAc_1	 - 	cl38930	No
Q#695 - WP_059084554.1	specific	441132	39	751	0.0	1171.77	COG1523	PulA	 - 	cl34294	No
Q#696 - WP_019057674.1	specific	200471	8	489	0.0	748.332	cd11332	AmyAc_OligoGlu_TS	 - 	cl38930	No
Q#696 - WP_019057674.1	specific	432205	470	546	0.000707938	38.8451	pfam11941	DUF3459	 - 	cl02706	No
Q#697 - WP_177235152.1	specific	441132	38	748	0.0	1147.12	COG1523	PulA	 - 	cl34294	No
Q#698 - WP_033266782.1	specific	441132	20	748	0.0	1160.6	COG1523	PulA	 - 	cl34294	No
Q#699 - WP_208776823.1	specific	274140	23	562	0.0	1039.71	TIGR02456	treS_nterm	 - 	cl37116	No
Q#700 - WP_184565346.1	specific	441132	13	706	0.0	1319.3	COG1523	PulA	 - 	cl34294	No
Q#701 - WP_189421300.1	specific	441132	1	700	0.0	1294.27	COG1523	PulA	 - 	cl34294	No
Q#702 - WP_030412517.1	specific	274114	3	552	0.0	756.485	TIGR02402	trehalose_TreZ	 - 	cl38930	No
Q#703 - WP_031150421.1	specific	200482	195	557	0.0	675.474	cd11344	AmyAc_GlgE_like	 - 	cl38930	No
Q#703 - WP_031150421.1	specific	463388	3	190	2.06953e-77	244.766	pfam11896	GlgE_dom_N_S	 - 	cl13354	No
Q#703 - WP_031150421.1	superfamily	440065	528	595	0.000265986	43.9732	cl43092	GlgB superfamily	N	 - 	No
Q#703 - WP_031150421.1	superfamily	445893	564	641	0.0060409	35.9861	cl02706	Malt_amylase_C superfamily	 - 	 - 	No
Q#704 - WP_037773719.1	specific	200482	198	559	0.0	675.088	cd11344	AmyAc_GlgE_like	 - 	cl38930	No
Q#704 - WP_037773719.1	specific	463388	6	193	2.2229e-76	242.069	pfam11896	GlgE_dom_N_S	 - 	cl13354	No
Q#704 - WP_037773719.1	superfamily	440065	530	597	0.0022781	41.2768	cl43092	GlgB superfamily	N	 - 	No
Q#704 - WP_037773719.1	superfamily	445893	566	643	0.00281197	36.7565	cl02706	Malt_amylase_C superfamily	 - 	 - 	No
Q#705 - WP_148002907.1	specific	274114	3	545	0.0	777.286	TIGR02402	trehalose_TreZ	 - 	cl38930	No
Q#706 - WP_093630999.1	specific	274140	22	561	0.0	1028.15	TIGR02456	treS_nterm	 - 	cl37116	No
Q#707 - WP_049717259.1	specific	200482	195	556	0.0	674.318	cd11344	AmyAc_GlgE_like	 - 	cl38930	No
Q#707 - WP_049717259.1	specific	463388	3	190	3.15766e-70	226.276	pfam11896	GlgE_dom_N_S	 - 	cl13354	No
Q#708 - WP_115506962.1	specific	274140	23	561	0.0	1029.31	TIGR02456	treS_nterm	 - 	cl37116	No
Q#709 - WP_051831272.1	specific	200471	23	465	0.0	735.621	cd11332	AmyAc_OligoGlu_TS	 - 	cl38930	No
Q#709 - WP_051831272.1	specific	432205	448	527	4.42774e-05	42.3119	pfam11941	DUF3459	 - 	cl02706	No
Q#710 - WP_033208098.1	specific	274114	3	545	0.0	776.131	TIGR02402	trehalose_TreZ	 - 	cl38930	No
Q#711 - WP_030625427.1	specific	441132	1	707	0.0	1283.48	COG1523	PulA	 - 	cl34294	No
Q#712 - WP_043373682.1	specific	200471	23	495	0.0	814.972	cd11332	AmyAc_OligoGlu_TS	 - 	cl38930	No
Q#712 - WP_043373682.1	specific	432205	477	557	1.07525e-06	46.9343	pfam11941	DUF3459	 - 	cl02706	No
Q#713 - WP_200717084.1	specific	274114	2	545	0.0	813.88	TIGR02402	trehalose_TreZ	 - 	cl38930	No
Q#714 - WP_060949963.1	specific	274114	3	541	0.0	768.427	TIGR02402	trehalose_TreZ	 - 	cl38930	No
Q#715 - WP_030803628.1	superfamily	442511	9	870	0.0	893.01	cl30295	TreY superfamily	 - 	 - 	No
Q#716 - WP_175647757.1	specific	441132	17	710	0.0	1322.39	COG1523	PulA	 - 	cl34294	No
Q#717 - WP_184820779.1	specific	441132	1	708	0.0	1285.79	COG1523	PulA	 - 	cl34294	No
Q#718 - WP_185015076.1	specific	200471	18	492	0.0	737.932	cd11332	AmyAc_OligoGlu_TS	 - 	cl38930	No
Q#718 - WP_185015076.1	specific	432205	474	551	1.7858e-05	43.4675	pfam11941	DUF3459	 - 	cl02706	No
Q#719 - WP_031148376.1	specific	235445	45	762	0.0	1278.19	PRK05402	PRK05402	 - 	cl38930	No
Q#720 - WP_152885697.1	specific	200471	22	490	0.0	777.993	cd11332	AmyAc_OligoGlu_TS	 - 	cl38930	No
Q#721 - WP_194276822.1	specific	200471	18	499	0.0	733.31	cd11332	AmyAc_OligoGlu_TS	 - 	cl38930	No
Q#721 - WP_194276822.1	specific	432205	480	554	6.48571e-07	47.7047	pfam11941	DUF3459	 - 	cl02706	No
Q#722 - WP_074992710.1	specific	200471	10	491	0.0	769.518	cd11332	AmyAc_OligoGlu_TS	 - 	cl38930	No
Q#722 - WP_074992710.1	superfamily	445893	472	547	0.00203303	37.6895	cl02706	Malt_amylase_C superfamily	 - 	 - 	No
Q#723 - WP_129259778.1	specific	200471	2	459	0.0	704.42	cd11332	AmyAc_OligoGlu_TS	 - 	cl38930	No
Q#723 - WP_129259778.1	superfamily	445893	442	522	0.0011245	38.4599	cl02706	Malt_amylase_C superfamily	 - 	 - 	No
Q#724 - WP_225817747.1	specific	200471	18	487	0.0	725.991	cd11332	AmyAc_OligoGlu_TS	 - 	cl38930	No
Q#724 - WP_225817747.1	specific	432205	468	544	9.55954e-05	41.1563	pfam11941	DUF3459	 - 	cl02706	No
Q#725 - WP_346345582.1	superfamily	274140	1	225	9.50694e-155	439.954	cl37116	treS_nterm superfamily	N	 - 	No
Q#726 - WP_073889683.1	specific	200482	245	601	0.0	701.282	cd11344	AmyAc_GlgE_like	 - 	cl38930	No
Q#726 - WP_073889683.1	specific	463388	54	240	2.37518e-75	240.529	pfam11896	GlgE_dom_N_S	 - 	cl13354	No
Q#727 - WP_267892363.1	specific	200482	6	328	0.0	641.961	cd11344	AmyAc_GlgE_like	 - 	cl38930	No
Q#728 - WP_053625042.1	specific	441132	23	704	0.0	995.352	COG1523	PulA	 - 	cl34294	No
Q#729 - WP_031036274.1	specific	200471	18	499	0.0	722.524	cd11332	AmyAc_OligoGlu_TS	 - 	cl38930	No
Q#729 - WP_031036274.1	specific	432205	480	554	4.3045e-07	48.0899	pfam11941	DUF3459	 - 	cl02706	No
Q#730 - WP_145881725.1	specific	235445	22	735	0.0	1273.95	PRK05402	PRK05402	 - 	cl38930	No
Q#731 - WP_151786463.1	specific	274114	2	544	0.0	820.043	TIGR02402	trehalose_TreZ	 - 	cl38930	No
Q#732 - WP_043445363.1	specific	200471	7	477	0.0	756.422	cd11332	AmyAc_OligoGlu_TS	 - 	cl38930	No
Q#732 - WP_043445363.1	specific	432205	458	534	5.94919e-07	47.7047	pfam11941	DUF3459	 - 	cl02706	No
Q#733 - WP_121832631.1	specific	441132	1	705	0.0	1284.25	COG1523	PulA	 - 	cl34294	No
Q#734 - WP_184988331.1	specific	274140	22	562	0.0	1040.87	TIGR02456	treS_nterm	 - 	cl37116	No
Q#735 - WP_030019151.1	specific	200471	5	455	0.0	678.997	cd11332	AmyAc_OligoGlu_TS	 - 	cl38930	No
Q#736 - WP_150499737.1	specific	200482	239	595	0.0	693.963	cd11344	AmyAc_GlgE_like	 - 	cl38930	No
Q#736 - WP_150499737.1	specific	463388	47	234	4.16913e-81	255.551	pfam11896	GlgE_dom_N_S	 - 	cl13354	No
Q#736 - WP_150499737.1	superfamily	445893	602	679	0.000963236	38.2973	cl02706	Malt_amylase_C superfamily	 - 	 - 	No
Q#737 - WP_020867828.1	specific	274114	3	540	0.0	772.279	TIGR02402	trehalose_TreZ	 - 	cl38930	No
Q#738 - WP_258565454.1	superfamily	476817	14	347	0.0	571.141	cl38930	AmyAc_family superfamily	C	 - 	No
Q#739 - WP_184819369.1	specific	200471	29	510	0.0	795.327	cd11332	AmyAc_OligoGlu_TS	 - 	cl38930	No
Q#739 - WP_184819369.1	specific	432205	491	565	0.000666084	38.8451	pfam11941	DUF3459	 - 	cl02706	No
Q#740 - WP_099967918.1	specific	441132	1	725	0.0	1272.7	COG1523	PulA	 - 	cl34294	No
Q#741 - WP_150265000.1	specific	441132	1	704	0.0	1277.7	COG1523	PulA	 - 	cl34294	No
Q#742 - WP_256979607.1	specific	200478	26	493	1.056e-154	447.855	cd11339	AmyAc_bac_CMD_like_2	 - 	cl38930	No
Q#742 - WP_256979607.1	specific	426991	512	582	0.000230485	40.4006	pfam02806	Alpha-amylase_C	 - 	cl02706	No
Q#743 - WP_104636005.1	specific	441132	11	707	0.0	1322.77	COG1523	PulA	 - 	cl34294	No
Q#744 - WP_059141747.1	superfamily	442511	7	807	0.0	844.475	cl30295	TreY superfamily	 - 	 - 	No
Q#745 - WP_007384800.1	specific	274140	23	562	0.0	1037.4	TIGR02456	treS_nterm	 - 	cl37116	No
Q#746 - WP_030803579.1	specific	200471	19	498	0.0	715.205	cd11332	AmyAc_OligoGlu_TS	 - 	cl38930	No
Q#746 - WP_030803579.1	specific	432205	479	556	0.000562144	39.2303	pfam11941	DUF3459	 - 	cl02706	No
Q#747 - WP_115745485.1	specific	200471	11	472	0.0	713.279	cd11332	AmyAc_OligoGlu_TS	 - 	cl38930	No
Q#747 - WP_115745485.1	specific	432205	455	532	7.70658e-06	44.2379	pfam11941	DUF3459	 - 	cl02706	No
Q#748 - WP_043219834.1	specific	441132	21	730	0.0	1157.52	COG1523	PulA	 - 	cl34294	No
Q#749 - WP_093724166.1	specific	200482	234	586	0.0	700.512	cd11344	AmyAc_GlgE_like	 - 	cl38930	No
Q#749 - WP_093724166.1	specific	463388	43	229	1.7941900000000002e-85	266.722	pfam11896	GlgE_dom_N_S	 - 	cl13354	No
Q#749 - WP_093724166.1	superfamily	445893	594	670	0.00127591	37.9121	cl02706	Malt_amylase_C superfamily	 - 	 - 	No
Q#750 - WP_053138952.1	specific	441132	1	703	0.0	1283.1	COG1523	PulA	 - 	cl34294	No
Q#751 - WP_030351894.1	specific	274140	23	568	0.0	1025.84	TIGR02456	treS_nterm	 - 	cl37116	No
Q#752 - WP_120755787.1	specific	441132	1	706	0.0	1266.15	COG1523	PulA	 - 	cl34294	No
Q#753 - WP_069622389.1	specific	441132	3	717	0.0	1156.75	COG1523	PulA	 - 	cl34294	No
Q#754 - WP_194079026.1	specific	235445	23	733	0.0	1255.08	PRK05402	PRK05402	 - 	cl38930	No
Q#755 - WP_190142076.1	specific	441132	21	748	0.0	1189.11	COG1523	PulA	 - 	cl34294	No
Q#756 - WP_030805717.1	specific	200471	10	491	0.0	804.572	cd11332	AmyAc_OligoGlu_TS	 - 	cl38930	No
Q#757 - WP_239064092.1	superfamily	476817	1	306	0.0	600.36	cl38930	AmyAc_family superfamily	 - 	 - 	No
Q#757 - WP_239064092.1	superfamily	440065	277	344	0.000125721	44.3584	cl43092	GlgB superfamily	N	 - 	No
Q#757 - WP_239064092.1	superfamily	445893	314	393	0.00578487	35.6009	cl02706	Malt_amylase_C superfamily	 - 	 - 	No
Q#758 - WP_200685248.1	specific	200485	8	399	0.0	625.032	cd11347	AmyAc_1	 - 	cl38930	No
Q#759 - WP_184556125.1	specific	274114	2	544	0.0	823.51	TIGR02402	trehalose_TreZ	 - 	cl38930	No
Q#760 - WP_073763666.1	specific	200482	195	566	0.0	666.229	cd11344	AmyAc_GlgE_like	 - 	cl38930	No
Q#760 - WP_073763666.1	specific	463388	3	190	3.8357199999999996e-79	249.773	pfam11896	GlgE_dom_N_S	 - 	cl13354	No
Q#760 - WP_073763666.1	superfamily	440065	537	604	0.00722475	39.3508	cl43092	GlgB superfamily	N	 - 	No
Q#761 - WP_043266191.1	specific	441132	21	760	0.0	1147.89	COG1523	PulA	 - 	cl34294	No
Q#762 - WP_171152681.1	specific	200482	251	607	0.0	698.2	cd11344	AmyAc_GlgE_like	 - 	cl38930	No
Q#762 - WP_171152681.1	specific	463388	60	246	6.9502699999999996e-71	228.973	pfam11896	GlgE_dom_N_S	 - 	cl13354	No
Q#762 - WP_171152681.1	superfamily	445893	614	679	0.000320224	39.8381	cl02706	Malt_amylase_C superfamily	C	 - 	No
Q#763 - WP_063886509.1	specific	200482	195	555	0.0	679.326	cd11344	AmyAc_GlgE_like	 - 	cl38930	No
Q#763 - WP_063886509.1	specific	463388	2	190	4.72231e-76	241.299	pfam11896	GlgE_dom_N_S	 - 	cl13354	No
Q#763 - WP_063886509.1	specific	435493	563	639	2.19386e-06	45.6161	pfam16657	Malt_amylase_C	 - 	cl02706	No
Q#764 - WP_234900168.1	superfamily	274113	49	817	0.0	782.744	cl30297	trehalose_TreY superfamily	 - 	 - 	No
Q#765 - WP_053208847.1	specific	200471	12	463	0.0	787.623	cd11332	AmyAc_OligoGlu_TS	 - 	cl38930	No
Q#765 - WP_053208847.1	specific	432205	445	526	4.35645e-08	50.7863	pfam11941	DUF3459	 - 	cl02706	No
Q#766 - WP_010060085.1	specific	274140	23	562	0.0	1028.54	TIGR02456	treS_nterm	 - 	cl37116	No
Q#767 - WP_184763517.1	specific	200471	5	479	0.0	749.873	cd11332	AmyAc_OligoGlu_TS	 - 	cl38930	No
Q#767 - WP_184763517.1	specific	432205	460	536	7.50149e-06	44.6231	pfam11941	DUF3459	 - 	cl02706	No
Q#768 - WP_129293673.1	specific	274114	3	552	0.0	720.277	TIGR02402	trehalose_TreZ	 - 	cl38930	No
Q#769 - WP_205083652.1	specific	441132	59	760	0.0	1146.35	COG1523	PulA	 - 	cl34294	No
Q#770 - WP_184763190.1	specific	200471	11	462	0.0	681.693	cd11332	AmyAc_OligoGlu_TS	 - 	cl38930	No
Q#770 - WP_184763190.1	specific	432205	452	526	9.83268e-05	41.1563	pfam11941	DUF3459	 - 	cl02706	No
Q#771 - WP_175647363.1	specific	200471	6	480	0.0	739.473	cd11332	AmyAc_OligoGlu_TS	 - 	cl38930	No
Q#771 - WP_175647363.1	specific	432205	461	537	3.62826e-05	42.6971	pfam11941	DUF3459	 - 	cl02706	No
Q#772 - WP_127150549.1	specific	200471	22	473	0.0	786.852	cd11332	AmyAc_OligoGlu_TS	 - 	cl38930	No
Q#772 - WP_127150549.1	specific	432205	455	536	5.5744e-06	45.0083	pfam11941	DUF3459	 - 	cl02706	No
Q#773 - WP_307818658.1	specific	441132	11	705	0.0	1321.23	COG1523	PulA	 - 	cl34294	No
Q#774 - WP_086561458.1	superfamily	274113	11	786	0.0	912.171	cl30297	trehalose_TreY superfamily	 - 	 - 	No
Q#775 - WP_073889681.1	specific	274140	23	562	0.0	1035.47	TIGR02456	treS_nterm	 - 	cl37116	No
Q#776 - WP_215213783.1	specific	274114	2	544	0.0	817.347	TIGR02402	trehalose_TreZ	 - 	cl38930	No
Q#777 - WP_104634327.1	specific	274114	2	544	0.0	840.844	TIGR02402	trehalose_TreZ	 - 	cl38930	No
Q#778 - WP_189739199.1	specific	274140	23	562	0.0	1030.08	TIGR02456	treS_nterm	 - 	cl37116	No
Q#779 - WP_200689046.1	specific	274114	2	545	0.0	783.064	TIGR02402	trehalose_TreZ	 - 	cl38930	No
Q#780 - WP_125503446.1	specific	274114	2	544	0.0	826.592	TIGR02402	trehalose_TreZ	 - 	cl38930	No
Q#781 - WP_161374617.1	specific	441132	21	730	0.0	1159.45	COG1523	PulA	 - 	cl34294	No
Q#782 - WP_215215487.1	specific	200471	5	478	0.0	741.399	cd11332	AmyAc_OligoGlu_TS	 - 	cl38930	No
Q#782 - WP_215215487.1	specific	432205	459	534	5.42354e-05	41.9267	pfam11941	DUF3459	 - 	cl02706	No
Q#783 - WP_063778976.1	specific	200482	195	557	0.0	684.333	cd11344	AmyAc_GlgE_like	 - 	cl38930	No
Q#783 - WP_063778976.1	specific	463388	3	190	1.4248600000000002e-76	242.84	pfam11896	GlgE_dom_N_S	 - 	cl13354	No
Q#783 - WP_063778976.1	superfamily	440065	528	595	0.000158892	44.7436	cl43092	GlgB superfamily	N	 - 	No
Q#783 - WP_063778976.1	superfamily	445893	564	641	0.00328534	36.7565	cl02706	Malt_amylase_C superfamily	 - 	 - 	No
Q#784 - WP_053210128.1	specific	441132	21	748	0.0	1189.11	COG1523	PulA	 - 	cl34294	No
Q#785 - WP_150226776.1	specific	200471	11	476	0.0	711.353	cd11332	AmyAc_OligoGlu_TS	 - 	cl38930	No
Q#785 - WP_150226776.1	specific	432205	457	534	1.52902e-07	49.2455	pfam11941	DUF3459	 - 	cl02706	No
Q#786 - WP_046419288.1	specific	274114	2	544	0.0	809.258	TIGR02402	trehalose_TreZ	 - 	cl38930	No
Q#787 - WP_128505161.1	specific	274114	3	552	0.0	699.476	TIGR02402	trehalose_TreZ	 - 	cl38930	No
Q#788 - WP_030218631.1	specific	441132	21	730	0.0	1155.98	COG1523	PulA	 - 	cl34294	No
Q#789 - WP_268248998.1	superfamily	274140	23	276	3.19002e-172	486.564	cl37116	treS_nterm superfamily	C	 - 	No
Q#790 - WP_003982225.1	specific	274140	23	562	0.0	1032.01	TIGR02456	treS_nterm	 - 	cl37116	No
Q#791 - WP_115505487.1	specific	200482	208	564	0.0	708.601	cd11344	AmyAc_GlgE_like	 - 	cl38930	No
Q#791 - WP_115505487.1	specific	463388	16	203	1.99165e-73	234.751	pfam11896	GlgE_dom_N_S	 - 	cl13354	No
Q#791 - WP_115505487.1	superfamily	445893	571	643	0.000297372	39.8381	cl02706	Malt_amylase_C superfamily	 - 	 - 	No
Q#792 - WP_097259902.1	specific	274140	23	561	0.0	1023.53	TIGR02456	treS_nterm	 - 	cl37116	No
Q#793 - WP_071380822.1	specific	274140	23	568	0.0	1025.84	TIGR02456	treS_nterm	 - 	cl37116	No
Q#794 - WP_028796538.1	specific	441132	43	755	0.0	1166.38	COG1523	PulA	 - 	cl34294	No
Q#795 - WP_166461563.1	specific	200482	246	602	0.0	694.734	cd11344	AmyAc_GlgE_like	 - 	cl38930	No
Q#795 - WP_166461563.1	specific	463388	54	241	1.53786e-79	252.085	pfam11896	GlgE_dom_N_S	 - 	cl13354	No
Q#795 - WP_166461563.1	superfamily	445893	609	689	0.000264054	39.8381	cl02706	Malt_amylase_C superfamily	 - 	 - 	No
Q#796 - WP_161373725.1	specific	274114	3	545	0.0	785.761	TIGR02402	trehalose_TreZ	 - 	cl38930	No
Q#797 - WP_099202540.1	specific	441132	1	706	0.0	1271.93	COG1523	PulA	 - 	cl34294	No
Q#798 - WP_420707372.1	specific	235445	22	745	0.0	1274.72	PRK05402	PRK05402	 - 	cl38930	No
Q#799 - WP_010988791.1	specific	274140	22	568	0.0	1049.34	TIGR02456	treS_nterm	 - 	cl37116	No
Q#800 - WP_062751671.1	specific	441132	1	705	0.0	1286.56	COG1523	PulA	 - 	cl34294	No
Q#801 - WP_217213075.1	specific	441132	13	706	0.0	1315.84	COG1523	PulA	 - 	cl34294	No
Q#802 - WP_062021837.1	specific	274114	2	544	0.0	809.258	TIGR02402	trehalose_TreZ	 - 	cl38930	No
Q#803 - WP_053846382.1	specific	200482	236	588	0.0	713.223	cd11344	AmyAc_GlgE_like	 - 	cl38930	No
Q#803 - WP_053846382.1	specific	463388	44	231	8.136600000000001e-77	244.381	pfam11896	GlgE_dom_N_S	 - 	cl13354	No
Q#803 - WP_053846382.1	superfamily	445893	595	667	0.000916203	38.2973	cl02706	Malt_amylase_C superfamily	 - 	 - 	No
Q#804 - WP_184971672.1	specific	274114	2	544	0.0	809.643	TIGR02402	trehalose_TreZ	 - 	cl38930	No
Q#805 - WP_074992122.1	specific	200471	24	479	0.0	799.179	cd11332	AmyAc_OligoGlu_TS	 - 	cl38930	No
Q#806 - WP_217241917.1	specific	200485	2	389	0.0	611.165	cd11347	AmyAc_1	 - 	cl38930	No
Q#807 - WP_094218856.1	specific	235445	17	729	0.0	1282.04	PRK05402	PRK05402	 - 	cl38930	No
Q#808 - WP_189883701.1	specific	200471	6	475	0.0	728.687	cd11332	AmyAc_OligoGlu_TS	 - 	cl38930	No
Q#809 - WP_078600451.1	specific	235445	187	915	0.0	1267.41	PRK05402	PRK05402	 - 	cl38930	No
Q#810 - WP_030018231.1	specific	200482	195	556	0.0	669.31	cd11344	AmyAc_GlgE_like	 - 	cl38930	No
Q#810 - WP_030018231.1	specific	463388	3	190	5.77208e-83	259.403	pfam11896	GlgE_dom_N_S	 - 	cl13354	No
Q#810 - WP_030018231.1	superfamily	440065	527	598	0.00109347	42.0472	cl43092	GlgB superfamily	N	 - 	No
Q#811 - WP_062031068.1	specific	441132	1	690	0.0	1316.61	COG1523	PulA	 - 	cl34294	No
Q#812 - WP_184761673.1	specific	200471	15	497	0.0	714.435	cd11332	AmyAc_OligoGlu_TS	 - 	cl38930	No
Q#812 - WP_184761673.1	superfamily	445893	478	555	0.00237647	37.3043	cl02706	Malt_amylase_C superfamily	 - 	 - 	No
Q#813 - WP_130336041.1	specific	274140	22	561	0.0	1025.07	TIGR02456	treS_nterm	 - 	cl37116	No
Q#814 - WP_181798578.1	specific	274114	2	455	0.0	727.981	TIGR02402	trehalose_TreZ	 - 	cl38930	No
Q#815 - WP_062751672.1	superfamily	274113	17	784	0.0	805.471	cl30297	trehalose_TreY superfamily	 - 	 - 	No
Q#816 - WP_229875734.1	specific	441132	23	704	0.0	988.033	COG1523	PulA	 - 	cl34294	No
Q#817 - WP_123990505.1	specific	200471	20	501	0.0	770.674	cd11332	AmyAc_OligoGlu_TS	 - 	cl38930	No
Q#818 - WP_031048799.1	superfamily	274140	1	172	1.14782e-112	330.558	cl37116	treS_nterm superfamily	C	 - 	No
Q#819 - WP_037773523.1	specific	200471	19	485	0.0	789.164	cd11332	AmyAc_OligoGlu_TS	 - 	cl38930	No
Q#819 - WP_037773523.1	specific	432205	467	547	0.000452605	39.6155	pfam11941	DUF3459	 - 	cl02706	No
Q#820 - WP_212673387.1	specific	441132	1	690	0.0	1320.08	COG1523	PulA	 - 	cl34294	No
Q#821 - WP_023537870.1	superfamily	442511	1	780	0.0	897.248	cl30295	TreY superfamily	 - 	 - 	No
Q#822 - WP_242647158.1	specific	235445	15	731	0.0	1206.93	PRK05402	PRK05402	 - 	cl38930	No
Q#823 - WP_072486789.1	specific	200482	195	573	0.0	668.54	cd11344	AmyAc_GlgE_like	 - 	cl38930	No
Q#823 - WP_072486789.1	specific	463388	3	190	2.91156e-75	239.758	pfam11896	GlgE_dom_N_S	 - 	cl13354	No
Q#823 - WP_072486789.1	superfamily	445893	580	657	0.00716518	35.9861	cl02706	Malt_amylase_C superfamily	 - 	 - 	No
Q#824 - WP_042153332.1	specific	200471	36	515	0.0	738.317	cd11332	AmyAc_OligoGlu_TS	 - 	cl38930	No
Q#825 - WP_372498392.1	specific	235445	157	879	0.0	1248.53	PRK05402	PRK05402	 - 	cl38930	No
Q#825 - WP_372498392.1	superfamily	236090	8	161	3.50778e-05	47.6733	cl35613	PRK07764 superfamily	N	 - 	No
Q#826 - WP_010060656.1	specific	200471	10	468	0.0	692.093	cd11332	AmyAc_OligoGlu_TS	 - 	cl38930	No
Q#826 - WP_010060656.1	superfamily	445893	454	531	0.00100557	38.4599	cl02706	Malt_amylase_C superfamily	 - 	 - 	No
Q#827 - WP_067439967.1	specific	200482	234	590	0.0	702.438	cd11344	AmyAc_GlgE_like	 - 	cl38930	No
Q#827 - WP_067439967.1	specific	463388	42	229	2.30543e-84	264.026	pfam11896	GlgE_dom_N_S	 - 	cl13354	No
Q#827 - WP_067439967.1	superfamily	445893	597	674	0.000671479	38.6825	cl02706	Malt_amylase_C superfamily	 - 	 - 	No
Q#828 - WP_093479808.1	specific	274140	23	561	0.0	1025.84	TIGR02456	treS_nterm	 - 	cl37116	No
Q#829 - WP_115745669.1	specific	274140	23	561	0.0	1023.92	TIGR02456	treS_nterm	 - 	cl37116	No
Q#830 - WP_043444010.1	specific	441132	43	756	0.0	1152.9	COG1523	PulA	 - 	cl34294	No
Q#831 - WP_064455461.1	specific	200471	21	489	0.0	802.646	cd11332	AmyAc_OligoGlu_TS	 - 	cl38930	No
Q#831 - WP_064455461.1	superfamily	445893	471	551	0.00280639	37.3043	cl02706	Malt_amylase_C superfamily	 - 	 - 	No
Q#832 - WP_031051819.1	superfamily	274113	11	780	0.0	902.541	cl30297	trehalose_TreY superfamily	 - 	 - 	No
Q#833 - WP_099967919.1	superfamily	274113	6	773	0.0	892.911	cl30297	trehalose_TreY superfamily	 - 	 - 	No
Q#834 - WP_026151309.1	specific	274114	2	545	0.0	817.732	TIGR02402	trehalose_TreZ	 - 	cl38930	No
Q#835 - WP_234467554.1	specific	200482	199	559	0.0	632.331	cd11344	AmyAc_GlgE_like	 - 	cl38930	No
Q#835 - WP_234467554.1	specific	463388	6	193	6.552230000000001e-69	222.424	pfam11896	GlgE_dom_N_S	 - 	cl13354	No
Q#836 - WP_189543981.1	specific	441132	1	719	0.0	1255.36	COG1523	PulA	 - 	cl34294	No
Q#837 - WP_164425505.1	specific	200485	2	389	0.0	591.905	cd11347	AmyAc_1	 - 	cl38930	No
Q#838 - WP_043437727.1	specific	274140	22	562	0.0	1019.68	TIGR02456	treS_nterm	 - 	cl37116	No
Q#839 - WP_216718189.1	specific	235445	189	912	0.0	1290.52	PRK05402	PRK05402	 - 	cl38930	No
Q#839 - WP_216718189.1	superfamily	223021	3	179	3.60445e-06	51.0925	cl33720	PHA03247 superfamily	N	 - 	No
Q#840 - WP_086716685.1	specific	200482	195	556	0.0	666.614	cd11344	AmyAc_GlgE_like	 - 	cl38930	No
Q#840 - WP_086716685.1	specific	463388	3	190	2.19417e-81	255.166	pfam11896	GlgE_dom_N_S	 - 	cl13354	No
Q#840 - WP_086716685.1	superfamily	440065	527	598	0.00247055	40.8916	cl43092	GlgB superfamily	N	 - 	No
Q#841 - WP_133888305.1	specific	200471	23	495	0.0	818.824	cd11332	AmyAc_OligoGlu_TS	 - 	cl38930	No
Q#841 - WP_133888305.1	specific	432205	477	557	6.06399e-05	41.9267	pfam11941	DUF3459	 - 	cl02706	No
Q#842 - WP_078987437.1	specific	200471	21	496	0.0	725.991	cd11332	AmyAc_OligoGlu_TS	 - 	cl38930	No
Q#842 - WP_078987437.1	specific	432205	477	543	0.000407253	39.6155	pfam11941	DUF3459	 - 	cl02706	No
Q#843 - WP_171159021.1	specific	235445	22	733	0.0	1271.64	PRK05402	PRK05402	 - 	cl38930	No
Q#844 - WP_145866509.1	superfamily	274113	11	805	0.0	924.883	cl30297	trehalose_TreY superfamily	 - 	 - 	No
Q#845 - WP_203854902.1	specific	274140	22	561	0.0	1025.84	TIGR02456	treS_nterm	 - 	cl37116	No
Q#846 - WP_118082981.1	specific	235445	23	732	0.0	1266.25	PRK05402	PRK05402	 - 	cl38930	No
Q#847 - WP_026151307.1	superfamily	274113	11	779	0.0	864.021	cl30297	trehalose_TreY superfamily	 - 	 - 	No
Q#848 - WP_055573321.1	specific	200471	27	500	0.0	824.987	cd11332	AmyAc_OligoGlu_TS	 - 	cl38930	No
Q#848 - WP_055573321.1	specific	432205	481	561	0.000251828	40.0007	pfam11941	DUF3459	 - 	cl02706	No
Q#849 - WP_074993968.1	specific	441132	1	700	0.0	1297.73	COG1523	PulA	 - 	cl34294	No
Q#850 - WP_018386039.1	specific	274140	22	562	0.0	1020.07	TIGR02456	treS_nterm	 - 	cl37116	No
Q#851 - WP_106413293.1	specific	200471	29	510	0.0	794.556	cd11332	AmyAc_OligoGlu_TS	 - 	cl38930	No
Q#851 - WP_106413293.1	specific	432205	491	565	0.000108285	41.1563	pfam11941	DUF3459	 - 	cl02706	No
Q#852 - WP_098026826.1	specific	274114	2	544	0.0	786.146	TIGR02402	trehalose_TreZ	 - 	cl38930	No
Q#853 - WP_086719853.1	specific	200471	14	493	0.0	681.693	cd11332	AmyAc_OligoGlu_TS	 - 	cl38930	No
Q#853 - WP_086719853.1	specific	432205	474	551	0.000203979	40.3859	pfam11941	DUF3459	 - 	cl02706	No
Q#854 - WP_241671769.1	specific	441132	60	798	0.0	1139.8	COG1523	PulA	 - 	cl34294	No
Q#855 - WP_045297629.1	superfamily	274140	1	172	5.03139e-113	331.328	cl37116	treS_nterm superfamily	C	 - 	No
Q#856 - WP_125054167.1	specific	235445	9	731	0.0	1238.13	PRK05402	PRK05402	 - 	cl38930	No
Q#857 - WP_150474601.1	specific	200471	30	511	0.0	780.689	cd11332	AmyAc_OligoGlu_TS	 - 	cl38930	No
Q#857 - WP_150474601.1	specific	432205	492	567	8.31822e-06	44.2379	pfam11941	DUF3459	 - 	cl02706	No
Q#858 - WP_044385092.1	superfamily	274113	27	792	0.0	890.985	cl30297	trehalose_TreY superfamily	 - 	 - 	No
Q#859 - WP_093764377.1	specific	200471	29	507	0.0	789.549	cd11332	AmyAc_OligoGlu_TS	 - 	cl38930	No
Q#859 - WP_093764377.1	superfamily	445893	491	565	0.00288299	37.3043	cl02706	Malt_amylase_C superfamily	 - 	 - 	No
Q#860 - WP_055628011.1	specific	200471	24	497	0.0	799.564	cd11332	AmyAc_OligoGlu_TS	 - 	cl38930	No
Q#860 - WP_055628011.1	specific	432205	478	558	4.44504e-05	42.3119	pfam11941	DUF3459	 - 	cl02706	No
Q#861 - WP_184761476.1	specific	441132	1	710	0.0	1302.74	COG1523	PulA	 - 	cl34294	No
Q#862 - WP_125207630.1	specific	274114	2	544	0.0	812.339	TIGR02402	trehalose_TreZ	 - 	cl38930	No
Q#863 - WP_030813729.1	specific	200471	17	469	0.0	795.712	cd11332	AmyAc_OligoGlu_TS	 - 	cl38930	No
Q#863 - WP_030813729.1	specific	432205	450	538	1.61843e-07	49.2455	pfam11941	DUF3459	 - 	cl02706	No
Q#864 - WP_217213367.1	superfamily	274113	11	780	0.0	909.475	cl30297	trehalose_TreY superfamily	 - 	 - 	No
Q#865 - WP_189547149.1	specific	200482	195	573	0.0	668.54	cd11344	AmyAc_GlgE_like	 - 	cl38930	No
Q#865 - WP_189547149.1	specific	463388	3	190	1.7953900000000002e-77	245.536	pfam11896	GlgE_dom_N_S	 - 	cl13354	No
Q#865 - WP_189547149.1	superfamily	445893	580	657	0.0015632	37.5269	cl02706	Malt_amylase_C superfamily	 - 	 - 	No
Q#866 - WP_190142087.1	specific	274140	23	568	0.0	1024.69	TIGR02456	treS_nterm	 - 	cl37116	No
Q#867 - WP_217209797.1	specific	274140	23	561	0.0	1030.85	TIGR02456	treS_nterm	 - 	cl37116	No
Q#868 - WP_095534294.1	specific	235445	107	828	0.0	1245.83	PRK05402	PRK05402	 - 	cl38930	No
Q#869 - WP_184989785.1	specific	441132	1	708	0.0	1272.31	COG1523	PulA	 - 	cl34294	No
Q#870 - WP_030669631.1	specific	200471	19	491	0.0	722.139	cd11332	AmyAc_OligoGlu_TS	 - 	cl38930	No
Q#870 - WP_030669631.1	specific	432205	475	552	6.53663e-07	47.3195	pfam11941	DUF3459	 - 	cl02706	No
Q#871 - WP_015663024.1	specific	274140	23	561	0.0	1026.61	TIGR02456	treS_nterm	 - 	cl37116	No
Q#872 - WP_161366018.1	specific	441132	46	747	0.0	1149.43	COG1523	PulA	 - 	cl34294	No
Q#873 - WP_010983599.1	specific	274114	2	544	0.0	817.347	TIGR02402	trehalose_TreZ	 - 	cl38930	No
Q#874 - WP_189731232.1	specific	235445	205	928	0.0	1285.51	PRK05402	PRK05402	 - 	cl38930	No
Q#875 - WP_208786023.1	specific	200478	19	485	2.19559e-152	444.389	cd11339	AmyAc_bac_CMD_like_2	 - 	cl38930	No
Q#875 - WP_208786023.1	specific	214749	494	572	0.000130914	41.0693	smart00632	Aamy_C	 - 	cl02706	No
Q#876 - WP_150517332.1	specific	441132	1	702	0.0	1257.67	COG1523	PulA	 - 	cl34294	No
Q#877 - WP_125194243.1	specific	200471	31	512	0.0	763.355	cd11332	AmyAc_OligoGlu_TS	 - 	cl38930	No
Q#877 - WP_125194243.1	superfamily	445893	493	567	0.000957871	38.4599	cl02706	Malt_amylase_C superfamily	 - 	 - 	No
Q#878 - WP_093544112.1	specific	235445	82	792	0.0	1223.88	PRK05402	PRK05402	 - 	cl38930	No
Q#878 - WP_093544112.1	superfamily	289042	4	75	0.000500684	42.4301	cl13647	MSA-2c superfamily	N	 - 	No
Q#879 - WP_150490101.1	specific	200471	23	495	0.0	811.12	cd11332	AmyAc_OligoGlu_TS	 - 	cl38930	No
Q#879 - WP_150490101.1	specific	432205	476	556	1.56976e-05	43.4675	pfam11941	DUF3459	 - 	cl02706	No
Q#880 - WP_115744291.1	specific	274140	23	562	0.0	1031.24	TIGR02456	treS_nterm	 - 	cl37116	No
Q#881 - WP_030044981.1	specific	441132	33	742	0.0	1162.91	COG1523	PulA	 - 	cl34294	No
Q#882 - WP_234319378.1	specific	441132	23	704	0.0	987.263	COG1523	PulA	 - 	cl34294	No
Q#883 - WP_053849460.1	specific	200473	10	460	0.0	715.88	cd11334	AmyAc_TreS	 - 	cl38930	No
Q#883 - WP_053849460.1	specific	435493	470	550	7.71557e-11	57.9425	pfam16657	Malt_amylase_C	 - 	cl02706	No
Q#884 - WP_055554594.1	specific	200485	8	398	0.0	555.696	cd11347	AmyAc_1	 - 	cl38930	No
Q#885 - WP_007385490.1	specific	274114	2	544	0.0	837.377	TIGR02402	trehalose_TreZ	 - 	cl38930	No
Q#886 - WP_150487568.1	specific	441132	2	703	0.0	1149.43	COG1523	PulA	 - 	cl34294	No
Q#887 - WP_086559306.1	specific	274140	22	568	0.0	1029.7	TIGR02456	treS_nterm	 - 	cl37116	No
Q#888 - WP_053192748.1	superfamily	274113	11	780	0.0	899.46	cl30297	trehalose_TreY superfamily	 - 	 - 	No
Q#889 - WP_208684735.1	specific	200471	23	481	0.0	752.57	cd11332	AmyAc_OligoGlu_TS	 - 	cl38930	No
Q#889 - WP_208684735.1	specific	432205	462	541	0.000538473	39.2303	pfam11941	DUF3459	 - 	cl02706	No
Q#890 - WP_086866212.1	specific	200471	10	467	0.0	677.456	cd11332	AmyAc_OligoGlu_TS	 - 	cl38930	No
Q#890 - WP_086866212.1	specific	432205	457	531	0.000654279	38.8451	pfam11941	DUF3459	 - 	cl02706	No
Q#891 - WP_159682940.1	specific	200471	12	472	0.0	713.664	cd11332	AmyAc_OligoGlu_TS	 - 	cl38930	No
Q#891 - WP_159682940.1	specific	432205	455	534	5.81905e-08	50.4011	pfam11941	DUF3459	 - 	cl02706	No
Q#892 - WP_093542197.1	specific	274114	3	551	0.0	762.263	TIGR02402	trehalose_TreZ	 - 	cl38930	No
Q#893 - WP_107455377.1	specific	274140	22	562	0.0	1042.02	TIGR02456	treS_nterm	 - 	cl37116	No
Q#894 - WP_020114038.1	specific	200482	245	601	0.0	685.489	cd11344	AmyAc_GlgE_like	 - 	cl38930	No
Q#894 - WP_020114038.1	specific	463388	52	240	2.88583e-73	235.136	pfam11896	GlgE_dom_N_S	 - 	cl13354	No
Q#894 - WP_020114038.1	superfamily	236759	572	659	9.54194e-05	45.7684	cl35948	PRK10785 superfamily	N	 - 	No
Q#895 - WP_030412438.1	specific	200482	195	556	0.0	674.318	cd11344	AmyAc_GlgE_like	 - 	cl38930	No
Q#895 - WP_030412438.1	specific	463388	3	190	3.0521500000000004e-76	242.069	pfam11896	GlgE_dom_N_S	 - 	cl13354	No
Q#895 - WP_030412438.1	superfamily	440065	527	598	0.0062925	39.736	cl43092	GlgB superfamily	N	 - 	No
Q#896 - WP_191869492.1	specific	200471	21	496	0.0	724.835	cd11332	AmyAc_OligoGlu_TS	 - 	cl38930	No
Q#896 - WP_191869492.1	specific	432205	477	553	1.58676e-07	49.2455	pfam11941	DUF3459	 - 	cl02706	No
Q#897 - WP_210960399.1	specific	235445	124	847	0.0	1300.15	PRK05402	PRK05402	 - 	cl38930	No
Q#897 - WP_210960399.1	superfamily	369339	13	99	6.99526e-10	59.407	cl22465	HC2 superfamily	C	 - 	No
Q#898 - WP_031047474.1	specific	441132	12	707	0.0	1308.52	COG1523	PulA	 - 	cl34294	No
Q#899 - WP_072486006.1	superfamily	442511	1	789	0.0	899.174	cl30295	TreY superfamily	 - 	 - 	No
Q#900 - WP_030870031.1	specific	441132	42	751	0.0	1147.89	COG1523	PulA	 - 	cl34294	No
Q#901 - WP_373314892.1	specific	235445	138	861	0.0	1285.9	PRK05402	PRK05402	 - 	cl38930	No
Q#901 - WP_373314892.1	superfamily	369339	14	84	0.00365622	39.3767	cl22465	HC2 superfamily	C	 - 	No
Q#902 - WP_042148920.1	specific	200482	195	556	0.0	676.629	cd11344	AmyAc_GlgE_like	 - 	cl38930	No
Q#902 - WP_042148920.1	specific	463388	3	190	5.84577e-77	243.61	pfam11896	GlgE_dom_N_S	 - 	cl13354	No
Q#902 - WP_042148920.1	superfamily	440065	530	598	0.000795991	42.4324	cl43092	GlgB superfamily	N	 - 	No
Q#903 - WP_167409515.1	specific	200482	241	597	0.0	705.134	cd11344	AmyAc_GlgE_like	 - 	cl38930	No
Q#903 - WP_167409515.1	specific	463388	49	236	1.19836e-77	246.307	pfam11896	GlgE_dom_N_S	 - 	cl13354	No
Q#903 - WP_167409515.1	superfamily	445893	604	681	0.00122277	37.9121	cl02706	Malt_amylase_C superfamily	 - 	 - 	No
Q#904 - WP_185944006.1	specific	274114	3	543	0.0	736.84	TIGR02402	trehalose_TreZ	 - 	cl38930	No
Q#905 - WP_136229578.1	specific	200475	22	662	0.0	760.877	cd11336	AmyAc_MTSase	 - 	cl38930	No
Q#906 - WP_159776408.1	specific	235445	415	1139	0.0	1287.82	PRK05402	PRK05402	 - 	cl38930	No
Q#906 - WP_159776408.1	superfamily	369339	2	151	5.03553e-07	51.3179	cl22465	HC2 superfamily	C	 - 	No
Q#906 - WP_159776408.1	superfamily	235826	331	373	8.93089e-06	46.3435	cl35488	PRK06549 superfamily	C	 - 	No
Q#906 - WP_159776408.1	superfamily	481241	321	414	0.00247089	42.1703	cl46901	PRK12323 superfamily	NC	 - 	No
Q#907 - WP_150257180.1	specific	200471	23	559	0.0	706.731	cd11332	AmyAc_OligoGlu_TS	 - 	cl38930	No
Q#907 - WP_150257180.1	superfamily	235906	406	640	7.42186e-07	52.5444	cl35530	PRK07003 superfamily	NC	 - 	No
Q#908 - WP_145869964.1	specific	200471	5	479	0.0	746.021	cd11332	AmyAc_OligoGlu_TS	 - 	cl38930	No
Q#908 - WP_145869964.1	specific	432205	460	536	8.85592e-06	44.2379	pfam11941	DUF3459	 - 	cl02706	No
Q#909 - WP_184820777.1	superfamily	274113	11	802	0.0	918.334	cl30297	trehalose_TreY superfamily	 - 	 - 	No
Q#910 - WP_037640706.1	specific	200471	29	510	0.0	787.238	cd11332	AmyAc_OligoGlu_TS	 - 	cl38930	No
Q#910 - WP_037640706.1	specific	432205	491	565	0.000117084	41.1563	pfam11941	DUF3459	 - 	cl02706	No
Q#911 - WP_212671552.1	specific	274140	23	561	0.0	1023.15	TIGR02456	treS_nterm	 - 	cl37116	No
Q#912 - WP_055626438.1	specific	274114	2	543	0.0	819.273	TIGR02402	trehalose_TreZ	 - 	cl38930	No
Q#913 - WP_146192732.1	specific	200482	38	382	0.0	687.03	cd11344	AmyAc_GlgE_like	 - 	cl38930	No
Q#913 - WP_146192732.1	superfamily	463388	1	33	4.1964e-09	55.6328	cl13354	GlgE_dom_N_S superfamily	N	 - 	No
Q#914 - WP_200711626.1	specific	200471	21	488	0.0	795.327	cd11332	AmyAc_OligoGlu_TS	 - 	cl38930	No
Q#914 - WP_200711626.1	specific	432205	470	550	1.92785e-06	46.1639	pfam11941	DUF3459	 - 	cl02706	No
Q#915 - WP_184821167.1	specific	441132	11	706	0.0	1325.08	COG1523	PulA	 - 	cl34294	No
Q#916 - WP_030218676.1	specific	200482	195	555	0.0	674.318	cd11344	AmyAc_GlgE_like	 - 	cl38930	No
Q#916 - WP_030218676.1	specific	463388	2	190	6.770290000000001e-76	240.914	pfam11896	GlgE_dom_N_S	 - 	cl13354	No
Q#916 - WP_030218676.1	superfamily	445893	563	639	0.000117338	40.9937	cl02706	Malt_amylase_C superfamily	 - 	 - 	No
Q#917 - WP_209496889.1	specific	441132	21	730	0.0	1160.6	COG1523	PulA	 - 	cl34294	No
Q#918 - WP_073894337.1	specific	235445	26	734	0.0	1233.51	PRK05402	PRK05402	 - 	cl38930	No
Q#919 - WP_208031606.1	specific	200471	5	472	0.0	726.761	cd11332	AmyAc_OligoGlu_TS	 - 	cl38930	No
Q#919 - WP_208031606.1	specific	432205	455	531	0.000139019	40.7711	pfam11941	DUF3459	 - 	cl02706	No
Q#920 - WP_020868326.1	specific	274140	23	568	0.0	1024.69	TIGR02456	treS_nterm	 - 	cl37116	No
Q#921 - WP_033217773.1	specific	274114	2	546	0.0	726.825	TIGR02402	trehalose_TreZ	 - 	cl38930	No
Q#922 - WP_093692871.1	specific	441132	64	772	0.0	1158.29	COG1523	PulA	 - 	cl34294	No
Q#923 - WP_059083590.1	specific	274114	2	544	0.0	807.717	TIGR02402	trehalose_TreZ	 - 	cl38930	No
Q#924 - WP_147874692.1	specific	200472	13	476	0.0	778.56	cd11333	AmyAc_SI_OligoGlu_DGase	 - 	cl38930	No
Q#924 - WP_147874692.1	superfamily	445893	483	561	1.64209e-05	42.9197	cl02706	Malt_amylase_C superfamily	 - 	 - 	No
Q#925 - WP_126897740.1	specific	200471	6	480	0.0	731.384	cd11332	AmyAc_OligoGlu_TS	 - 	cl38930	No
Q#925 - WP_126897740.1	specific	432205	461	537	2.78137e-05	42.6971	pfam11941	DUF3459	 - 	cl02706	No
Q#926 - WP_142171486.1	specific	200471	5	478	0.0	741.784	cd11332	AmyAc_OligoGlu_TS	 - 	cl38930	No
Q#926 - WP_142171486.1	specific	432205	459	535	0.000239807	40.0007	pfam11941	DUF3459	 - 	cl02706	No
Q#927 - WP_030772098.1	specific	200471	19	468	0.0	752.184	cd11332	AmyAc_OligoGlu_TS	 - 	cl38930	No
Q#927 - WP_030772098.1	specific	432205	450	527	2.10058e-07	48.8603	pfam11941	DUF3459	 - 	cl02706	No
Q#928 - WP_062924895.1	specific	274140	23	561	0.0	1012.75	TIGR02456	treS_nterm	 - 	cl37116	No
Q#929 - WP_126269983.1	specific	200482	200	553	0.0	717.46	cd11344	AmyAc_GlgE_like	 - 	cl38930	No
Q#929 - WP_126269983.1	specific	463388	8	195	1.78592e-74	237.062	pfam11896	GlgE_dom_N_S	 - 	cl13354	No
Q#929 - WP_126269983.1	superfamily	445893	561	602	0.00224778	37.1417	cl02706	Malt_amylase_C superfamily	C	 - 	No
Q#930 - WP_030039228.1	specific	200471	22	489	0.0	793.786	cd11332	AmyAc_OligoGlu_TS	 - 	cl38930	No
Q#930 - WP_030039228.1	specific	432205	471	551	2.39363e-05	43.0823	pfam11941	DUF3459	 - 	cl02706	No
Q#931 - WP_016827567.1	specific	200482	200	556	0.0	690.882	cd11344	AmyAc_GlgE_like	 - 	cl38930	No
Q#931 - WP_016827567.1	specific	463388	8	195	1.6037299999999998e-79	250.544	pfam11896	GlgE_dom_N_S	 - 	cl13354	No
Q#931 - WP_016827567.1	superfamily	445893	564	640	5.12642e-06	44.8457	cl02706	Malt_amylase_C superfamily	 - 	 - 	No
Q#932 - WP_067427848.1	specific	200485	2	389	0.0	621.951	cd11347	AmyAc_1	 - 	cl38930	No
Q#933 - WP_141203223.1	specific	235445	23	733	0.0	1260.47	PRK05402	PRK05402	 - 	cl38930	No
Q#934 - WP_125502594.1	specific	200471	12	459	0.0	678.611	cd11332	AmyAc_OligoGlu_TS	 - 	cl38930	No
Q#934 - WP_125502594.1	superfamily	445893	451	526	0.0025673	37.3043	cl02706	Malt_amylase_C superfamily	 - 	 - 	No
Q#935 - WP_240661226.1	specific	200471	29	510	0.0	799.179	cd11332	AmyAc_OligoGlu_TS	 - 	cl38930	No
Q#935 - WP_240661226.1	specific	432205	491	565	0.000526892	39.2303	pfam11941	DUF3459	 - 	cl02706	No
Q#936 - WP_107118396.1	specific	441132	11	701	0.0	1285.79	COG1523	PulA	 - 	cl34294	No
Q#937 - WP_190097821.1	superfamily	274113	11	779	0.0	888.674	cl30297	trehalose_TreY superfamily	 - 	 - 	No
Q#938 - WP_227745345.1	specific	200471	11	484	0.0	739.858	cd11332	AmyAc_OligoGlu_TS	 - 	cl38930	No
Q#938 - WP_227745345.1	specific	432205	465	541	2.34268e-05	43.0823	pfam11941	DUF3459	 - 	cl02706	No
Q#939 - WP_039648490.1	specific	441132	1	700	0.0	1296.58	COG1523	PulA	 - 	cl34294	No
Q#940 - WP_073757670.1	specific	200482	195	556	0.0	672.777	cd11344	AmyAc_GlgE_like	 - 	cl38930	No
Q#940 - WP_073757670.1	specific	463388	3	190	2.77464e-76	242.069	pfam11896	GlgE_dom_N_S	 - 	cl13354	No
Q#940 - WP_073757670.1	superfamily	440065	544	598	0.0018614	41.2768	cl43092	GlgB superfamily	N	 - 	No
Q#941 - WP_189721547.1	specific	441132	1	714	0.0	1271.93	COG1523	PulA	 - 	cl34294	No
Q#942 - WP_043376232.1	specific	441132	12	707	0.0	1325.47	COG1523	PulA	 - 	cl34294	No
Q#943 - WP_179232306.1	specific	235445	78	801	0.0	1280.89	PRK05402	PRK05402	 - 	cl38930	No
Q#944 - WP_086558892.1	specific	235445	23	732	0.0	1258.16	PRK05402	PRK05402	 - 	cl38930	No
Q#945 - WP_133896843.1	specific	200482	195	557	0.0	678.555	cd11344	AmyAc_GlgE_like	 - 	cl38930	No
Q#945 - WP_133896843.1	specific	463388	3	190	1.38571e-73	234.751	pfam11896	GlgE_dom_N_S	 - 	cl13354	No
Q#945 - WP_133896843.1	superfamily	440065	528	595	0.00131292	42.0472	cl43092	GlgB superfamily	N	 - 	No
Q#946 - WP_055556083.1	specific	441132	43	761	0.0	1203.74	COG1523	PulA	 - 	cl34294	No
Q#947 - WP_059083145.1	superfamily	476817	15	449	0.0	682.881	cl38930	AmyAc_family superfamily	 - 	 - 	No
Q#948 - WP_159773223.1	specific	200482	248	604	0.0	687.8	cd11344	AmyAc_GlgE_like	 - 	cl38930	No
Q#948 - WP_159773223.1	specific	463388	55	243	4.5315199999999996e-80	252.855	pfam11896	GlgE_dom_N_S	 - 	cl13354	No
Q#949 - WP_150474254.1	specific	200471	15	478	0.0	700.183	cd11332	AmyAc_OligoGlu_TS	 - 	cl38930	No
Q#949 - WP_150474254.1	specific	432205	459	536	3.22668e-06	45.3935	pfam11941	DUF3459	 - 	cl02706	No
Q#950 - WP_052856654.1	superfamily	442511	9	819	0.0	894.551	cl30295	TreY superfamily	 - 	 - 	No
Q#951 - WP_129770210.1	specific	200471	18	492	0.0	744.095	cd11332	AmyAc_OligoGlu_TS	 - 	cl38930	No
Q#951 - WP_129770210.1	specific	432205	473	549	0.000400191	39.6155	pfam11941	DUF3459	 - 	cl02706	No
Q#952 - WP_042164197.1	specific	441132	1	720	0.0	1264.22	COG1523	PulA	 - 	cl34294	No
Q#953 - WP_202199658.1	specific	235445	55	770	0.0	1277.42	PRK05402	PRK05402	 - 	cl38930	No
Q#954 - WP_181792792.1	specific	200482	196	554	0.0	644.658	cd11344	AmyAc_GlgE_like	 - 	cl38930	No
Q#954 - WP_181792792.1	specific	463388	3	190	2.04857e-62	205.09	pfam11896	GlgE_dom_N_S	 - 	cl13354	No
Q#955 - WP_217239286.1	specific	274140	22	562	0.0	1035.47	TIGR02456	treS_nterm	 - 	cl37116	No
Q#956 - WP_078843700.1	specific	441132	31	752	0.0	1231.48	COG1523	PulA	 - 	cl34294	No
Q#957 - WP_245691611.1	specific	441132	23	704	0.0	1019.62	COG1523	PulA	 - 	cl34294	No
Q#958 - WP_030260513.1	specific	274114	4	542	0.0	778.827	TIGR02402	trehalose_TreZ	 - 	cl38930	No
Q#959 - WP_044370979.1	specific	274140	23	568	0.0	1027.0	TIGR02456	treS_nterm	 - 	cl37116	No
Q#960 - WP_115505736.1	specific	200471	10	467	0.0	695.56	cd11332	AmyAc_OligoGlu_TS	 - 	cl38930	No
Q#960 - WP_115505736.1	superfamily	445893	457	531	0.00267074	37.3043	cl02706	Malt_amylase_C superfamily	 - 	 - 	No
Q#961 - WP_185010770.1	specific	274114	2	544	0.0	825.821	TIGR02402	trehalose_TreZ	 - 	cl38930	No
Q#962 - WP_073889678.1(Warning: this sequence record may be obsolete or preliminary)	specific	235445	90	813	0.0	1288.98	PRK05402	PRK05402	 - 	cl38930	No
Q#963 - WP_150263636.1	specific	200471	11	476	0.0	725.22	cd11332	AmyAc_OligoGlu_TS	 - 	cl38930	No
Q#963 - WP_150263636.1	specific	432205	457	534	2.52701e-05	43.0823	pfam11941	DUF3459	 - 	cl02706	No
Q#964 - WP_159529525.1	specific	274140	22	561	0.0	1028.15	TIGR02456	treS_nterm	 - 	cl37116	No
Q#965 - WP_073721643.1	specific	200471	5	479	0.0	744.48	cd11332	AmyAc_OligoGlu_TS	 - 	cl38930	No
Q#965 - WP_073721643.1	specific	432205	460	537	0.000172736	40.7711	pfam11941	DUF3459	 - 	cl02706	No
Q#966 - WP_043266761.1	specific	441132	1	741	0.0	1268.07	COG1523	PulA	 - 	cl34294	No
Q#967 - WP_234306485.1	superfamily	274113	11	781	0.0	899.46	cl30297	trehalose_TreY superfamily	 - 	 - 	No
Q#968 - WP_164421379.1	specific	274140	23	561	0.0	1020.45	TIGR02456	treS_nterm	 - 	cl37116	No
Q#969 - WP_268983311.1	superfamily	274140	1	210	1.7959999999999998e-141	405.672	cl37116	treS_nterm superfamily	C	 - 	No
Q#970 - WP_014175657.1	specific	274114	3	555	0.0	761.878	TIGR02402	trehalose_TreZ	 - 	cl38930	No
Q#970 - WP_014175657.1	specific	432205	511	601	5.91758e-06	45.0083	pfam11941	DUF3459	 - 	cl02706	No
Q#971 - WP_185013762.1	specific	274140	22	567	0.0	1011.59	TIGR02456	treS_nterm	 - 	cl37116	No
Q#972 - WP_033298461.1	specific	200482	195	595	0.0	666.229	cd11344	AmyAc_GlgE_like	 - 	cl38930	No
Q#972 - WP_033298461.1	specific	463388	3	190	1.04969e-77	246.692	pfam11896	GlgE_dom_N_S	 - 	cl13354	No
Q#972 - WP_033298461.1	superfamily	445893	602	679	0.00632959	35.9861	cl02706	Malt_amylase_C superfamily	 - 	 - 	No
Q#973 - WP_420719324.1	specific	200471	38	512	0.0	725.22	cd11332	AmyAc_OligoGlu_TS	 - 	cl38930	No
Q#974 - WP_126394107.1	specific	200471	7	471	0.0	771.059	cd11332	AmyAc_OligoGlu_TS	 - 	cl38930	No
Q#974 - WP_126394107.1	superfamily	445893	481	546	0.00108804	38.4599	cl02706	Malt_amylase_C superfamily	 - 	 - 	No
Q#975 - WP_023537873.1	specific	274114	2	546	0.0	798.857	TIGR02402	trehalose_TreZ	 - 	cl38930	No
Q#976 - WP_014044294.1	specific	200471	12	473	0.0	710.583	cd11332	AmyAc_OligoGlu_TS	 - 	cl38930	No
Q#976 - WP_014044294.1	specific	432205	456	540	9.80331e-06	44.2379	pfam11941	DUF3459	 - 	cl02706	No
Q#977 - WP_189558671.1	specific	235445	28	740	0.0	1245.83	PRK05402	PRK05402	 - 	cl38930	No
Q#978 - WP_125665530.1	specific	200471	20	491	0.0	779.148	cd11332	AmyAc_OligoGlu_TS	 - 	cl38930	No
Q#978 - WP_125665530.1	specific	432205	473	553	0.000233413	40.3859	pfam11941	DUF3459	 - 	cl02706	No
Q#979 - WP_189816045.1	specific	235445	22	733	0.0	1261.63	PRK05402	PRK05402	 - 	cl38930	No
Q#980 - WP_084992126.1	specific	235445	122	840	0.0	1297.07	PRK05402	PRK05402	 - 	cl38930	No
Q#981 - WP_014055450.1	specific	200471	2	461	0.0	707.116	cd11332	AmyAc_OligoGlu_TS	 - 	cl38930	No
Q#981 - WP_014055450.1	superfamily	445893	442	522	0.00246582	37.3043	cl02706	Malt_amylase_C superfamily	 - 	 - 	No
Q#982 - WP_125211384.1	specific	200471	12	474	0.0	705.96	cd11332	AmyAc_OligoGlu_TS	 - 	cl38930	No
Q#982 - WP_125211384.1	specific	432205	459	533	2.26051e-05	43.0823	pfam11941	DUF3459	 - 	cl02706	No
Q#983 - WP_184560614.1	specific	200471	22	503	0.0	767.978	cd11332	AmyAc_OligoGlu_TS	 - 	cl38930	No
Q#983 - WP_184560614.1	specific	432205	484	558	2.51391e-06	45.7787	pfam11941	DUF3459	 - 	cl02706	No
Q#984 - WP_073731929.1	superfamily	274113	23	794	0.0	885.592	cl30297	trehalose_TreY superfamily	 - 	 - 	No
Q#985 - WP_102914141.1	specific	441132	1	657	0.0	1112.84	COG1523	PulA	 - 	cl34294	No
Q#986 - WP_189296429.1	specific	441132	1	745	0.0	1255.36	COG1523	PulA	 - 	cl34294	No
Q#987 - WP_046419277.1	superfamily	274113	2	776	0.0	822.805	cl30297	trehalose_TreY superfamily	 - 	 - 	No
Q#988 - WP_198960324.1	specific	441132	36	743	0.0	1155.59	COG1523	PulA	 - 	cl34294	No
Q#989 - WP_323375143.1	specific	200471	12	477	0.0	679.382	cd11332	AmyAc_OligoGlu_TS	 - 	cl38930	No
Q#989 - WP_323375143.1	specific	432205	459	533	0.000578596	39.2303	pfam11941	DUF3459	 - 	cl02706	No
Q#990 - WP_182470851.1	specific	441132	56	771	0.0	1168.69	COG1523	PulA	 - 	cl34294	No
Q#991 - WP_030749581.1	specific	440065	8	598	0.0	525.473	COG0296	GlgB	 - 	cl43092	No
Q#992 - WP_128504114.1	specific	441132	21	748	0.0	1135.95	COG1523	PulA	 - 	cl34294	No
Q#993 - WP_142168129.1	superfamily	274113	11	782	0.0	905.623	cl30297	trehalose_TreY superfamily	 - 	 - 	No
Q#994 - WP_069744464.1	specific	274140	23	562	0.0	1027.38	TIGR02456	treS_nterm	 - 	cl37116	No
Q#995 - WP_031014096.1	superfamily	273974	884	1738	0.0	996.644	cl37055	pullul_strch superfamily	 - 	 - 	No
Q#995 - WP_031014096.1	specific	200478	27	487	5.81038e-146	453.248	cd11339	AmyAc_bac_CMD_like_2	 - 	cl38930	No
Q#995 - WP_031014096.1	specific	199215	779	872	1.46141e-29	113.966	cd10315	CBM41_pullulanase	 - 	cl47018	No
Q#995 - WP_031014096.1	specific	199215	685	770	8.9108e-18	80.0689	cd10315	CBM41_pullulanase	 - 	cl47018	No
Q#996 - WP_185010764.1	superfamily	274113	11	786	0.0	934.513	cl30297	trehalose_TreY superfamily	 - 	 - 	No
Q#997 - WP_184761477.1	superfamily	274113	11	795	0.0	913.327	cl30297	trehalose_TreY superfamily	 - 	 - 	No
Q#998 - WP_100455016.1	specific	235445	228	957	0.0	1271.64	PRK05402	PRK05402	 - 	cl38930	No
Q#998 - WP_100455016.1	superfamily	481241	5	212	5.51176e-05	47.1779	cl46901	PRK12323 superfamily	N	 - 	No
Q#999 - WP_098898449.1	specific	200471	11	472	0.0	737.162	cd11332	AmyAc_OligoGlu_TS	 - 	cl38930	No
Q#999 - WP_098898449.1	specific	432205	455	532	0.000107625	41.1563	pfam11941	DUF3459	 - 	cl02706	No
Q#1 - WP_308286545.1	superfamily	476817	10	228	2.1032e-128	370.837	cl38930	AmyAc_family superfamily	C	 - 	No
Q#2 - WP_181792791.1	superfamily	274140	21	566	0.0	917.217	cl37116	treS_nterm superfamily	 - 	 - 	No
Q#3 - WP_033304816.1	specific	200471	12	472	0.0	711.353	cd11332	AmyAc_OligoGlu_TS	 - 	cl38930	No
Q#3 - WP_033304816.1	superfamily	445893	456	540	0.000932353	38.4599	cl02706	Malt_amylase_C superfamily	 - 	 - 	No
Q#4 - WP_210960806.1	specific	274140	23	561	0.0	1024.69	TIGR02456	treS_nterm	 - 	cl37116	No
Q#5 - WP_030885604.1	specific	200482	195	556	0.0	669.696	cd11344	AmyAc_GlgE_like	 - 	cl38930	No
Q#5 - WP_030885604.1	specific	463388	3	190	1.49163e-71	229.358	pfam11896	GlgE_dom_N_S	 - 	cl13354	No
Q#5 - WP_030885604.1	superfamily	445893	564	640	6.17126e-05	41.7641	cl02706	Malt_amylase_C superfamily	 - 	 - 	No
Q#6 - WP_042162985.1	superfamily	274140	23	236	8.10683e-147	420.309	cl37116	treS_nterm superfamily	C	 - 	No
Q#7 - WP_102926029.1	specific	200482	195	556	0.0	661.992	cd11344	AmyAc_GlgE_like	 - 	cl38930	No
Q#7 - WP_102926029.1	specific	463388	3	190	1.92089e-77	245.151	pfam11896	GlgE_dom_N_S	 - 	cl13354	No
Q#7 - WP_102926029.1	superfamily	440065	526	598	0.00402845	40.5064	cl43092	GlgB superfamily	N	 - 	No
Q#8 - WP_093859439.1	specific	200471	28	501	0.0	809.579	cd11332	AmyAc_OligoGlu_TS	 - 	cl38930	No
Q#8 - WP_093859439.1	superfamily	445893	484	566	0.00730587	36.1487	cl02706	Malt_amylase_C superfamily	 - 	 - 	No
Q#9 - WP_069778758.1	specific	200471	6	486	0.0	786.852	cd11332	AmyAc_OligoGlu_TS	 - 	cl38930	No
Q#9 - WP_069778758.1	specific	432205	467	543	2.09165e-05	43.0823	pfam11941	DUF3459	 - 	cl02706	No
Q#10 - WP_020938143.1	specific	235445	21	732	0.0	1282.43	PRK05402	PRK05402	 - 	cl38930	No
Q#11 - WP_030762987.1	superfamily	274113	2	770	0.0	775.425	cl30297	trehalose_TreY superfamily	 - 	 - 	No
Q#12 - WP_030600068.1	specific	200471	12	492	0.0	784.156	cd11332	AmyAc_OligoGlu_TS	 - 	cl38930	No
Q#12 - WP_030600068.1	superfamily	445893	473	547	0.0021769	37.3043	cl02706	Malt_amylase_C superfamily	 - 	 - 	No
Q#13 - WP_150483694.1	specific	274114	2	543	0.0	826.592	TIGR02402	trehalose_TreZ	 - 	cl38930	No
Q#14 - WP_026151306.1	specific	441132	1	703	0.0	1257.29	COG1523	PulA	 - 	cl34294	No
Q#15 - WP_059253593.1	specific	274114	2	544	0.0	831.599	TIGR02402	trehalose_TreZ	 - 	cl38930	No
Q#16 - WP_033300176.1	specific	441132	1	716	0.0	1267.3	COG1523	PulA	 - 	cl34294	No
Q#17 - WP_069765616.1	specific	274140	23	562	0.0	1038.94	TIGR02456	treS_nterm	 - 	cl37116	No
Q#18 - WP_097249339.1	specific	274140	23	568	0.0	1032.39	TIGR02456	treS_nterm	 - 	cl37116	No
Q#19 - WP_030260514.1	superfamily	442511	28	818	0.0	830.993	cl30295	TreY superfamily	 - 	 - 	No
Q#20 - WP_159482410.1	specific	200456	13	354	3.1862900000000006e-176	495.545	cd11317	AmyAc_bac_euk_AmyA	 - 	cl38930	No
Q#20 - WP_159482410.1	specific	214749	360	436	1.09539e-28	107.709	smart00632	Aamy_C	 - 	cl02706	No
Q#21 - WP_133896552.1	specific	274114	2	545	0.0	757.256	TIGR02402	trehalose_TreZ	 - 	cl38930	No
Q#22 - WP_148023614.1(Warning: this sequence record may be obsolete or preliminary)	specific	235445	3	725	0.0	1244.68	PRK05402	PRK05402	 - 	cl38930	No
Q#23 - WP_142231444.1	superfamily	274113	11	796	0.0	887.518	cl30297	trehalose_TreY superfamily	 - 	 - 	No
Q#24 - WP_087791254.1	specific	200471	23	495	0.0	813.046	cd11332	AmyAc_OligoGlu_TS	 - 	cl38930	No
Q#24 - WP_087791254.1	specific	432205	477	557	9.57725e-06	44.2379	pfam11941	DUF3459	 - 	cl02706	No
Q#25 - WP_150246831.1	superfamily	442511	15	814	0.0	845.631	cl30295	TreY superfamily	 - 	 - 	No
Q#26 - WP_372461948.1	specific	235445	24	747	0.0	1244.29	PRK05402	PRK05402	 - 	cl38930	No
Q#27 - WP_069918214.1	specific	200472	15	482	0.0	737.344	cd11333	AmyAc_SI_OligoGlu_DGase	 - 	cl38930	No
Q#27 - WP_069918214.1	superfamily	445893	489	561	2.52763e-05	42.5345	cl02706	Malt_amylase_C superfamily	 - 	 - 	No
Q#28 - WP_260609577.1	superfamily	274140	1	175	3.4264599999999996e-116	339.417	cl37116	treS_nterm superfamily	NC	 - 	No
Q#29 - WP_234317775.1	specific	441132	13	724	0.0	1195.27	COG1523	PulA	 - 	cl34294	No
Q#30 - WP_185008633.1	specific	200471	22	503	0.0	768.748	cd11332	AmyAc_OligoGlu_TS	 - 	cl38930	No
Q#30 - WP_185008633.1	specific	432205	484	558	0.00012131	41.1563	pfam11941	DUF3459	 - 	cl02706	No
Q#31 - WP_103531787.1	specific	235445	1	696	0.0	1262.78	PRK05402	PRK05402	 - 	cl38930	No
Q#32 - WP_125656960.1	specific	200473	10	460	0.0	684.679	cd11334	AmyAc_TreS	 - 	cl38930	No
Q#32 - WP_125656960.1	specific	435493	470	548	7.18917e-09	52.5497	pfam16657	Malt_amylase_C	 - 	cl02706	No
Q#33 - WP_190199890.1	superfamily	274140	1	456	0.0	863.674	cl37116	treS_nterm superfamily	 - 	 - 	No
Q#34 - WP_194080517.1	specific	441132	1	703	0.0	1268.84	COG1523	PulA	 - 	cl34294	No
Q#35 - WP_072486007.1	specific	441132	1	719	0.0	1264.99	COG1523	PulA	 - 	cl34294	No
Q#36 - WP_209494477.1	specific	200471	20	491	0.0	809.964	cd11332	AmyAc_OligoGlu_TS	 - 	cl38930	No
Q#37 - WP_145825731.1	specific	235445	28	740	0.0	1259.7	PRK05402	PRK05402	 - 	cl38930	No
Q#38 - WP_053612094.1	specific	274140	23	562	0.0	1011.21	TIGR02456	treS_nterm	 - 	cl37116	No
Q#39 - WP_198960384.1	specific	200471	6	480	0.0	745.251	cd11332	AmyAc_OligoGlu_TS	 - 	cl38930	No
Q#39 - WP_198960384.1	specific	432205	461	537	0.00015514	40.7711	pfam11941	DUF3459	 - 	cl02706	No
Q#40 - WP_208030279.1	specific	274140	22	561	0.0	1029.31	TIGR02456	treS_nterm	 - 	cl37116	No
Q#41 - WP_010041718.1	specific	441132	46	750	0.0	1163.3	COG1523	PulA	 - 	cl34294	No
Q#42 - WP_077796688.1	specific	274140	23	562	0.0	1042.79	TIGR02456	treS_nterm	 - 	cl37116	No
Q#43 - WP_067439964.1	specific	274140	23	562	0.0	1042.79	TIGR02456	treS_nterm	 - 	cl37116	No
Q#44 - WP_148002902.1	specific	441132	1	704	0.0	1280.4	COG1523	PulA	 - 	cl34294	No
Q#45 - WP_037687340.1	specific	200471	13	464	0.0	682.078	cd11332	AmyAc_OligoGlu_TS	 - 	cl38930	No
Q#45 - WP_037687340.1	specific	432205	480	543	7.06269e-05	41.5415	pfam11941	DUF3459	 - 	cl02706	No
Q#46 - WP_030780615.1	specific	200471	14	495	0.0	767.978	cd11332	AmyAc_OligoGlu_TS	 - 	cl38930	No
Q#46 - WP_030780615.1	specific	432205	476	551	1.52156e-05	43.4675	pfam11941	DUF3459	 - 	cl02706	No
Q#47 - WP_194079903.1	specific	235445	104	827	0.0	1274.34	PRK05402	PRK05402	 - 	cl38930	No
Q#48 - WP_037911702.1	superfamily	476817	15	446	0.0	601.989	cl38930	AmyAc_family superfamily	 - 	 - 	No
Q#49 - WP_097214719.1	specific	441132	13	706	0.0	1317.76	COG1523	PulA	 - 	cl34294	No
Q#50 - WP_014048419.1	specific	200482	195	592	0.0	661.606	cd11344	AmyAc_GlgE_like	 - 	cl38930	No
Q#50 - WP_014048419.1	specific	463388	3	190	5.0229299999999994e-86	268.263	pfam11896	GlgE_dom_N_S	 - 	cl13354	No
Q#51 - WP_184556103.1	superfamily	274113	11	786	0.0	943.758	cl30297	trehalose_TreY superfamily	 - 	 - 	No
Q#52 - WP_093723518.1	specific	235445	23	733	0.0	1244.29	PRK05402	PRK05402	 - 	cl38930	No
Q#53 - WP_186581272.1	specific	200471	18	492	0.0	752.184	cd11332	AmyAc_OligoGlu_TS	 - 	cl38930	No
Q#53 - WP_186581272.1	superfamily	445893	473	549	0.00194373	37.6895	cl02706	Malt_amylase_C superfamily	 - 	 - 	No
Q#54 - WP_093766204.1	specific	274114	2	544	0.0	813.11	TIGR02402	trehalose_TreZ	 - 	cl38930	No
Q#55 - WP_033208042.1	specific	441132	1	704	0.0	1278.86	COG1523	PulA	 - 	cl34294	No
Q#56 - WP_323377079.1	specific	441132	38	746	0.0	1142.11	COG1523	PulA	 - 	cl34294	No
Q#57 - WP_007380246.1	specific	200485	2	393	0.0	595.757	cd11347	AmyAc_1	 - 	cl38930	No
Q#57 - WP_007380246.1	superfamily	445893	406	480	0.00342993	36.3713	cl02706	Malt_amylase_C superfamily	 - 	 - 	No
Q#58 - WP_126916562.1	specific	274114	3	534	0.0	760.337	TIGR02402	trehalose_TreZ	 - 	cl38930	No
Q#59 - WP_078909556.1	specific	200471	21	494	0.0	723.68	cd11332	AmyAc_OligoGlu_TS	 - 	cl38930	No
Q#59 - WP_078909556.1	superfamily	445893	477	543	0.00119257	38.0747	cl02706	Malt_amylase_C superfamily	 - 	 - 	No
Q#60 - WP_093720635.1	specific	441132	1	704	0.0	1273.47	COG1523	PulA	 - 	cl34294	No
Q#61 - WP_181797867.1	specific	441132	4	691	0.0	1152.51	COG1523	PulA	 - 	cl34294	No
Q#62 - WP_030414792.1	specific	200471	22	477	0.0	759.118	cd11332	AmyAc_OligoGlu_TS	 - 	cl38930	No
Q#62 - WP_030414792.1	superfamily	445893	458	537	0.00349184	36.9191	cl02706	Malt_amylase_C superfamily	 - 	 - 	No
Q#63 - WP_064457293.1	specific	200482	195	556	0.0	668.155	cd11344	AmyAc_GlgE_like	 - 	cl38930	No
Q#63 - WP_064457293.1	specific	463388	3	190	2.28104e-86	268.263	pfam11896	GlgE_dom_N_S	 - 	cl13354	No
Q#63 - WP_064457293.1	superfamily	445893	564	640	0.000144861	40.6085	cl02706	Malt_amylase_C superfamily	 - 	 - 	No
Q#64 - WP_125504898.1	specific	200482	207	578	0.0	649.28	cd11344	AmyAc_GlgE_like	 - 	cl38930	No
Q#64 - WP_125504898.1	specific	463388	16	202	3.04365e-73	234.365	pfam11896	GlgE_dom_N_S	 - 	cl13354	No
Q#64 - WP_125504898.1	superfamily	440065	566	616	7.27499e-05	45.8992	cl43092	GlgB superfamily	N	 - 	No
Q#65 - WP_184761816.1	specific	235445	32	738	0.0	1234.28	PRK05402	PRK05402	 - 	cl38930	No
Q#66 - WP_014055007.1	specific	274140	23	568	0.0	1025.07	TIGR02456	treS_nterm	 - 	cl37116	No
Q#67 - WP_031022616.1	specific	200471	12	460	0.0	699.027	cd11332	AmyAc_OligoGlu_TS	 - 	cl38930	No
Q#67 - WP_031022616.1	specific	432205	450	523	0.000303406	40.0007	pfam11941	DUF3459	 - 	cl02706	No
Q#68 - WP_096627634.1	specific	200471	23	512	0.0	801.49	cd11332	AmyAc_OligoGlu_TS	 - 	cl38930	No
Q#68 - WP_096627634.1	specific	432205	493	573	2.46728e-05	43.0823	pfam11941	DUF3459	 - 	cl02706	No
Q#69 - WP_058954092.1	specific	441132	59	760	0.0	1143.27	COG1523	PulA	 - 	cl34294	No
Q#70 - WP_208860980.1	specific	441132	32	741	0.0	1161.37	COG1523	PulA	 - 	cl34294	No
Q#71 - WP_055541528.1	specific	441132	1	591	0.0	1055.44	COG1523	PulA	 - 	cl34294	No
Q#72 - WP_053164525.1	specific	274114	3	557	0.0	717.965	TIGR02402	trehalose_TreZ	 - 	cl38930	No
Q#73 - WP_173310702.1	specific	200473	10	460	0.0	730.518	cd11334	AmyAc_TreS	 - 	cl38930	No
Q#73 - WP_173310702.1	specific	435493	470	548	1.28705e-11	60.2536	pfam16657	Malt_amylase_C	 - 	cl02706	No
Q#74 - WP_107455314.1	specific	200471	23	495	0.0	816.513	cd11332	AmyAc_OligoGlu_TS	 - 	cl38930	No
Q#74 - WP_107455314.1	specific	432205	477	552	0.000718852	38.8451	pfam11941	DUF3459	 - 	cl02706	No
Q#75 - WP_019889579.1	specific	235445	48	771	0.0	1243.14	PRK05402	PRK05402	 - 	cl38930	No
Q#76 - WP_044378513.1	specific	441132	12	707	0.0	1340.11	COG1523	PulA	 - 	cl34294	No
Q#77 - WP_088574199.1	specific	200471	23	495	0.0	811.12	cd11332	AmyAc_OligoGlu_TS	 - 	cl38930	No
Q#77 - WP_088574199.1	specific	432205	476	556	7.86318e-05	41.5415	pfam11941	DUF3459	 - 	cl02706	No
Q#78 - WP_184982507.1	specific	200471	18	492	0.0	748.718	cd11332	AmyAc_OligoGlu_TS	 - 	cl38930	No
Q#78 - WP_184982507.1	specific	432205	473	548	4.24209e-05	42.3119	pfam11941	DUF3459	 - 	cl02706	No
Q#79 - WP_217242776.1	specific	274140	22	561	0.0	1018.14	TIGR02456	treS_nterm	 - 	cl37116	No
Q#80 - WP_037756056.1	superfamily	442511	6	827	0.0	781.688	cl30295	TreY superfamily	 - 	 - 	No
Q#81 - WP_150260094.1	specific	200475	22	661	0.0	807.871	cd11336	AmyAc_MTSase	 - 	cl38930	No
Q#82 - WP_030412522.1	superfamily	442511	9	879	0.0	891.47	cl30295	TreY superfamily	 - 	 - 	No
Q#83 - WP_407698591.1	specific	235445	23	746	0.0	1274.72	PRK05402	PRK05402	 - 	cl38930	No
Q#84 - WP_159774236.1	specific	274114	2	544	0.0	815.421	TIGR02402	trehalose_TreZ	 - 	cl38930	No
Q#85 - WP_107099682.1	superfamily	476817	6	496	0.0	641.465	cl38930	AmyAc_family superfamily	C	 - 	No
Q#86 - WP_200681952.1	specific	441132	1	703	0.0	1260.75	COG1523	PulA	 - 	cl34294	No
Q#87 - WP_201815963.1	specific	200471	23	495	0.0	793.786	cd11332	AmyAc_OligoGlu_TS	 - 	cl38930	No
Q#87 - WP_201815963.1	specific	432205	477	557	9.68984e-06	44.2379	pfam11941	DUF3459	 - 	cl02706	No
Q#88 - WP_118082451.1	specific	235445	219	943	0.0	1275.88	PRK05402	PRK05402	 - 	cl38930	No
Q#88 - WP_118082451.1	superfamily	369339	93	173	0.0075889	38.6063	cl22465	HC2 superfamily	NC	 - 	No
Q#89 - WP_190197636.1	superfamily	274113	11	797	0.0	921.416	cl30297	trehalose_TreY superfamily	 - 	 - 	No
Q#90 - WP_193384508.1	superfamily	274113	11	785	0.0	864.792	cl30297	trehalose_TreY superfamily	 - 	 - 	No
Q#91 - WP_210913386.1	specific	441132	11	707	0.0	1321.23	COG1523	PulA	 - 	cl34294	No
Q#92 - WP_217209794.1	specific	235445	23	735	0.0	1241.6	PRK05402	PRK05402	 - 	cl38930	No
Q#93 - WP_005310314.1	superfamily	442511	1	782	0.0	894.166	cl30295	TreY superfamily	 - 	 - 	No
Q#94 - WP_164438088.1	specific	441132	13	477	0.0	969.158	COG1523	PulA	C	cl34294	No
Q#95 - WP_094373155.1	specific	274140	22	562	0.0	1034.7	TIGR02456	treS_nterm	 - 	cl37116	No
Q#96 - WP_190097820.1	specific	441132	1	710	0.0	1278.86	COG1523	PulA	 - 	cl34294	No
Q#97 - WP_046089995.1	specific	200471	25	497	0.0	784.926	cd11332	AmyAc_OligoGlu_TS	 - 	cl38930	No
Q#97 - WP_046089995.1	specific	432205	478	564	8.06306e-05	41.5415	pfam11941	DUF3459	 - 	cl02706	No
Q#98 - WP_030754481.1	superfamily	274140	1	181	4.7187100000000004e-120	349.818	cl37116	treS_nterm superfamily	C	 - 	No
Q#99 - WP_152371396.1	specific	200472	15	482	0.0	734.647	cd11333	AmyAc_SI_OligoGlu_DGase	 - 	cl38930	No
Q#99 - WP_152371396.1	specific	435493	489	561	1.00778e-09	54.8609	pfam16657	Malt_amylase_C	 - 	cl02706	No
Q#100 - WP_150244156.1	specific	200471	5	456	0.0	656.27	cd11332	AmyAc_OligoGlu_TS	 - 	cl38930	No
Q#100 - WP_150244156.1	superfamily	445893	440	524	0.00531939	36.1487	cl02706	Malt_amylase_C superfamily	 - 	 - 	No
Q#101 - WP_202199655.1	specific	200482	195	557	0.0	675.859	cd11344	AmyAc_GlgE_like	 - 	cl38930	No
Q#101 - WP_202199655.1	specific	463388	3	190	4.26085e-78	246.692	pfam11896	GlgE_dom_N_S	 - 	cl13354	No
Q#101 - WP_202199655.1	superfamily	440065	528	595	0.000528611	43.2028	cl43092	GlgB superfamily	N	 - 	No
Q#101 - WP_202199655.1	superfamily	445893	564	641	0.0092173	35.6009	cl02706	Malt_amylase_C superfamily	 - 	 - 	No
Q#102 - WP_093724670.1	superfamily	274140	23	381	0.0	707.283	cl37116	treS_nterm superfamily	C	 - 	No
Q#103 - WP_019434333.1	specific	200482	195	556	0.0	690.111	cd11344	AmyAc_GlgE_like	 - 	cl38930	No
Q#103 - WP_019434333.1	specific	463388	3	190	7.77973e-64	209.713	pfam11896	GlgE_dom_N_S	 - 	cl13354	No
Q#103 - WP_019434333.1	superfamily	440065	544	597	0.00151683	41.662	cl43092	GlgB superfamily	N	 - 	No
Q#103 - WP_019434333.1	superfamily	445893	563	639	0.00167956	37.5269	cl02706	Malt_amylase_C superfamily	 - 	 - 	No
Q#104 - WP_217239288.1	specific	235445	141	864	0.0	1269.72	PRK05402	PRK05402	 - 	cl38930	No
Q#105 - WP_150499738.1	specific	274140	23	562	0.0	1037.01	TIGR02456	treS_nterm	 - 	cl37116	No
Q#106 - WP_055552890.1	specific	274114	2	544	0.0	781.909	TIGR02402	trehalose_TreZ	 - 	cl38930	No
Q#107 - WP_030795232.1	specific	200472	15	490	0.0	777.405	cd11333	AmyAc_SI_OligoGlu_DGase	 - 	cl38930	No
Q#107 - WP_030795232.1	specific	432205	481	573	1.22549e-08	52.3271	pfam11941	DUF3459	 - 	cl02706	No
Q#108 - WP_189847153.1	specific	441132	21	708	0.0	1050.44	COG1523	PulA	 - 	cl34294	No
Q#109 - WP_014175648.1	superfamily	442511	13	826	0.0	868.743	cl30295	TreY superfamily	 - 	 - 	No
Q#110 - WP_030117987.1	specific	200471	23	495	0.0	815.742	cd11332	AmyAc_OligoGlu_TS	 - 	cl38930	No
Q#110 - WP_030117987.1	specific	432205	476	556	2.53297e-05	43.0823	pfam11941	DUF3459	 - 	cl02706	No
Q#111 - WP_010033304.1	specific	441132	13	706	0.0	1324.31	COG1523	PulA	 - 	cl34294	No
Q#112 - WP_150260096.1	specific	441132	1	702	0.0	1266.92	COG1523	PulA	 - 	cl34294	No
Q#113 - WP_030553666.1	specific	441132	22	729	0.0	1154.44	COG1523	PulA	 - 	cl34294	No
Q#114 - WP_030553641.1	specific	200482	195	558	0.0	677.785	cd11344	AmyAc_GlgE_like	 - 	cl38930	No
Q#114 - WP_030553641.1	specific	463388	2	190	4.3105e-70	225.891	pfam11896	GlgE_dom_N_S	 - 	cl13354	No
Q#114 - WP_030553641.1	superfamily	445893	566	642	4.2101e-05	42.1493	cl02706	Malt_amylase_C superfamily	 - 	 - 	No
Q#115 - WP_033275721.1	specific	200471	5	479	0.0	738.702	cd11332	AmyAc_OligoGlu_TS	 - 	cl38930	No
Q#115 - WP_033275721.1	specific	432205	460	535	0.000414385	39.6155	pfam11941	DUF3459	 - 	cl02706	No
Q#116 - WP_189740216.1	specific	200471	22	502	0.0	736.391	cd11332	AmyAc_OligoGlu_TS	 - 	cl38930	No
Q#116 - WP_189740216.1	specific	432205	483	558	0.000201584	40.3859	pfam11941	DUF3459	 - 	cl02706	No
Q#117 - WP_210961167.1	specific	441132	11	707	0.0	1310.83	COG1523	PulA	 - 	cl34294	No
Q#118 - WP_075971044.1	specific	235445	49	762	0.0	1288.21	PRK05402	PRK05402	 - 	cl38930	No
Q#119 - WP_037639246.1	superfamily	274113	24	790	0.0	812.405	cl30297	trehalose_TreY superfamily	 - 	 - 	No
Q#120 - WP_190008829.1	specific	274140	23	562	0.0	1035.86	TIGR02456	treS_nterm	 - 	cl37116	No
Q#121 - WP_209498507.1	specific	200471	11	474	0.0	705.575	cd11332	AmyAc_OligoGlu_TS	 - 	cl38930	No
Q#121 - WP_209498507.1	superfamily	445893	457	534	0.00174828	37.6895	cl02706	Malt_amylase_C superfamily	 - 	 - 	No
Q#122 - WP_153534738.1	specific	200471	24	496	0.0	795.712	cd11332	AmyAc_OligoGlu_TS	 - 	cl38930	No
Q#122 - WP_153534738.1	superfamily	445893	478	558	0.000874122	38.4599	cl02706	Malt_amylase_C superfamily	 - 	 - 	No
Q#123 - WP_074993327.1	specific	235445	18	735	0.0	1298.22	PRK05402	PRK05402	 - 	cl38930	No
Q#124 - WP_045951775.1	specific	274114	2	546	0.0	746.47	TIGR02402	trehalose_TreZ	 - 	cl38930	No
Q#125 - WP_123455469.1	specific	274140	24	563	0.0	1012.36	TIGR02456	treS_nterm	 - 	cl37116	No
Q#126 - WP_086871375.1	specific	235445	23	735	0.0	1241.21	PRK05402	PRK05402	 - 	cl38930	No
Q#127 - WP_159705159.1	specific	441132	37	741	0.0	1157.91	COG1523	PulA	 - 	cl34294	No
Q#128 - WP_127153543.1	specific	200471	14	493	0.0	750.644	cd11332	AmyAc_OligoGlu_TS	 - 	cl38930	No
Q#128 - WP_127153543.1	specific	432205	474	551	1.62034e-06	46.5491	pfam11941	DUF3459	 - 	cl02706	No
Q#129 - WP_097214723.1	specific	235445	23	732	0.0	1262.4	PRK05402	PRK05402	 - 	cl38930	No
Q#130 - WP_049717258.1	specific	274140	23	562	0.0	1029.7	TIGR02456	treS_nterm	 - 	cl37116	No
Q#131 - WP_051745615.1	specific	200471	28	504	0.0	719.828	cd11332	AmyAc_OligoGlu_TS	 - 	cl38930	No
Q#131 - WP_051745615.1	specific	432205	488	570	2.99437e-06	45.7787	pfam11941	DUF3459	 - 	cl02706	No
Q#132 - WP_169089309.1	specific	274114	3	545	0.0	764.189	TIGR02402	trehalose_TreZ	 - 	cl38930	No
Q#133 - WP_189739193.1	specific	235445	101	824	0.0	1269.33	PRK05402	PRK05402	 - 	cl38930	No
Q#134 - WP_041131817.1	specific	274114	3	545	0.0	801.554	TIGR02402	trehalose_TreZ	 - 	cl38930	No
Q#135 - WP_268248997.1	superfamily	274140	23	276	1.34725e-178	502.742	cl37116	treS_nterm superfamily	C	 - 	No
Q#136 - WP_043444882.1	specific	274114	2	544	0.0	816.577	TIGR02402	trehalose_TreZ	 - 	cl38930	No
Q#137 - WP_106415631.1	specific	274140	23	561	0.0	1033.55	TIGR02456	treS_nterm	 - 	cl37116	No
Q#138 - WP_079081983.1	specific	235445	324	1047	0.0	1281.66	PRK05402	PRK05402	 - 	cl38930	No
Q#138 - WP_079081983.1	superfamily	369339	88	241	0.000115973	44.3843	cl22465	HC2 superfamily	C	 - 	No
Q#139 - WP_164460527.1	specific	274114	2	544	0.0	842.0	TIGR02402	trehalose_TreZ	 - 	cl38930	No
Q#140 - WP_181792789.1	specific	235445	12	707	0.0	892.607	PRK05402	PRK05402	 - 	cl38930	No
Q#141 - WP_184961368.1	specific	235445	22	733	0.0	1258.93	PRK05402	PRK05402	 - 	cl38930	No
Q#142 - WP_042164195.1	superfamily	274113	17	795	0.0	895.222	cl30297	trehalose_TreY superfamily	 - 	 - 	No
Q#143 - WP_045948381.1	specific	235445	14	730	0.0	1269.33	PRK05402	PRK05402	 - 	cl38930	No
Q#144 - WP_086558886.1	specific	441132	13	706	0.0	1319.3	COG1523	PulA	 - 	cl34294	No
Q#145 - WP_055689161.1	specific	200471	21	480	0.0	695.945	cd11332	AmyAc_OligoGlu_TS	 - 	cl38930	No
Q#145 - WP_055689161.1	specific	432205	466	540	3.34266e-05	42.6971	pfam11941	DUF3459	 - 	cl02706	No
Q#146 - WP_169086660.1	specific	235445	12	737	0.0	1259.7	PRK05402	PRK05402	 - 	cl38930	No
Q#147 - WP_074993330.1	specific	274140	23	562	0.0	1035.09	TIGR02456	treS_nterm	 - 	cl37116	No
Q#148 - WP_037928031.1	specific	274140	23	562	0.0	1008.89	TIGR02456	treS_nterm	 - 	cl37116	No
Q#149 - WP_062152048.1	specific	274140	23	561	0.0	1016.98	TIGR02456	treS_nterm	 - 	cl37116	No
Q#150 - WP_164420981.1	superfamily	274113	11	780	0.0	913.712	cl30297	trehalose_TreY superfamily	 - 	 - 	No
Q#151 - WP_236647781.1	specific	441132	23	704	0.0	994.196	COG1523	PulA	 - 	cl34294	No
Q#152 - WP_030753216.1	specific	200471	11	476	0.0	712.509	cd11332	AmyAc_OligoGlu_TS	 - 	cl38930	No
Q#152 - WP_030753216.1	specific	432205	457	534	2.91064e-08	51.1715	pfam11941	DUF3459	 - 	cl02706	No
Q#153 - WP_043270774.1	specific	235445	7	730	0.0	1230.04	PRK05402	PRK05402	 - 	cl38930	No
Q#154 - WP_069758432.1	specific	235445	23	735	0.0	1247.76	PRK05402	PRK05402	 - 	cl38930	No
Q#155 - WP_425329378.1	specific	235445	22	745	0.0	1245.83	PRK05402	PRK05402	 - 	cl38930	No
Q#156 - WP_059083277.1	specific	200471	21	493	0.0	800.334	cd11332	AmyAc_OligoGlu_TS	 - 	cl38930	No
Q#156 - WP_059083277.1	specific	432205	475	555	1.76217e-06	46.1639	pfam11941	DUF3459	 - 	cl02706	No
Q#157 - WP_100453400.1	specific	200475	16	686	0.0	775.9	cd11336	AmyAc_MTSase	 - 	cl38930	No
Q#158 - WP_159536388.1	specific	441132	1	707	0.0	1292.73	COG1523	PulA	 - 	cl34294	No
Q#159 - WP_109166025.1	specific	200471	23	495	0.0	811.505	cd11332	AmyAc_OligoGlu_TS	 - 	cl38930	No
Q#159 - WP_109166025.1	specific	432205	476	556	4.29183e-05	42.3119	pfam11941	DUF3459	 - 	cl02706	No
Q#160 - WP_071380336.1	specific	441132	1	709	0.0	1280.01	COG1523	PulA	 - 	cl34294	No
Q#161 - WP_033021599.1	specific	200471	20	499	0.0	706.346	cd11332	AmyAc_OligoGlu_TS	 - 	cl38930	No
Q#161 - WP_033021599.1	superfamily	445893	480	556	0.00241872	37.3043	cl02706	Malt_amylase_C superfamily	 - 	 - 	No
Q#162 - WP_015578787.1	specific	200482	195	593	0.0	665.458	cd11344	AmyAc_GlgE_like	 - 	cl38930	No
Q#162 - WP_015578787.1	specific	463388	3	190	7.71988e-81	254.781	pfam11896	GlgE_dom_N_S	 - 	cl13354	No
Q#163 - WP_161361499.1	superfamily	476817	162	276	3.77893e-79	243.28	cl38930	AmyAc_family superfamily	C	 - 	No
Q#163 - WP_161361499.1	specific	463388	1	157	6.90647e-62	193.149	pfam11896	GlgE_dom_N_S	 - 	cl13354	No
Q#164 - WP_208035104.1	superfamily	274113	11	785	0.0	878.659	cl30297	trehalose_TreY superfamily	 - 	 - 	No
Q#165 - WP_004981863.1	specific	441132	1	708	0.0	1288.49	COG1523	PulA	 - 	cl34294	No
Q#166 - WP_030599639.1	specific	274114	3	590	0.0	771.508	TIGR02402	trehalose_TreZ	 - 	cl38930	No
Q#167 - WP_007385496.1	specific	441132	1	708	0.0	1288.49	COG1523	PulA	 - 	cl34294	No
Q#168 - WP_159480547.1	specific	200471	23	495	0.0	742.94	cd11332	AmyAc_OligoGlu_TS	 - 	cl38930	No
Q#168 - WP_159480547.1	superfamily	445893	476	555	0.00844589	35.7635	cl02706	Malt_amylase_C superfamily	 - 	 - 	No
Q#169 - WP_180990349.1	specific	235445	55	789	0.0	1239.67	PRK05402	PRK05402	 - 	cl38930	No
Q#170 - WP_051811323.1	specific	441132	46	770	0.0	1200.28	COG1523	PulA	 - 	cl34294	No
Q#171 - WP_128504098.1	specific	274140	23	568	0.0	1029.7	TIGR02456	treS_nterm	 - 	cl37116	No
Q#172 - WP_067441855.1	specific	441132	1	704	0.0	1266.15	COG1523	PulA	 - 	cl34294	No
Q#173 - WP_234333714.1	specific	441132	23	704	0.0	988.804	COG1523	PulA	 - 	cl34294	No
Q#174 - WP_079429836.1	specific	274140	23	562	0.0	1010.05	TIGR02456	treS_nterm	 - 	cl37116	No
Q#175 - WP_069759419.1	specific	200471	16	497	0.0	801.49	cd11332	AmyAc_OligoGlu_TS	 - 	cl38930	No
Q#176 - WP_188287516.1	specific	274114	2	544	0.0	818.888	TIGR02402	trehalose_TreZ	 - 	cl38930	No
Q#177 - WP_093769900.1	specific	441132	13	706	0.0	1331.63	COG1523	PulA	 - 	cl34294	No
Q#178 - WP_055599332.1	specific	200471	11	474	0.0	707.886	cd11332	AmyAc_OligoGlu_TS	 - 	cl38930	No
Q#178 - WP_055599332.1	specific	432205	457	534	0.000792497	38.8451	pfam11941	DUF3459	 - 	cl02706	No
Q#179 - WP_048458412.1	specific	200471	5	478	0.0	740.628	cd11332	AmyAc_OligoGlu_TS	 - 	cl38930	No
Q#179 - WP_048458412.1	specific	432205	459	535	6.15846e-06	44.6231	pfam11941	DUF3459	 - 	cl02706	No
Q#180 - WP_088800591.1	specific	200471	14	475	0.0	667.055	cd11332	AmyAc_OligoGlu_TS	 - 	cl38930	No
Q#180 - WP_088800591.1	superfamily	445893	504	551	0.00164953	37.6895	cl02706	Malt_amylase_C superfamily	N	 - 	No
Q#181 - WP_208680466.1	specific	200471	14	493	0.0	722.909	cd11332	AmyAc_OligoGlu_TS	 - 	cl38930	No
Q#181 - WP_208680466.1	specific	432205	474	551	0.000172438	40.7711	pfam11941	DUF3459	 - 	cl02706	No
Q#182 - WP_053848065.1	specific	200482	200	552	0.0	711.297	cd11344	AmyAc_GlgE_like	 - 	cl38930	No
Q#182 - WP_053848065.1	specific	463388	8	195	3.64225e-82	257.092	pfam11896	GlgE_dom_N_S	 - 	cl13354	No
Q#182 - WP_053848065.1	superfamily	445893	560	601	4.69117e-05	41.7641	cl02706	Malt_amylase_C superfamily	C	 - 	No
Q#183 - WP_107122884.1	specific	200456	15	356	4.4720400000000006e-176	495.16	cd11317	AmyAc_bac_euk_AmyA	 - 	cl38930	No
Q#183 - WP_107122884.1	specific	214749	362	436	1.4364800000000002e-26	101.931	smart00632	Aamy_C	 - 	cl02706	No
Q#184 - WP_030114908.1	specific	274114	2	544	0.0	809.258	TIGR02402	trehalose_TreZ	 - 	cl38930	No
Q#185 - WP_159507555.1	specific	441132	1	746	0.0	1250.35	COG1523	PulA	 - 	cl34294	No
Q#186 - WP_055574409.1	specific	235445	28	709	0.0	1216.17	PRK05402	PRK05402	 - 	cl38930	No
Q#187 - WP_121701102.1	specific	274114	2	544	0.0	840.074	TIGR02402	trehalose_TreZ	 - 	cl38930	No
Q#188 - WP_133896550.1	superfamily	476817	17	637	0.0	685.763	cl38930	AmyAc_family superfamily	 - 	 - 	No
Q#189 - WP_236579696.1	specific	200471	10	484	0.0	738.702	cd11332	AmyAc_OligoGlu_TS	 - 	cl38930	No
Q#189 - WP_236579696.1	specific	432205	465	541	4.41954e-05	42.3119	pfam11941	DUF3459	 - 	cl02706	No
Q#190 - WP_016824587.1	specific	235445	145	868	0.0	1292.06	PRK05402	PRK05402	 - 	cl38930	No
Q#191 - WP_053848062.1	specific	235445	23	735	0.0	1270.1	PRK05402	PRK05402	 - 	cl38930	No
Q#192 - WP_150499311.1	specific	441132	1	714	0.0	1257.29	COG1523	PulA	 - 	cl34294	No
Q#193 - WP_164389300.1(Warning: this sequence record may be obsolete or preliminary)	superfamily	476817	5	461	0.0	622.423	cl38930	AmyAc_family superfamily	 - 	 - 	No
Q#193 - WP_164389300.1(Warning: this sequence record may be obsolete or preliminary)	superfamily	445893	444	535	0.00379746	36.9191	cl02706	Malt_amylase_C superfamily	 - 	 - 	No
Q#194 - WP_210960808.1	specific	235445	28	737	0.0	1264.32	PRK05402	PRK05402	 - 	cl38930	No
Q#195 - WP_059302914.1	specific	441132	11	707	0.0	1318.53	COG1523	PulA	 - 	cl34294	No
Q#196 - WP_176985772.1	specific	200471	6	480	0.0	745.636	cd11332	AmyAc_OligoGlu_TS	 - 	cl38930	No
Q#196 - WP_176985772.1	specific	432205	461	537	0.000144888	40.7711	pfam11941	DUF3459	 - 	cl02706	No
Q#197 - WP_145866508.1	specific	441132	1	710	0.0	1284.25	COG1523	PulA	 - 	cl34294	No
Q#198 - WP_176142927.1	specific	200472	15	482	0.0	774.708	cd11333	AmyAc_SI_OligoGlu_DGase	 - 	cl38930	No
Q#198 - WP_176142927.1	specific	435493	489	561	6.88683e-08	49.8533	pfam16657	Malt_amylase_C	 - 	cl02706	No
Q#199 - WP_074993966.1	superfamily	274113	2	776	0.0	835.131	cl30297	trehalose_TreY superfamily	 - 	 - 	No
Q#200 - WP_189298910.1	specific	274114	2	544	0.0	820.814	TIGR02402	trehalose_TreZ	 - 	cl38930	No
Q#201 - WP_031181675.1	specific	274114	2	544	0.0	812.725	TIGR02402	trehalose_TreZ	 - 	cl38930	No
Q#202 - WP_104791621.1	superfamily	274113	3	791	0.0	870.185	cl30297	trehalose_TreY superfamily	 - 	 - 	No
Q#203 - WP_190224662.1	specific	200471	11	476	0.0	722.909	cd11332	AmyAc_OligoGlu_TS	 - 	cl38930	No
Q#203 - WP_190224662.1	specific	432205	457	534	1.06562e-07	49.6307	pfam11941	DUF3459	 - 	cl02706	No
Q#204 - WP_136230598.1	specific	200471	21	485	0.0	814.972	cd11332	AmyAc_OligoGlu_TS	 - 	cl38930	No
Q#204 - WP_136230598.1	specific	432205	467	548	7.838e-07	47.3195	pfam11941	DUF3459	 - 	cl02706	No
Q#205 - WP_159536381.1	specific	274114	2	544	0.0	801.939	TIGR02402	trehalose_TreZ	 - 	cl38930	No
Q#206 - WP_031150427.1	specific	235445	71	785	0.0	1271.26	PRK05402	PRK05402	 - 	cl38930	No
Q#207 - WP_031141583.1	specific	235445	23	732	0.0	1259.32	PRK05402	PRK05402	 - 	cl38930	No
Q#208 - WP_131589677.1	specific	200482	238	594	0.0	696.274	cd11344	AmyAc_GlgE_like	 - 	cl38930	No
Q#208 - WP_131589677.1	specific	463388	47	233	1.35162e-80	254.011	pfam11896	GlgE_dom_N_S	 - 	cl13354	No
Q#208 - WP_131589677.1	superfamily	445893	601	678	9.58625e-05	40.9937	cl02706	Malt_amylase_C superfamily	 - 	 - 	No
Q#209 - WP_078971376.1	specific	200471	32	511	0.0	724.065	cd11332	AmyAc_OligoGlu_TS	 - 	cl38930	No
Q#209 - WP_078971376.1	specific	432205	492	568	5.80619e-07	47.7047	pfam11941	DUF3459	 - 	cl02706	No
Q#210 - WP_186581873.1	superfamily	274113	11	785	0.0	841.295	cl30297	trehalose_TreY superfamily	 - 	 - 	No
Q#211 - WP_030562330.1	specific	441132	1	707	0.0	1276.93	COG1523	PulA	 - 	cl34294	No
Q#212 - WP_194080519.1	superfamily	274113	11	780	0.0	904.852	cl30297	trehalose_TreY superfamily	 - 	 - 	No
Q#213 - WP_129773594.1	specific	200471	13	475	0.0	707.116	cd11332	AmyAc_OligoGlu_TS	 - 	cl38930	No
Q#213 - WP_129773594.1	specific	432205	456	532	2.27435e-06	45.7787	pfam11941	DUF3459	 - 	cl02706	No
Q#214 - WP_053191377.1	specific	235445	24	736	0.0	1259.32	PRK05402	PRK05402	 - 	cl38930	No
Q#215 - WP_182470935.1	specific	235445	13	736	0.0	1245.83	PRK05402	PRK05402	 - 	cl38930	No
Q#216 - WP_033226024.1	specific	200471	19	468	0.0	754.496	cd11332	AmyAc_OligoGlu_TS	 - 	cl38930	No
Q#216 - WP_033226024.1	specific	432205	450	527	1.92395e-07	48.8603	pfam11941	DUF3459	 - 	cl02706	No
Q#217 - WP_053210487.1	specific	441132	1	730	0.0	1271.54	COG1523	PulA	 - 	cl34294	No
Q#218 - WP_072486788.1	specific	274140	23	562	0.0	1021.99	TIGR02456	treS_nterm	 - 	cl37116	No
Q#219 - WP_115745673.1	specific	441132	11	707	0.0	1323.16	COG1523	PulA	 - 	cl34294	No
Q#220 - WP_189997678.1	superfamily	274140	34	577	0.0	911.439	cl37116	treS_nterm superfamily	 - 	 - 	No
Q#221 - WP_200146610.1	specific	235445	40	766	0.0	1234.28	PRK05402	PRK05402	 - 	cl38930	No
Q#222 - WP_033226028.1	specific	200471	23	474	0.0	754.11	cd11332	AmyAc_OligoGlu_TS	 - 	cl38930	No
Q#222 - WP_033226028.1	superfamily	445893	456	559	0.000900116	38.4599	cl02706	Malt_amylase_C superfamily	 - 	 - 	No
Q#223 - WP_014176281.1	specific	274140	23	568	0.0	1019.29	TIGR02456	treS_nterm	 - 	cl37116	No
Q#224 - WP_164333040.1	specific	274140	22	562	0.0	1041.64	TIGR02456	treS_nterm	 - 	cl37116	No
Q#225 - WP_189296177.1	specific	441132	1	697	0.0	1333.94	COG1523	PulA	 - 	cl34294	No
Q#226 - WP_030618893.1	specific	200471	23	495	0.0	786.467	cd11332	AmyAc_OligoGlu_TS	 - 	cl38930	No
Q#226 - WP_030618893.1	specific	432205	477	557	5.341e-05	41.9267	pfam11941	DUF3459	 - 	cl02706	No
Q#227 - WP_014153989.1	specific	274140	23	562	0.0	1027.38	TIGR02456	treS_nterm	 - 	cl37116	No
Q#228 - WP_128978704.1	specific	200482	195	555	0.0	691.267	cd11344	AmyAc_GlgE_like	 - 	cl38930	No
Q#228 - WP_128978704.1	specific	463388	2	190	8.20478e-82	256.322	pfam11896	GlgE_dom_N_S	 - 	cl13354	No
Q#228 - WP_128978704.1	superfamily	445893	563	639	0.000110632	40.9937	cl02706	Malt_amylase_C superfamily	 - 	 - 	No
Q#229 - WP_198960479.1	superfamily	274113	11	785	0.0	857.088	cl30297	trehalose_TreY superfamily	 - 	 - 	No
Q#230 - WP_115504473.1	specific	200471	16	476	0.0	750.644	cd11332	AmyAc_OligoGlu_TS	 - 	cl38930	No
Q#230 - WP_115504473.1	superfamily	445893	492	553	0.00175942	37.6895	cl02706	Malt_amylase_C superfamily	N	 - 	No
Q#231 - WP_055575193.1	specific	200471	6	437	0.0	696.716	cd11332	AmyAc_OligoGlu_TS	 - 	cl38930	No
Q#232 - WP_030760754.1	specific	235445	12	737	0.0	1256.24	PRK05402	PRK05402	 - 	cl38930	No
Q#233 - WP_104789243.1	specific	274140	23	562	0.0	1028.15	TIGR02456	treS_nterm	 - 	cl37116	No
Q#234 - WP_093631003.1	specific	441132	1	696	0.0	1322.39	COG1523	PulA	 - 	cl34294	No
Q#235 - WP_199835631.1	specific	441132	17	710	0.0	1335.87	COG1523	PulA	 - 	cl34294	No
Q#236 - WP_030855097.1	specific	441132	40	747	0.0	1160.99	COG1523	PulA	 - 	cl34294	No
Q#237 - WP_189731236.1	specific	274140	22	562	0.0	1038.17	TIGR02456	treS_nterm	 - 	cl37116	No
Q#238 - WP_099969011.1	specific	235445	28	745	0.0	1277.81	PRK05402	PRK05402	 - 	cl38930	No
Q#239 - WP_123457550.1	superfamily	442511	3	772	0.0	819.052	cl30295	TreY superfamily	 - 	 - 	No
Q#240 - WP_073894332.1	specific	200482	200	556	0.0	701.667	cd11344	AmyAc_GlgE_like	 - 	cl38930	No
Q#240 - WP_073894332.1	specific	463388	8	195	1.15544e-81	255.937	pfam11896	GlgE_dom_N_S	 - 	cl13354	No
Q#240 - WP_073894332.1	superfamily	445893	564	629	3.0119e-05	42.5345	cl02706	Malt_amylase_C superfamily	 - 	 - 	No
Q#241 - WP_124274761.1	specific	274140	23	562	0.0	1027.0	TIGR02456	treS_nterm	 - 	cl37116	No
Q#242 - WP_215172174.1	specific	200471	12	460	0.0	730.613	cd11332	AmyAc_OligoGlu_TS	 - 	cl38930	No
Q#243 - WP_031144990.1	specific	441132	23	704	0.0	982.255	COG1523	PulA	 - 	cl34294	No
Q#244 - WP_020943318.1	specific	200471	12	467	0.0	691.708	cd11332	AmyAc_OligoGlu_TS	 - 	cl38930	No
Q#244 - WP_020943318.1	specific	432205	459	533	5.03464e-05	41.9267	pfam11941	DUF3459	 - 	cl02706	No
Q#245 - WP_190143131.1	specific	200471	36	515	0.0	736.776	cd11332	AmyAc_OligoGlu_TS	 - 	cl38930	No
Q#246 - WP_184992628.1	specific	200482	200	556	0.0	704.749	cd11344	AmyAc_GlgE_like	 - 	cl38930	No
Q#246 - WP_184992628.1	specific	463388	8	195	1.36979e-73	234.751	pfam11896	GlgE_dom_N_S	 - 	cl13354	No
Q#246 - WP_184992628.1	superfamily	445893	564	640	0.000168088	40.2233	cl02706	Malt_amylase_C superfamily	 - 	 - 	No
Q#247 - WP_251697400.1	superfamily	274140	23	305	0.0	554.359	cl37116	treS_nterm superfamily	C	 - 	No
Q#248 - WP_142169508.1	specific	200471	28	509	0.0	796.097	cd11332	AmyAc_OligoGlu_TS	 - 	cl38930	No
Q#248 - WP_142169508.1	specific	432205	490	564	0.000152123	40.7711	pfam11941	DUF3459	 - 	cl02706	No
Q#249 - WP_147875106.1	specific	441132	1	705	0.0	1282.71	COG1523	PulA	 - 	cl34294	No
Q#250 - WP_007500296.1	specific	441132	17	710	0.0	1318.15	COG1523	PulA	 - 	cl34294	No
Q#251 - WP_205023004.1	specific	200482	195	592	0.0	666.614	cd11344	AmyAc_GlgE_like	 - 	cl38930	No
Q#251 - WP_205023004.1	specific	463388	3	190	2.13853e-76	242.84	pfam11896	GlgE_dom_N_S	 - 	cl13354	No
Q#252 - WP_086564182.1	specific	200471	8	479	0.0	766.437	cd11332	AmyAc_OligoGlu_TS	 - 	cl38930	No
Q#252 - WP_086564182.1	specific	432205	460	536	6.85604e-05	41.5415	pfam11941	DUF3459	 - 	cl02706	No
Q#253 - WP_244258112.1	specific	235445	294	1017	0.0	1259.32	PRK05402	PRK05402	 - 	cl38930	No
Q#253 - WP_244258112.1	superfamily	236090	2	149	3.3128e-05	48.0585	cl35613	PRK07764 superfamily	N	 - 	No
Q#254 - WP_031144270.1	specific	441132	46	747	0.0	1149.05	COG1523	PulA	 - 	cl34294	No
Q#255 - WP_420790390.1	specific	235445	279	1000	0.0	1303.23	PRK05402	PRK05402	 - 	cl38930	No
Q#255 - WP_420790390.1	superfamily	369339	75	228	4.61351e-17	80.2078	cl22465	HC2 superfamily	 - 	 - 	No
Q#255 - WP_420790390.1	superfamily	215533	195	265	0.000801319	42.5189	cl33616	PLN02983 superfamily	NC	 - 	No
Q#256 - WP_030795448.1	specific	200471	22	485	0.0	810.35	cd11332	AmyAc_OligoGlu_TS	 - 	cl38930	No
Q#256 - WP_030795448.1	specific	432205	468	552	1.01544e-11	61.1867	pfam11941	DUF3459	 - 	cl02706	No
Q#257 - WP_150247377.1	specific	200482	195	556	0.0	681.637	cd11344	AmyAc_GlgE_like	 - 	cl38930	No
Q#257 - WP_150247377.1	specific	463388	3	190	6.18714e-74	235.906	pfam11896	GlgE_dom_N_S	 - 	cl13354	No
Q#257 - WP_150247377.1	superfamily	440065	544	598	0.00525542	40.1212	cl43092	GlgB superfamily	N	 - 	No
Q#258 - WP_030349056.1	specific	441132	37	745	0.0	1159.83	COG1523	PulA	 - 	cl34294	No
Q#259 - WP_057666527.1	specific	274114	2	544	0.0	813.495	TIGR02402	trehalose_TreZ	 - 	cl38930	No
Q#260 - WP_077796282.1	specific	200471	19	499	0.0	756.422	cd11332	AmyAc_OligoGlu_TS	 - 	cl38930	No
Q#260 - WP_077796282.1	specific	432205	480	554	6.38043e-05	41.9267	pfam11941	DUF3459	 - 	cl02706	No
Q#261 - WP_189742966.1	specific	441132	57	766	0.0	1154.44	COG1523	PulA	 - 	cl34294	No
Q#262 - WP_189296211.1	specific	441132	12	745	0.0	1152.9	COG1523	PulA	 - 	cl34294	No
Q#263 - WP_145829135.1	specific	200471	29	510	0.0	794.556	cd11332	AmyAc_OligoGlu_TS	 - 	cl38930	No
Q#263 - WP_145829135.1	specific	432205	491	565	3.22595e-05	42.6971	pfam11941	DUF3459	 - 	cl02706	No
Q#264 - WP_055537582.1	specific	200471	23	495	0.0	814.202	cd11332	AmyAc_OligoGlu_TS	 - 	cl38930	No
Q#264 - WP_055537582.1	specific	432205	477	557	1.16259e-06	46.9343	pfam11941	DUF3459	 - 	cl02706	No
Q#265 - WP_030681822.1	specific	441132	36	748	0.0	1164.84	COG1523	PulA	 - 	cl34294	No
Q#266 - WP_020867821.1	specific	441132	1	712	0.0	1276.16	COG1523	PulA	 - 	cl34294	No
Q#267 - WP_019890228.1	superfamily	442511	1	781	0.0	886.077	cl30295	TreY superfamily	 - 	 - 	No
Q#268 - WP_374935407.1	specific	200471	10	485	0.0	749.873	cd11332	AmyAc_OligoGlu_TS	 - 	cl38930	No
Q#268 - WP_374935407.1	specific	432205	466	545	2.35729e-06	45.7787	pfam11941	DUF3459	 - 	cl02706	No
Q#269 - WP_031043702.1	specific	200485	2	389	0.0	588.053	cd11347	AmyAc_1	 - 	cl38930	No
Q#270 - WP_159773221.1	specific	274140	22	568	0.0	1025.84	TIGR02456	treS_nterm	 - 	cl37116	No
Q#271 - WP_078643783.1	specific	274140	23	568	0.0	1029.7	TIGR02456	treS_nterm	 - 	cl37116	No
Q#272 - WP_147873775.1	specific	274140	23	568	0.0	1015.44	TIGR02456	treS_nterm	 - 	cl37116	No
Q#273 - WP_015578785.1	specific	235445	90	808	0.0	1286.67	PRK05402	PRK05402	 - 	cl38930	No
Q#274 - WP_020114037.1	specific	274140	23	568	0.0	1031.62	TIGR02456	treS_nterm	 - 	cl37116	No
Q#275 - WP_042154056.1	specific	200471	23	481	0.0	753.34	cd11332	AmyAc_OligoGlu_TS	 - 	cl38930	No
Q#275 - WP_042154056.1	specific	432205	462	541	0.000202759	40.3859	pfam11941	DUF3459	 - 	cl02706	No
Q#276 - WP_240679128.1	specific	235445	8	726	0.0	1272.41	PRK05402	PRK05402	 - 	cl38930	No
Q#277 - WP_189420436.1	specific	274140	23	561	0.0	1028.54	TIGR02456	treS_nterm	 - 	cl37116	No
Q#278 - WP_096626164.1	superfamily	442511	1	787	0.0	902.64	cl30295	TreY superfamily	 - 	 - 	No
Q#279 - WP_176144602.1	specific	441132	57	765	0.0	1159.06	COG1523	PulA	 - 	cl34294	No
Q#280 - WP_212671551.1	specific	200482	200	552	0.0	711.682	cd11344	AmyAc_GlgE_like	 - 	cl38930	No
Q#280 - WP_212671551.1	specific	463388	8	195	1.2256e-81	255.937	pfam11896	GlgE_dom_N_S	 - 	cl13354	No
Q#280 - WP_212671551.1	superfamily	445893	560	601	1.01663e-05	43.6901	cl02706	Malt_amylase_C superfamily	C	 - 	No
Q#281 - WP_030819881.1	specific	200471	29	510	0.0	790.319	cd11332	AmyAc_OligoGlu_TS	 - 	cl38930	No
Q#281 - WP_030819881.1	specific	432205	491	565	0.000164798	40.7711	pfam11941	DUF3459	 - 	cl02706	No
Q#282 - WP_150265912.1	specific	274140	23	568	0.0	1007.74	TIGR02456	treS_nterm	 - 	cl37116	No
Q#283 - WP_189747311.1	specific	274114	2	544	0.0	840.459	TIGR02402	trehalose_TreZ	 - 	cl38930	No
Q#284 - WP_079051533.1	specific	235445	181	905	0.0	1296.3	PRK05402	PRK05402	 - 	cl38930	No
Q#284 - WP_079051533.1	superfamily	369339	117	163	1.43571e-05	46.6955	cl22465	HC2 superfamily	NC	 - 	No
Q#285 - WP_136230602.1	specific	200471	23	534	0.0	728.302	cd11332	AmyAc_OligoGlu_TS	 - 	cl38930	No
Q#285 - WP_136230602.1	specific	432205	516	604	0.000115173	41.1563	pfam11941	DUF3459	 - 	cl02706	No
Q#286 - WP_039653389.1	specific	200482	242	598	0.0	683.948	cd11344	AmyAc_GlgE_like	 - 	cl38930	No
Q#286 - WP_039653389.1	specific	463388	51	237	4.27449e-80	252.855	pfam11896	GlgE_dom_N_S	 - 	cl13354	No
Q#286 - WP_039653389.1	superfamily	445893	606	682	6.97004e-06	44.4605	cl02706	Malt_amylase_C superfamily	 - 	 - 	No
Q#287 - WP_037809228.1	specific	200471	17	468	0.0	800.72	cd11332	AmyAc_OligoGlu_TS	 - 	cl38930	No
Q#287 - WP_037809228.1	specific	432205	450	550	2.28925e-06	45.7787	pfam11941	DUF3459	 - 	cl02706	No
Q#288 - WP_216719238.1	specific	274140	23	568	0.0	1025.46	TIGR02456	treS_nterm	 - 	cl37116	No
Q#289 - WP_374201177.1	specific	441132	41	752	0.0	1148.66	COG1523	PulA	 - 	cl34294	No
Q#290 - WP_019060064.1	specific	441132	20	705	0.0	1020.78	COG1523	PulA	 - 	cl34294	No
Q#291 - WP_208783969.1	superfamily	274113	11	780	0.0	874.422	cl30297	trehalose_TreY superfamily	 - 	 - 	No
Q#292 - WP_030319988.1	specific	200471	16	497	0.0	767.207	cd11332	AmyAc_OligoGlu_TS	 - 	cl38930	No
Q#292 - WP_030319988.1	specific	432205	478	552	0.000551325	39.2303	pfam11941	DUF3459	 - 	cl02706	No
Q#293 - WP_086721541.1	specific	235445	19	741	0.0	1249.3	PRK05402	PRK05402	 - 	cl38930	No
Q#294 - WP_174867290.1	specific	235445	29	755	0.0	1243.91	PRK05402	PRK05402	 - 	cl38930	No
Q#295 - WP_150245570.1	specific	441132	9	665	0.0	1090.88	COG1523	PulA	 - 	cl34294	No
Q#296 - WP_007502101.1	specific	235445	276	1000	0.0	1290.52	PRK05402	PRK05402	 - 	cl38930	No
Q#296 - WP_007502101.1	superfamily	369339	66	209	9.01047e-16	76.741	cl22465	HC2 superfamily	C	 - 	No
Q#297 - WP_055604298.1	superfamily	273974	875	1729	0.0	980.851	cl37055	pullul_strch superfamily	 - 	 - 	No
Q#297 - WP_055604298.1	specific	200478	15	478	7.40714e-145	450.167	cd11339	AmyAc_bac_CMD_like_2	 - 	cl38930	No
Q#297 - WP_055604298.1	specific	199215	770	863	5.60831e-30	115.122	cd10315	CBM41_pullulanase	 - 	cl47018	No
Q#297 - WP_055604298.1	specific	199215	675	761	5.67853e-17	77.7577	cd10315	CBM41_pullulanase	 - 	cl47018	No
Q#298 - WP_031131696.1	specific	200471	24	496	0.0	812.661	cd11332	AmyAc_OligoGlu_TS	 - 	cl38930	No
Q#298 - WP_031131696.1	specific	432205	478	558	0.000191574	40.3859	pfam11941	DUF3459	 - 	cl02706	No
Q#299 - WP_128431137.1	specific	274114	2	544	0.0	793.079	TIGR02402	trehalose_TreZ	 - 	cl38930	No
Q#300 - WP_171152683.1	specific	274140	22	562	0.0	1042.79	TIGR02456	treS_nterm	 - 	cl37116	No
Q#301 - WP_014175647.1	specific	441132	1	716	0.0	1274.24	COG1523	PulA	 - 	cl34294	No
Q#302 - WP_182470894.1	specific	200482	195	556	0.0	659.68	cd11344	AmyAc_GlgE_like	 - 	cl38930	No
Q#302 - WP_182470894.1	specific	463388	3	190	1.0031299999999998e-86	269.033	pfam11896	GlgE_dom_N_S	 - 	cl13354	No
Q#302 - WP_182470894.1	superfamily	445893	564	640	0.000783359	38.2973	cl02706	Malt_amylase_C superfamily	 - 	 - 	No
Q#303 - WP_053928446.1	specific	200471	23	495	0.0	802.646	cd11332	AmyAc_OligoGlu_TS	 - 	cl38930	No
Q#303 - WP_053928446.1	superfamily	445893	476	556	0.00669381	36.1487	cl02706	Malt_amylase_C superfamily	 - 	 - 	No
Q#304 - WP_093720580.1	specific	274114	2	544	0.0	825.436	TIGR02402	trehalose_TreZ	 - 	cl38930	No
Q#305 - WP_097220738.1	specific	274140	22	562	0.0	1042.79	TIGR02456	treS_nterm	 - 	cl37116	No
Q#306 - WP_200709086.1	specific	441132	19	704	0.0	1017.69	COG1523	PulA	 - 	cl34294	No
Q#307 - WP_125191212.1	specific	200471	6	461	0.0	681.693	cd11332	AmyAc_OligoGlu_TS	 - 	cl38930	No
Q#307 - WP_125191212.1	superfamily	445893	453	527	0.00131116	38.0747	cl02706	Malt_amylase_C superfamily	 - 	 - 	No
Q#308 - WP_121824863.1	specific	441132	56	771	0.0	1159.06	COG1523	PulA	 - 	cl34294	No
Q#309 - WP_210978233.1	specific	200471	2	451	0.0	692.864	cd11332	AmyAc_OligoGlu_TS	 - 	cl38930	No
Q#310 - WP_030412524.1	specific	441132	1	739	0.0	1266.92	COG1523	PulA	 - 	cl34294	No
Q#311 - WP_030802570.1	specific	441132	1	708	0.0	1298.89	COG1523	PulA	 - 	cl34294	No
Q#312 - WP_069760531.1	specific	200471	6	469	0.0	697.871	cd11332	AmyAc_OligoGlu_TS	 - 	cl38930	No
Q#312 - WP_069760531.1	specific	432205	451	525	6.63934e-05	41.9267	pfam11941	DUF3459	 - 	cl02706	No
Q#313 - WP_188293759.1	specific	235445	130	625	0.0	902.237	PRK05402	PRK05402	C	cl38930	No
Q#313 - WP_188293759.1	superfamily	369339	13	116	0.00176022	39.7619	cl22465	HC2 superfamily	C	 - 	No
Q#314 - WP_015036278.1	specific	235445	43	770	0.0	1272.41	PRK05402	PRK05402	 - 	cl38930	No
Q#315 - WP_042172311.1	specific	235445	28	738	0.0	1257.39	PRK05402	PRK05402	 - 	cl38930	No
Q#316 - WP_063728081.1	specific	441132	7	720	0.0	1130.94	COG1523	PulA	 - 	cl34294	No
Q#317 - WP_125660802.1	specific	200471	11	476	0.0	719.057	cd11332	AmyAc_OligoGlu_TS	 - 	cl38930	No
Q#317 - WP_125660802.1	specific	432205	457	534	5.89801e-05	41.9267	pfam11941	DUF3459	 - 	cl02706	No
Q#318 - WP_030276161.1	superfamily	442511	1	790	0.0	895.707	cl30295	TreY superfamily	 - 	 - 	No
Q#319 - WP_005474629.1	superfamily	476817	15	449	0.0	689.815	cl38930	AmyAc_family superfamily	 - 	 - 	No
Q#320 - WP_189397052.1	specific	441132	37	745	0.0	1171.77	COG1523	PulA	 - 	cl34294	No
Q#321 - WP_233288533.1	specific	441132	1	709	0.0	1316.61	COG1523	PulA	 - 	cl34294	No
Q#322 - WP_125667675.1	specific	200482	195	555	0.0	672.392	cd11344	AmyAc_GlgE_like	 - 	cl38930	No
Q#322 - WP_125667675.1	specific	463388	2	190	3.31596e-75	238.988	pfam11896	GlgE_dom_N_S	 - 	cl13354	No
Q#322 - WP_125667675.1	superfamily	445893	563	639	7.18565e-05	41.3789	cl02706	Malt_amylase_C superfamily	 - 	 - 	No
Q#323 - WP_015663022.1	specific	235445	23	732	0.0	1253.54	PRK05402	PRK05402	 - 	cl38930	No
Q#324 - WP_373301432.1	specific	200471	34	523	0.0	805.342	cd11332	AmyAc_OligoGlu_TS	 - 	cl38930	No
Q#325 - WP_189597876.1	specific	200471	29	510	0.0	792.245	cd11332	AmyAc_OligoGlu_TS	 - 	cl38930	No
Q#325 - WP_189597876.1	specific	432205	491	565	1.69082e-06	46.5491	pfam11941	DUF3459	 - 	cl02706	No
Q#326 - WP_185932735.1	specific	441132	17	710	0.0	1310.06	COG1523	PulA	 - 	cl34294	No
Q#327 - WP_115504720.1	specific	274114	2	544	0.0	827.362	TIGR02402	trehalose_TreZ	 - 	cl38930	No
Q#328 - WP_190197641.1	specific	274114	2	543	0.0	823.125	TIGR02402	trehalose_TreZ	 - 	cl38930	No
Q#329 - WP_189298052.1	specific	200471	25	476	0.0	796.482	cd11332	AmyAc_OligoGlu_TS	 - 	cl38930	No
Q#330 - WP_055601958.1	specific	274114	3	545	0.0	789.227	TIGR02402	trehalose_TreZ	 - 	cl38930	No
Q#331 - WP_055551762.1	specific	200482	200	561	0.0	674.703	cd11344	AmyAc_GlgE_like	 - 	cl38930	No
Q#331 - WP_055551762.1	specific	463388	11	195	2.74051e-72	231.669	pfam11896	GlgE_dom_N_S	 - 	cl13354	No
Q#332 - WP_030313629.1	specific	441132	1	706	0.0	1269.61	COG1523	PulA	 - 	cl34294	No
Q#333 - WP_145885321.1	specific	441132	1	708	0.0	1262.68	COG1523	PulA	 - 	cl34294	No
Q#334 - WP_012378981.1	specific	235445	74	792	0.0	1294.37	PRK05402	PRK05402	 - 	cl38930	No
Q#335 - WP_125058659.1	specific	441132	1	717	0.0	1208.37	COG1523	PulA	 - 	cl34294	No
Q#336 - WP_150231839.1	specific	441132	21	730	0.0	1124.39	COG1523	PulA	 - 	cl34294	No
Q#337 - WP_245689839.1	superfamily	476817	23	301	8.31753e-159	451.729	cl38930	AmyAc_family superfamily	C	 - 	No
Q#338 - WP_030019829.1	specific	200471	23	467	0.0	752.955	cd11332	AmyAc_OligoGlu_TS	 - 	cl38930	No
Q#338 - WP_030019829.1	specific	432205	448	533	5.47782e-09	53.4827	pfam11941	DUF3459	 - 	cl02706	No
Q#339 - WP_150245605.1	superfamily	476817	199	558	0.0	583.026	cl38930	AmyAc_family superfamily	 - 	 - 	No
Q#339 - WP_150245605.1	specific	463388	3	194	3.36518e-55	186.215	pfam11896	GlgE_dom_N_S	 - 	cl13354	No
Q#339 - WP_150245605.1	superfamily	440065	546	604	0.00138965	41.662	cl43092	GlgB superfamily	N	 - 	No
Q#340 - WP_086866810.1	specific	200471	16	476	0.0	722.909	cd11332	AmyAc_OligoGlu_TS	 - 	cl38930	No
Q#340 - WP_086866810.1	specific	432205	492	553	0.000583465	39.2303	pfam11941	DUF3459	N	cl02706	No
Q#341 - WP_215213778.1	superfamily	274113	11	779	0.0	891.756	cl30297	trehalose_TreY superfamily	 - 	 - 	No
Q#342 - WP_177239740.1	specific	441132	38	745	0.0	1143.65	COG1523	PulA	 - 	cl34294	No
Q#343 - WP_142231820.1	specific	200482	218	574	0.0	713.994	cd11344	AmyAc_GlgE_like	 - 	cl38930	No
Q#343 - WP_142231820.1	specific	463388	26	213	1.52318e-75	240.529	pfam11896	GlgE_dom_N_S	 - 	cl13354	No
Q#343 - WP_142231820.1	superfamily	440065	548	612	0.000511207	43.2028	cl43092	GlgB superfamily	N	 - 	No
Q#344 - WP_033270280.1	specific	200471	14	478	0.0	697.871	cd11332	AmyAc_OligoGlu_TS	 - 	cl38930	No
Q#345 - WP_055573952.1	specific	441132	13	706	0.0	1303.13	COG1523	PulA	 - 	cl34294	No
Q#346 - WP_189990208.1	superfamily	274113	11	785	0.0	894.837	cl30297	trehalose_TreY superfamily	 - 	 - 	No
Q#347 - WP_097214721.1	specific	274140	23	561	0.0	1021.61	TIGR02456	treS_nterm	 - 	cl37116	No
Q#348 - WP_159529529.1	specific	235445	28	738	0.0	1256.62	PRK05402	PRK05402	 - 	cl38930	No
Q#349 - WP_188287520.1	superfamily	274113	11	780	0.0	840.909	cl30297	trehalose_TreY superfamily	 - 	 - 	No
Q#350 - WP_210917708.1	specific	200471	23	495	0.0	814.202	cd11332	AmyAc_OligoGlu_TS	 - 	cl38930	No
Q#350 - WP_210917708.1	specific	432205	477	557	9.86194e-06	44.2379	pfam11941	DUF3459	 - 	cl02706	No
Q#351 - WP_030320443.1	specific	441132	21	733	0.0	1164.45	COG1523	PulA	 - 	cl34294	No
Q#352 - WP_181361559.1	specific	200471	18	492	0.0	745.636	cd11332	AmyAc_OligoGlu_TS	 - 	cl38930	No
Q#352 - WP_181361559.1	specific	432205	473	547	4.48121e-06	45.0083	pfam11941	DUF3459	 - 	cl02706	No
Q#353 - WP_031139507.1	specific	441132	13	706	0.0	1311.6	COG1523	PulA	 - 	cl34294	No
Q#354 - WP_126395182.1	specific	441132	36	747	0.0	1168.31	COG1523	PulA	 - 	cl34294	No
Q#355 - WP_150487577.1	specific	200482	195	591	0.0	671.622	cd11344	AmyAc_GlgE_like	 - 	cl38930	No
Q#355 - WP_150487577.1	specific	463388	3	190	1.6156e-72	232.825	pfam11896	GlgE_dom_N_S	 - 	cl13354	No
Q#355 - WP_150487577.1	superfamily	440065	562	629	0.00113803	42.0472	cl43092	GlgB superfamily	N	 - 	No
Q#355 - WP_150487577.1	superfamily	445893	604	675	0.00355902	36.7565	cl02706	Malt_amylase_C superfamily	 - 	 - 	No
Q#356 - WP_010034251.1	specific	441132	1	711	0.0	1283.1	COG1523	PulA	 - 	cl34294	No
Q#357 - WP_087789487.1	specific	441132	48	760	0.0	1125.55	COG1523	PulA	 - 	cl34294	No
Q#358 - WP_202199656.1	specific	274140	23	562	0.0	1007.74	TIGR02456	treS_nterm	 - 	cl37116	No
Q#359 - WP_208853401.1	superfamily	274140	18	563	0.0	861.363	cl37116	treS_nterm superfamily	 - 	 - 	No
Q#360 - WP_093479809.1	specific	200482	200	556	0.0	706.29	cd11344	AmyAc_GlgE_like	 - 	cl38930	No
Q#360 - WP_093479809.1	specific	463388	8	195	7.23872e-79	248.618	pfam11896	GlgE_dom_N_S	 - 	cl13354	No
Q#360 - WP_093479809.1	superfamily	445893	564	629	3.45501e-05	42.1493	cl02706	Malt_amylase_C superfamily	 - 	 - 	No
Q#361 - WP_072486800.1	specific	441132	29	737	0.0	1171.0	COG1523	PulA	 - 	cl34294	No
Q#362 - WP_103530102.1	specific	274140	23	562	0.0	1026.61	TIGR02456	treS_nterm	 - 	cl37116	No
Q#363 - WP_007495786.1	specific	441132	35	748	0.0	1156.37	COG1523	PulA	 - 	cl34294	No
Q#364 - WP_126275390.1	specific	200471	6	455	0.0	702.494	cd11332	AmyAc_OligoGlu_TS	 - 	cl38930	No
Q#365 - WP_197698840.1	specific	200471	10	474	0.0	731.769	cd11332	AmyAc_OligoGlu_TS	 - 	cl38930	No
Q#365 - WP_197698840.1	specific	432205	459	532	3.83016e-05	42.3119	pfam11941	DUF3459	 - 	cl02706	No
Q#366 - WP_179764335.1	specific	200471	12	474	0.0	697.486	cd11332	AmyAc_OligoGlu_TS	 - 	cl38930	No
Q#366 - WP_179764335.1	specific	432205	455	532	2.04278e-06	46.1639	pfam11941	DUF3459	 - 	cl02706	No
Q#367 - WP_030828413.1	specific	274114	2	544	0.0	805.021	TIGR02402	trehalose_TreZ	 - 	cl38930	No
Q#368 - WP_055541102.1	specific	441132	45	749	0.0	1167.15	COG1523	PulA	 - 	cl34294	No
Q#369 - WP_147877291.1	specific	200471	11	468	0.0	680.537	cd11332	AmyAc_OligoGlu_TS	 - 	cl38930	No
Q#369 - WP_147877291.1	superfamily	445893	458	542	0.00221548	37.3043	cl02706	Malt_amylase_C superfamily	 - 	 - 	No
Q#370 - WP_254398556.1	superfamily	274140	22	287	2.09323e-180	507.75	cl37116	treS_nterm superfamily	C	 - 	No
Q#371 - WP_150470659.1	specific	200471	27	499	0.0	813.046	cd11332	AmyAc_OligoGlu_TS	 - 	cl38930	No
Q#371 - WP_150470659.1	specific	432205	481	561	2.44023e-05	43.0823	pfam11941	DUF3459	 - 	cl02706	No
Q#372 - WP_171151753.1	specific	274114	2	544	0.0	811.569	TIGR02402	trehalose_TreZ	 - 	cl38930	No
Q#373 - WP_150474139.1	specific	235445	22	731	0.0	1228.5	PRK05402	PRK05402	 - 	cl38930	No
Q#374 - WP_045947711.1	specific	441132	49	758	0.0	1140.19	COG1523	PulA	 - 	cl34294	No
Q#375 - WP_268253503.1	superfamily	274140	1	203	1.0468e-133	385.256	cl37116	treS_nterm superfamily	C	 - 	No
Q#376 - WP_093629826.1	superfamily	274113	11	780	0.0	896.378	cl30297	trehalose_TreY superfamily	 - 	 - 	No
Q#377 - WP_190142086.1	specific	200482	195	556	0.0	674.318	cd11344	AmyAc_GlgE_like	 - 	cl38930	No
Q#377 - WP_190142086.1	specific	463388	3	190	3.5026800000000005e-76	241.684	pfam11896	GlgE_dom_N_S	 - 	cl13354	No
Q#377 - WP_190142086.1	superfamily	440065	527	598	0.00917674	39.3508	cl43092	GlgB superfamily	N	 - 	No
Q#378 - WP_215170927.1	specific	441132	43	748	0.0	1160.6	COG1523	PulA	 - 	cl34294	No
Q#379 - WP_133896830.1	specific	441132	53	762	0.0	1164.07	COG1523	PulA	 - 	cl34294	No
Q#380 - WP_078610897.1	specific	441132	14	754	0.0	1181.79	COG1523	PulA	 - 	cl34294	No
Q#381 - WP_030873002.1	superfamily	476817	23	204	3.52478e-108	317.199	cl38930	AmyAc_family superfamily	C	 - 	No
Q#382 - WP_071378208.1	specific	200471	12	466	0.0	694.019	cd11332	AmyAc_OligoGlu_TS	 - 	cl38930	No
Q#382 - WP_071378208.1	specific	432205	458	532	0.000337436	39.6155	pfam11941	DUF3459	 - 	cl02706	No
Q#383 - WP_148025897.1(Warning: this sequence record may be obsolete or preliminary)	specific	274140	23	561	0.0	1027.38	TIGR02456	treS_nterm	 - 	cl37116	No
Q#384 - WP_031146371.1	specific	274114	2	546	0.0	774.975	TIGR02402	trehalose_TreZ	 - 	cl38930	No
Q#385 - WP_020939315.1	specific	200471	6	480	0.0	736.006	cd11332	AmyAc_OligoGlu_TS	 - 	cl38930	No
Q#385 - WP_020939315.1	specific	432205	461	537	2.32422e-05	43.0823	pfam11941	DUF3459	 - 	cl02706	No
Q#386 - WP_181890250.1	specific	441132	17	710	0.0	1339.34	COG1523	PulA	 - 	cl34294	No
Q#387 - WP_098899320.1	specific	200482	195	566	0.0	670.081	cd11344	AmyAc_GlgE_like	 - 	cl38930	No
Q#387 - WP_098899320.1	specific	463388	3	190	4.31053e-79	249.388	pfam11896	GlgE_dom_N_S	 - 	cl13354	No
Q#387 - WP_098899320.1	superfamily	445893	573	650	0.00112946	37.9121	cl02706	Malt_amylase_C superfamily	 - 	 - 	No
Q#388 - WP_030369388.1	specific	441132	1	706	0.0	1266.15	COG1523	PulA	 - 	cl34294	No
Q#389 - WP_153542935.1	specific	235445	24	733	0.0	1227.73	PRK05402	PRK05402	 - 	cl38930	No
Q#390 - WP_055572277.1	specific	441132	49	759	0.0	1080.48	COG1523	PulA	 - 	cl34294	No
Q#391 - WP_123455999.1	specific	274114	3	545	0.0	803.865	TIGR02402	trehalose_TreZ	 - 	cl38930	No
Q#392 - WP_184820766.1	specific	274114	2	544	0.0	801.169	TIGR02402	trehalose_TreZ	 - 	cl38930	No
Q#393 - WP_043266753.1	specific	274114	3	535	0.0	728.751	TIGR02402	trehalose_TreZ	 - 	cl38930	No
Q#393 - WP_043266753.1	specific	432205	503	601	9.16613e-06	44.2379	pfam11941	DUF3459	 - 	cl02706	No
Q#394 - WP_162469589.1	specific	274114	2	544	0.0	810.413	TIGR02402	trehalose_TreZ	 - 	cl38930	No
Q#395 - WP_221211246.1	specific	200482	195	555	0.0	684.333	cd11344	AmyAc_GlgE_like	 - 	cl38930	No
Q#395 - WP_221211246.1	specific	463388	2	190	1.3378700000000001e-76	242.84	pfam11896	GlgE_dom_N_S	 - 	cl13354	No
Q#395 - WP_221211246.1	superfamily	445893	563	639	0.000129431	40.6085	cl02706	Malt_amylase_C superfamily	 - 	 - 	No
Q#396 - WP_194960321.1	specific	274114	3	520	0.0	732.988	TIGR02402	trehalose_TreZ	 - 	cl38930	No
Q#397 - WP_031019699.1	specific	200471	27	499	0.0	818.054	cd11332	AmyAc_OligoGlu_TS	 - 	cl38930	No
Q#397 - WP_031019699.1	specific	432205	482	561	1.98467e-06	46.1639	pfam11941	DUF3459	 - 	cl02706	No
Q#398 - WP_133896548.1	specific	441132	1	702	0.0	1263.07	COG1523	PulA	 - 	cl34294	No
Q#399 - WP_011030639.1	superfamily	274113	15	794	0.0	879.044	cl30297	trehalose_TreY superfamily	 - 	 - 	No
Q#400 - WP_115504716.1	superfamily	274113	11	780	0.0	895.993	cl30297	trehalose_TreY superfamily	 - 	 - 	No
Q#401 - WP_009313039.1	specific	235445	286	1009	0.0	1293.6	PRK05402	PRK05402	 - 	cl38930	No
Q#401 - WP_009313039.1	superfamily	481241	187	288	4.10278e-07	53.95	cl46901	PRK12323 superfamily	NC	 - 	No
Q#401 - WP_009313039.1	superfamily	465521	2	274	0.00259976	41.4839	cl39316	DUF5585 superfamily	C	 - 	No
Q#402 - WP_062030556.1	specific	235445	23	733	0.0	1267.41	PRK05402	PRK05402	 - 	cl38930	No
Q#403 - WP_123626295.1	specific	274140	23	562	0.0	1035.47	TIGR02456	treS_nterm	 - 	cl37116	No
Q#404 - WP_053922083.1	specific	200482	195	556	0.0	667.77	cd11344	AmyAc_GlgE_like	 - 	cl38930	No
Q#404 - WP_053922083.1	specific	463388	3	190	4.01094e-74	236.291	pfam11896	GlgE_dom_N_S	 - 	cl13354	No
Q#404 - WP_053922083.1	superfamily	440065	527	598	0.000193094	44.7436	cl43092	GlgB superfamily	N	 - 	No
Q#405 - WP_039631803.1	specific	274114	3	558	0.0	736.455	TIGR02402	trehalose_TreZ	 - 	cl38930	No
Q#406 - WP_189273206.1	specific	200482	195	576	0.0	669.696	cd11344	AmyAc_GlgE_like	 - 	cl38930	No
Q#406 - WP_189273206.1	specific	463388	3	190	8.1406e-77	243.61	pfam11896	GlgE_dom_N_S	 - 	cl13354	No
Q#406 - WP_189273206.1	superfamily	445893	583	660	0.00334523	36.7565	cl02706	Malt_amylase_C superfamily	 - 	 - 	No
Q#407 - WP_230426667.1	specific	200482	280	635	0.0	693.578	cd11344	AmyAc_GlgE_like	 - 	cl38930	No
Q#407 - WP_230426667.1	specific	463388	89	275	1.06514e-80	255.166	pfam11896	GlgE_dom_N_S	 - 	cl13354	No
Q#407 - WP_230426667.1	superfamily	282904	2	82	3.08869e-05	47.6036	cl37540	Herpes_BLLF1 superfamily	NC	 - 	No
Q#407 - WP_230426667.1	superfamily	445893	644	720	0.00145485	37.9121	cl02706	Malt_amylase_C superfamily	 - 	 - 	No
Q#408 - WP_228396159.1	specific	200482	210	581	0.0	666.999	cd11344	AmyAc_GlgE_like	 - 	cl38930	No
Q#408 - WP_228396159.1	specific	463388	15	205	5.80107e-72	230.899	pfam11896	GlgE_dom_N_S	 - 	cl13354	No
Q#408 - WP_228396159.1	superfamily	440065	569	632	0.00388878	40.5064	cl43092	GlgB superfamily	N	 - 	No
Q#409 - WP_086871374.1	specific	274140	23	561	0.0	1026.61	TIGR02456	treS_nterm	 - 	cl37116	No
Q#410 - WP_067426095.1	specific	235445	24	736	0.0	1270.49	PRK05402	PRK05402	 - 	cl38930	No
Q#411 - WP_015578796.1	specific	441132	32	741	0.0	1174.08	COG1523	PulA	 - 	cl34294	No
Q#412 - WP_229894550.1	specific	441132	14	708	0.0	1313.53	COG1523	PulA	 - 	cl34294	No
Q#413 - WP_042159525.1	superfamily	442511	9	819	0.0	860.654	cl30295	TreY superfamily	 - 	 - 	No
Q#414 - WP_004946447.1	specific	274140	23	562	0.0	1025.84	TIGR02456	treS_nterm	 - 	cl37116	No
Q#415 - WP_010039152.1	specific	200471	6	494	0.0	794.171	cd11332	AmyAc_OligoGlu_TS	 - 	cl38930	No
Q#415 - WP_010039152.1	specific	432205	475	551	6.596e-05	41.9267	pfam11941	DUF3459	 - 	cl02706	No
Q#416 - WP_053849688.1	specific	200471	21	488	0.0	797.253	cd11332	AmyAc_OligoGlu_TS	 - 	cl38930	No
Q#416 - WP_053849688.1	specific	432205	470	550	7.92545e-06	44.2379	pfam11941	DUF3459	 - 	cl02706	No
Q#417 - WP_087789498.1	specific	274140	23	568	0.0	1028.15	TIGR02456	treS_nterm	 - 	cl37116	No
Q#418 - WP_126896893.1	superfamily	274113	11	780	0.0	881.355	cl30297	trehalose_TreY superfamily	 - 	 - 	No
Q#419 - WP_150239520.1	specific	200471	22	473	0.0	758.348	cd11332	AmyAc_OligoGlu_TS	 - 	cl38930	No
Q#419 - WP_150239520.1	specific	432205	455	538	3.27073e-10	56.9495	pfam11941	DUF3459	 - 	cl02706	No
Q#420 - WP_031020393.1	specific	441132	1	703	0.0	1279.63	COG1523	PulA	 - 	cl34294	No
Q#421 - WP_071385205.1	specific	274140	23	561	0.0	1028.92	TIGR02456	treS_nterm	 - 	cl37116	No
Q#422 - WP_078615404.1	specific	235445	257	980	0.0	1300.15	PRK05402	PRK05402	 - 	cl38930	No
Q#423 - WP_030828380.1	specific	441132	1	710	0.0	1282.33	COG1523	PulA	 - 	cl34294	No
Q#424 - WP_129857709.1	specific	200482	199	561	0.0	655.058	cd11344	AmyAc_GlgE_like	 - 	cl38930	No
Q#424 - WP_129857709.1	specific	463388	6	194	2.65297e-68	220.883	pfam11896	GlgE_dom_N_S	 - 	cl13354	No
Q#424 - WP_129857709.1	superfamily	445893	568	645	9.92786e-05	40.9937	cl02706	Malt_amylase_C superfamily	 - 	 - 	No
Q#425 - WP_041820044.1	specific	200471	22	494	0.0	795.327	cd11332	AmyAc_OligoGlu_TS	 - 	cl38930	No
Q#425 - WP_041820044.1	specific	432205	476	556	6.15238e-07	47.7047	pfam11941	DUF3459	 - 	cl02706	No
Q#426 - WP_078958817.1	specific	235445	88	806	0.0	1281.27	PRK05402	PRK05402	 - 	cl38930	No
Q#427 - WP_037908258.1	superfamily	442511	18	888	0.0	819.052	cl30295	TreY superfamily	 - 	 - 	No
Q#428 - WP_010059337.1	specific	274114	2	544	0.0	813.11	TIGR02402	trehalose_TreZ	 - 	cl38930	No
Q#429 - WP_268250128.1	superfamily	274140	1	209	5.74548e-146	416.843	cl37116	treS_nterm superfamily	C	 - 	No
Q#430 - WP_190201903.1	specific	441132	13	706	0.0	1318.53	COG1523	PulA	 - 	cl34294	No
Q#431 - WP_007499461.1	specific	200471	22	494	0.0	815.357	cd11332	AmyAc_OligoGlu_TS	 - 	cl38930	No
Q#431 - WP_007499461.1	specific	432205	476	556	5.12701e-06	45.0083	pfam11941	DUF3459	 - 	cl02706	No
Q#432 - WP_128429583.1	specific	274140	23	561	0.0	1028.54	TIGR02456	treS_nterm	 - 	cl37116	No
Q#433 - WP_030754476.1	superfamily	274140	1	181	7.954270000000001e-119	346.351	cl37116	treS_nterm superfamily	C	 - 	No
Q#434 - WP_030869615.1	specific	441132	13	706	0.0	1317.38	COG1523	PulA	 - 	cl34294	No
Q#435 - WP_069763641.1	specific	274114	2	544	0.0	811.184	TIGR02402	trehalose_TreZ	 - 	cl38930	No
Q#436 - WP_073766917.1	specific	441132	10	665	0.0	1087.03	COG1523	PulA	 - 	cl34294	No
Q#437 - WP_164431962.1	specific	441132	4	690	0.0	1304.67	COG1523	PulA	 - 	cl34294	No
Q#438 - WP_003950951.1	specific	274140	22	569	0.0	1021.99	TIGR02456	treS_nterm	 - 	cl37116	No
Q#439 - WP_069918549.1	specific	441132	1	701	0.0	1272.7	COG1523	PulA	 - 	cl34294	No
Q#440 - WP_215215406.1	specific	235445	137	860	0.0	1286.67	PRK05402	PRK05402	 - 	cl38930	No
Q#441 - WP_055690345.1	specific	200478	330	867	1.5683899999999999e-117	363.112	cd11339	AmyAc_bac_CMD_like_2	 - 	cl38930	No
Q#441 - WP_055690345.1	specific	367491	116	220	3.38765e-37	134.921	pfam03423	CBM_25	 - 	cl23798	No
Q#441 - WP_055690345.1	specific	367491	26	111	1.6535799999999997e-20	87.1562	pfam03423	CBM_25	 - 	cl23798	No
Q#441 - WP_055690345.1	superfamily	476817	371	607	1.64601e-19	91.8751	cl38930	AmyAc_family superfamily	C	 - 	No
Q#441 - WP_055690345.1	specific	214495	225	299	1.57901e-05	44.1425	smart00060	FN3	 - 	cl21522	No
Q#442 - WP_240667483.1	specific	441132	19	732	0.0	1169.46	COG1523	PulA	 - 	cl34294	No
Q#443 - WP_088800143.1	specific	200482	195	556	0.0	666.999	cd11344	AmyAc_GlgE_like	 - 	cl38930	No
Q#443 - WP_088800143.1	specific	463388	3	190	6.6688e-82	256.707	pfam11896	GlgE_dom_N_S	 - 	cl13354	No
Q#443 - WP_088800143.1	superfamily	440065	527	598	0.00202815	41.2768	cl43092	GlgB superfamily	N	 - 	No
Q#444 - WP_142193037.1	specific	441132	38	756	0.0	1158.68	COG1523	PulA	 - 	cl34294	No
Q#445 - WP_194960434.1	specific	441132	54	776	0.0	1160.6	COG1523	PulA	 - 	cl34294	No
Q#446 - WP_242440954.1	specific	441132	1	784	0.0	1213.37	COG1523	PulA	 - 	cl34294	No
Q#447 - WP_215164762.1	specific	441132	1	700	0.0	1288.1	COG1523	PulA	 - 	cl34294	No
Q#448 - WP_053128903.1	specific	200471	5	479	0.0	744.095	cd11332	AmyAc_OligoGlu_TS	 - 	cl38930	No
Q#448 - WP_053128903.1	superfamily	445893	460	536	0.00150739	38.0747	cl02706	Malt_amylase_C superfamily	 - 	 - 	No
Q#449 - WP_246430841.1	specific	235445	7	728	0.0	1235.43	PRK05402	PRK05402	 - 	cl38930	No
Q#450 - WP_100453401.1	specific	441132	1	713	0.0	1258.06	COG1523	PulA	 - 	cl34294	No
Q#451 - WP_097221556.1	specific	441132	1	717	0.0	1263.84	COG1523	PulA	 - 	cl34294	No
Q#452 - WP_129266165.1	specific	274114	2	544	0.0	808.102	TIGR02402	trehalose_TreZ	 - 	cl38930	No
Q#453 - WP_410091589.1	specific	235445	42	768	0.0	1245.06	PRK05402	PRK05402	 - 	cl38930	No
Q#454 - WP_030351893.1	specific	200482	198	559	0.0	675.859	cd11344	AmyAc_GlgE_like	 - 	cl38930	No
Q#454 - WP_030351893.1	specific	463388	3	193	4.45013e-75	238.988	pfam11896	GlgE_dom_N_S	 - 	cl13354	No
Q#454 - WP_030351893.1	superfamily	445893	566	643	0.000140881	40.6085	cl02706	Malt_amylase_C superfamily	 - 	 - 	No
Q#455 - WP_189999366.1	specific	200471	12	477	0.0	687.086	cd11332	AmyAc_OligoGlu_TS	 - 	cl38930	No
Q#455 - WP_189999366.1	specific	432205	459	532	0.0001915	40.3859	pfam11941	DUF3459	 - 	cl02706	No
Q#456 - WP_069918212.1	specific	200473	10	460	0.0	720.888	cd11334	AmyAc_TreS	 - 	cl38930	No
Q#456 - WP_069918212.1	specific	435493	470	548	2.65106e-11	59.4832	pfam16657	Malt_amylase_C	 - 	cl02706	No
Q#457 - WP_164235122.1	specific	200471	10	473	0.0	698.642	cd11332	AmyAc_OligoGlu_TS	 - 	cl38930	No
Q#457 - WP_164235122.1	specific	432205	454	531	1.76371e-05	43.4675	pfam11941	DUF3459	 - 	cl02706	No
Q#458 - WP_150483114.1	specific	274140	22	562	0.0	1038.55	TIGR02456	treS_nterm	 - 	cl37116	No
Q#459 - WP_193433456.1	specific	441132	38	746	0.0	1140.96	COG1523	PulA	 - 	cl34294	No
Q#460 - WP_240510008.1	superfamily	274140	23	284	0.0	513.528	cl37116	treS_nterm superfamily	C	 - 	No
Q#461 - WP_055553232.1	specific	200471	11	474	0.0	709.042	cd11332	AmyAc_OligoGlu_TS	 - 	cl38930	No
Q#461 - WP_055553232.1	specific	432205	455	532	0.000583095	39.2303	pfam11941	DUF3459	 - 	cl02706	No
Q#462 - WP_020931396.1	superfamily	442511	9	838	0.0	875.291	cl30295	TreY superfamily	 - 	 - 	No
Q#463 - WP_136232666.1	specific	274140	23	562	0.0	1012.36	TIGR02456	treS_nterm	 - 	cl37116	No
Q#464 - WP_057665844.1	specific	200482	195	566	0.0	672.777	cd11344	AmyAc_GlgE_like	 - 	cl38930	No
Q#464 - WP_057665844.1	specific	463388	3	190	8.23357e-76	240.914	pfam11896	GlgE_dom_N_S	 - 	cl13354	No
Q#464 - WP_057665844.1	superfamily	445893	573	650	0.00032792	39.4529	cl02706	Malt_amylase_C superfamily	 - 	 - 	No
Q#465 - WP_062229646.1	specific	274140	23	562	0.0	1035.09	TIGR02456	treS_nterm	 - 	cl37116	No
Q#466 - WP_205083642.1	specific	274140	23	562	0.0	1028.92	TIGR02456	treS_nterm	 - 	cl37116	No
Q#467 - WP_130332466.1	specific	235445	64	787	0.0	1297.07	PRK05402	PRK05402	 - 	cl38930	No
Q#468 - WP_115744292.1	specific	200482	214	570	0.0	703.978	cd11344	AmyAc_GlgE_like	 - 	cl38930	No
Q#468 - WP_115744292.1	specific	463388	22	209	7.776279999999999e-86	267.107	pfam11896	GlgE_dom_N_S	 - 	cl13354	No
Q#468 - WP_115744292.1	superfamily	445893	577	654	0.00301374	36.7565	cl02706	Malt_amylase_C superfamily	 - 	 - 	No
Q#469 - WP_039657835.1	specific	235445	1	541	0.0	1036.67	PRK05402	PRK05402	N	cl38930	No
Q#470 - WP_015611444.1	specific	274140	23	562	0.0	1026.61	TIGR02456	treS_nterm	 - 	cl37116	No
Q#471 - WP_208776955.1	specific	235445	23	732	0.0	1263.55	PRK05402	PRK05402	 - 	cl38930	No
Q#472 - WP_030599618.1	specific	441132	1	735	0.0	1261.91	COG1523	PulA	 - 	cl34294	No
Q#473 - WP_210915603.1	specific	235445	28	738	0.0	1256.24	PRK05402	PRK05402	 - 	cl38930	No
Q#474 - WP_086867123.1	specific	200471	22	494	0.0	804.186	cd11332	AmyAc_OligoGlu_TS	 - 	cl38930	No
Q#474 - WP_086867123.1	specific	432205	487	556	0.000148925	40.7711	pfam11941	DUF3459	 - 	cl02706	No
Q#475 - WP_248844989.1	specific	235445	312	1036	0.0	1294.37	PRK05402	PRK05402	 - 	cl38930	No
Q#475 - WP_248844989.1	superfamily	369339	162	274	1.50302e-10	61.333	cl22465	HC2 superfamily	C	 - 	No
Q#476 - WP_031039521.1	specific	200471	21	501	0.0	798.023	cd11332	AmyAc_OligoGlu_TS	 - 	cl38930	No
Q#476 - WP_031039521.1	specific	432205	482	556	0.000346323	39.6155	pfam11941	DUF3459	 - 	cl02706	No
Q#477 - WP_201452497.1	specific	200471	23	495	0.0	812.661	cd11332	AmyAc_OligoGlu_TS	 - 	cl38930	No
Q#477 - WP_201452497.1	specific	432205	477	557	7.86785e-07	47.3195	pfam11941	DUF3459	 - 	cl02706	No
Q#478 - WP_151787466.1	specific	235445	23	735	0.0	1236.59	PRK05402	PRK05402	 - 	cl38930	No
Q#479 - WP_176956393.1	specific	235445	99	822	0.0	1248.92	PRK05402	PRK05402	 - 	cl38930	No
Q#480 - WP_215110823.1	specific	441132	1	707	0.0	1276.55	COG1523	PulA	 - 	cl34294	No
Q#481 - WP_164395961.1(Warning: this sequence record may be obsolete or preliminary)	specific	441132	1	687	0.0	1149.43	COG1523	PulA	 - 	cl34294	No
Q#482 - WP_126274462.1	specific	441132	32	744	0.0	1176.01	COG1523	PulA	 - 	cl34294	No
Q#483 - WP_018383441.1	specific	441132	27	740	0.0	1183.71	COG1523	PulA	 - 	cl34294	No
Q#484 - WP_136232667.1	specific	235445	45	762	0.0	1283.2	PRK05402	PRK05402	 - 	cl38930	No
Q#485 - WP_403422049.1	superfamily	274140	9	550	0.0	948.418	cl37116	treS_nterm superfamily	 - 	 - 	No
Q#486 - WP_114246744.1	specific	274140	23	562	0.0	1020.84	TIGR02456	treS_nterm	 - 	cl37116	No
Q#487 - WP_159536387.1	superfamily	274113	11	786	0.0	916.023	cl30297	trehalose_TreY superfamily	 - 	 - 	No
Q#488 - WP_141207014.1	specific	274140	23	562	0.0	1042.79	TIGR02456	treS_nterm	 - 	cl37116	No
Q#489 - WP_268253502.1	superfamily	274140	1	203	1.77591e-126	367.152	cl37116	treS_nterm superfamily	C	 - 	No
Q#490 - WP_062717608.1	specific	274140	23	562	0.0	1027.77	TIGR02456	treS_nterm	 - 	cl37116	No
Q#491 - WP_062719738.1	specific	274114	2	544	0.0	815.036	TIGR02402	trehalose_TreZ	 - 	cl38930	No
Q#492 - WP_030252401.1	specific	274114	3	553	0.0	787.301	TIGR02402	trehalose_TreZ	 - 	cl38930	No
Q#493 - WP_031005247.1	specific	441132	1	704	0.0	1296.58	COG1523	PulA	 - 	cl34294	No
Q#494 - WP_037927202.1	specific	200471	23	547	0.0	723.68	cd11332	AmyAc_OligoGlu_TS	 - 	cl38930	No
Q#494 - WP_037927202.1	specific	432205	529	617	6.88565e-05	41.9267	pfam11941	DUF3459	 - 	cl02706	No
Q#495 - WP_062145829.1	specific	200471	6	485	0.0	790.319	cd11332	AmyAc_OligoGlu_TS	 - 	cl38930	No
Q#495 - WP_062145829.1	specific	432205	469	545	2.09457e-07	48.8603	pfam11941	DUF3459	 - 	cl02706	No
Q#496 - WP_031154553.1	specific	441132	23	704	0.0	991.885	COG1523	PulA	 - 	cl34294	No
Q#497 - WP_244204552.1	specific	200471	30	511	0.0	769.518	cd11332	AmyAc_OligoGlu_TS	 - 	cl38930	No
Q#497 - WP_244204552.1	specific	432205	492	566	2.78704e-06	45.7787	pfam11941	DUF3459	 - 	cl02706	No
Q#498 - WP_069781274.1	specific	200471	24	491	0.0	786.467	cd11332	AmyAc_OligoGlu_TS	 - 	cl38930	No
Q#498 - WP_069781274.1	specific	432205	473	553	1.90093e-05	43.4675	pfam11941	DUF3459	 - 	cl02706	No
Q#499 - WP_016572104.1	specific	200471	21	494	0.0	729.843	cd11332	AmyAc_OligoGlu_TS	 - 	cl38930	No
Q#499 - WP_016572104.1	specific	432205	475	551	7.80177e-06	44.6231	pfam11941	DUF3459	 - 	cl02706	No
Q#500 - WP_201851086.1	specific	441132	63	778	0.0	1166.0	COG1523	PulA	 - 	cl34294	No
Q#501 - WP_121828728.1	specific	235445	49	773	0.0	1234.28	PRK05402	PRK05402	 - 	cl38930	No
Q#502 - WP_185940493.1	specific	200471	20	484	0.0	784.156	cd11332	AmyAc_OligoGlu_TS	 - 	cl38930	No
Q#502 - WP_185940493.1	specific	432205	465	544	6.43054e-06	44.6231	pfam11941	DUF3459	 - 	cl02706	No
Q#503 - WP_057666538.1	specific	441132	1	707	0.0	1284.64	COG1523	PulA	 - 	cl34294	No
Q#504 - WP_093724671.1	specific	200482	199	551	0.0	702.823	cd11344	AmyAc_GlgE_like	 - 	cl38930	No
Q#504 - WP_093724671.1	specific	463388	8	194	5.611279999999999e-78	246.307	pfam11896	GlgE_dom_N_S	 - 	cl13354	No
Q#504 - WP_093724671.1	superfamily	445893	559	600	5.29367e-05	41.7641	cl02706	Malt_amylase_C superfamily	C	 - 	No
Q#505 - WP_044384073.1	specific	200482	234	590	0.0	700.126	cd11344	AmyAc_GlgE_like	 - 	cl38930	No
Q#505 - WP_044384073.1	specific	463388	42	229	1.32981e-83	261.715	pfam11896	GlgE_dom_N_S	 - 	cl13354	No
Q#505 - WP_044384073.1	superfamily	445893	597	674	1.45057e-05	43.3049	cl02706	Malt_amylase_C superfamily	 - 	 - 	No
Q#506 - WP_107481278.1	specific	441132	10	708	0.0	1316.99	COG1523	PulA	 - 	cl34294	No
Q#507 - WP_073761851.1	specific	200471	34	486	0.0	754.496	cd11332	AmyAc_OligoGlu_TS	 - 	cl38930	No
Q#507 - WP_073761851.1	specific	432205	467	550	4.14682e-09	53.8679	pfam11941	DUF3459	 - 	cl02706	No
Q#508 - WP_073747562.1	specific	200471	23	512	0.0	802.646	cd11332	AmyAc_OligoGlu_TS	 - 	cl38930	No
Q#508 - WP_073747562.1	specific	432205	493	573	2.44331e-05	43.0823	pfam11941	DUF3459	 - 	cl02706	No
Q#509 - WP_053929275.1	specific	441132	1	715	0.0	1269.23	COG1523	PulA	 - 	cl34294	No
Q#510 - WP_031140005.1	specific	200471	6	477	0.0	727.917	cd11332	AmyAc_OligoGlu_TS	 - 	cl38930	No
Q#511 - WP_164427729.1	specific	441132	1	712	0.0	1276.16	COG1523	PulA	 - 	cl34294	No
Q#512 - WP_184972202.1	specific	200482	200	556	0.0	702.052	cd11344	AmyAc_GlgE_like	 - 	cl38930	No
Q#512 - WP_184972202.1	specific	463388	8	195	7.87815e-82	256.322	pfam11896	GlgE_dom_N_S	 - 	cl13354	No
Q#512 - WP_184972202.1	superfamily	445893	564	605	7.06832e-05	41.3789	cl02706	Malt_amylase_C superfamily	C	 - 	No
Q#513 - WP_115744826.1	specific	274114	2	544	0.0	841.229	TIGR02402	trehalose_TreZ	 - 	cl38930	No
Q#514 - WP_052410593.1	specific	200471	16	497	0.0	741.014	cd11332	AmyAc_OligoGlu_TS	 - 	cl38930	No
Q#515 - WP_189892345.1	specific	200471	22	507	0.0	751.414	cd11332	AmyAc_OligoGlu_TS	 - 	cl38930	No
Q#516 - WP_150259473.1	specific	235445	47	764	0.0	1270.49	PRK05402	PRK05402	 - 	cl38930	No
Q#517 - WP_016827564.1	specific	235445	28	738	0.0	1258.16	PRK05402	PRK05402	 - 	cl38930	No
Q#518 - WP_190903164.1	specific	274114	2	544	0.0	825.051	TIGR02402	trehalose_TreZ	 - 	cl38930	No
Q#519 - WP_062143513.1	specific	200471	22	494	0.0	822.291	cd11332	AmyAc_OligoGlu_TS	 - 	cl38930	No
Q#519 - WP_062143513.1	specific	432205	476	556	5.47237e-07	47.7047	pfam11941	DUF3459	 - 	cl02706	No
Q#520 - WP_031043063.1	specific	441132	1	728	0.0	1252.28	COG1523	PulA	 - 	cl34294	No
Q#521 - WP_189296434.1	superfamily	442511	9	838	0.0	862.194	cl30295	TreY superfamily	 - 	 - 	No
Q#522 - WP_030873028.1	superfamily	476817	23	194	9.33367e-97	287.923	cl38930	AmyAc_family superfamily	C	 - 	No
Q#523 - WP_026085282.1	specific	200471	5	479	0.0	751.799	cd11332	AmyAc_OligoGlu_TS	 - 	cl38930	No
Q#523 - WP_026085282.1	specific	432205	460	536	2.88639e-05	42.6971	pfam11941	DUF3459	 - 	cl02706	No
Q#524 - WP_150505520.1	specific	235445	23	737	0.0	1250.84	PRK05402	PRK05402	 - 	cl38930	No
Q#525 - WP_184556099.1	specific	441132	1	708	0.0	1271.15	COG1523	PulA	 - 	cl34294	No
Q#526 - WP_071379027.1	specific	200471	7	487	0.0	795.712	cd11332	AmyAc_OligoGlu_TS	 - 	cl38930	No
Q#526 - WP_071379027.1	specific	432205	468	544	2.44618e-06	45.7787	pfam11941	DUF3459	 - 	cl02706	No
Q#527 - WP_127150554.1	specific	200471	23	481	0.0	749.488	cd11332	AmyAc_OligoGlu_TS	 - 	cl38930	No
Q#527 - WP_127150554.1	specific	432205	462	541	5.21697e-05	41.9267	pfam11941	DUF3459	 - 	cl02706	No
Q#528 - WP_031181678.1	superfamily	274113	2	772	0.0	887.133	cl30297	trehalose_TreY superfamily	 - 	 - 	No
Q#529 - WP_184970659.1	specific	441132	37	745	0.0	1130.17	COG1523	PulA	 - 	cl34294	No
Q#530 - WP_030256897.1	specific	200471	11	462	0.0	757.192	cd11332	AmyAc_OligoGlu_TS	 - 	cl38930	No
Q#530 - WP_030256897.1	specific	432205	444	529	5.24383e-05	41.9267	pfam11941	DUF3459	 - 	cl02706	No
Q#531 - WP_212670391.1	specific	200471	5	460	0.0	678.997	cd11332	AmyAc_OligoGlu_TS	 - 	cl38930	No
Q#531 - WP_212670391.1	specific	432205	452	526	0.000164996	40.7711	pfam11941	DUF3459	 - 	cl02706	No
